[0m11:04:33.007491 [debug] [MainThread]: Sending event: {'category': 'dbt', 'action': 'invocation', 'label': 'start', 'context': [<snowplow_tracker.self_describing_json.SelfDescribingJson object at 0x0000022CB2B25D30>, <snowplow_tracker.self_describing_json.SelfDescribingJson object at 0x0000022CB06CCB90>, <snowplow_tracker.self_describing_json.SelfDescribingJson object at 0x0000022CB5473890>]}


============================== 11:04:33.010901 | 8aab5422-294d-4f35-a52b-c5dba7826c0e ==============================
[0m11:04:33.010901 [info ] [MainThread]: Running with dbt=1.12.5
[0m11:04:33.011446 [debug] [MainThread]: running dbt with arguments {'version_check': 'True', 'no_print': 'None', 'static_parser': 'True', 'target_path': 'None', 'maximum_seed_size_mib': '1', 'warn_error_options': 'WarnErrorOptionsV2(error=[], warn=[], silence=[])', 'printer_width': '80', 'write_json': 'True', 'introspect': 'True', 'log_cache_events': 'False', 'empty': 'None', 'cache_selected_only': 'False', 'fail_fast': 'False', 'debug': 'False', 'log_format': 'default', 'partial_parse': 'True', 'send_anonymous_usage_stats': 'True', 'quiet': 'False', 'warn_error': 'None', 'profiles_dir': 'C:\\Users\\nicjc\\.dbt', 'use_colors': 'True', 'hints_enabled': 'True', 'indirect_selection': 'eager', 'use_experimental_parser': 'False', 'invocation_command': 'dbt debug --profile sqlserver_profile', 'log_path': 'logs'}
[0m11:04:33.028825 [info ] [MainThread]: dbt version: 1.12.5
[0m11:04:33.029213 [info ] [MainThread]: python version: 3.14.5
[0m11:04:33.029564 [info ] [MainThread]: python path: C:\envs\dbt_sqlserver\Scripts\python.exe
[0m11:04:33.029895 [info ] [MainThread]: os info: Windows-11-10.0.26200-SP0
[0m11:04:33.131981 [info ] [MainThread]: Using profiles dir at C:\Users\nicjc\.dbt
[0m11:04:33.133050 [info ] [MainThread]: Using profiles.yml file at C:\Users\nicjc\.dbt\profiles.yml
[0m11:04:33.133484 [info ] [MainThread]: Using dbt_project.yml file at C:\Users\nicjc\my_dbt_project\dbt_project.yml
[0m11:04:33.133911 [info ] [MainThread]: adapter type: sqlserver
[0m11:04:33.134346 [info ] [MainThread]: adapter version: 1.12.0
[0m11:04:33.134862 [info ] [MainThread]: Configuration:
[0m11:04:33.135422 [info ] [MainThread]:   profiles.yml file [[32mOK found and valid[0m]
[0m11:04:33.135942 [info ] [MainThread]:   dbt_project.yml file [[31mERROR not found[0m]
[0m11:04:33.136232 [info ] [MainThread]: Required dependencies:
[0m11:04:33.136519 [debug] [MainThread]: Executing "git --help"
[0m11:04:33.169113 [debug] [MainThread]: STDOUT: "b"usage: git [-v | --version] [-h | --help] [-C <path>] [-c <name>=<value>]\n           [--exec-path[=<path>]] [--html-path] [--man-path] [--info-path]\n           [-p | --paginate | -P | --no-pager] [--no-replace-objects] [--no-lazy-fetch]\n           [--no-optional-locks] [--no-advice] [--bare] [--git-dir=<path>]\n           [--work-tree=<path>] [--namespace=<name>] [--config-env=<name>=<envvar>]\n           <command> [<args>]\n\nThese are common Git commands used in various situations:\n\nstart a working area (see also: git help tutorial)\n   clone      Clone a repository into a new directory\n   init       Create an empty Git repository or reinitialize an existing one\n\nwork on the current change (see also: git help everyday)\n   add        Add file contents to the index\n   mv         Move or rename a file, a directory, or a symlink\n   restore    Restore working tree files\n   rm         Remove files from the working tree and from the index\n\nexamine the history and state (see also: git help revisions)\n   bisect     Use binary search to find the commit that introduced a bug\n   diff       Show changes between commits, commit and working tree, etc\n   grep       Print lines matching a pattern\n   log        Show commit logs\n   show       Show various types of objects\n   status     Show the working tree status\n\ngrow, mark and tweak your common history\n   backfill   Download missing objects in a partial clone\n   branch     List, create, or delete branches\n   commit     Record changes to the repository\n   history    EXPERIMENTAL: Rewrite history\n   merge      Join two or more development histories together\n   rebase     Reapply commits on top of another base tip\n   reset      Set `HEAD` or the index to a known state\n   switch     Switch branches\n   tag        Create, list, delete or verify tags\n\ncollaborate (see also: git help workflows)\n   fetch      Download objects and refs from another repository\n   pull       Fetch from and integrate with another repository or a local branch\n   push       Update remote refs along with associated objects\n\n'git help -a' and 'git help -g' list available subcommands and some\nconcept guides. See 'git help <command>' or 'git help <concept>'\nto read about a specific subcommand or concept.\nSee 'git help git' for an overview of the system.\n""
[0m11:04:33.169649 [debug] [MainThread]: STDERR: "b''"
[0m11:04:33.170002 [info ] [MainThread]:  - git [[32mOK found[0m]

[0m11:04:33.170334 [info ] [MainThread]: Connection:
[0m11:04:33.170704 [info ] [MainThread]:   driver: ODBC Driver 18 for SQL Server
[0m11:04:33.171072 [info ] [MainThread]:   server: localhost
[0m11:04:33.171410 [info ] [MainThread]:   port: 1433
[0m11:04:33.171709 [info ] [MainThread]:   database: YourDatabase
[0m11:04:33.171971 [info ] [MainThread]:   schema: dbo
[0m11:04:33.172292 [info ] [MainThread]:   UID: YourUser
[0m11:04:33.172635 [info ] [MainThread]:   authentication: sql
[0m11:04:33.172976 [info ] [MainThread]:   windows_login: False
[0m11:04:33.173377 [info ] [MainThread]:   retries: 3
[0m11:04:33.173752 [info ] [MainThread]:   login_timeout: 0
[0m11:04:33.174050 [info ] [MainThread]:   query_timeout: 0
[0m11:04:33.174341 [info ] [MainThread]:   trace_flag: False
[0m11:04:33.174631 [info ] [MainThread]:   encrypt: True
[0m11:04:33.174883 [info ] [MainThread]:   trust_cert: False
[0m11:04:33.175133 [info ] [MainThread]:   backend: pyodbc
[0m11:04:33.175383 [info ] [MainThread]:   xact_abort: True
[0m11:04:33.175807 [info ] [MainThread]: Registered adapter: sqlserver=1.12.0
[0m11:04:33.399643 [debug] [MainThread]: Acquiring new sqlserver connection 'debug'
[0m11:04:33.399996 [debug] [MainThread]: Using sqlserver connection "debug"
[0m11:04:33.400229 [debug] [MainThread]: On debug: select 1 as id
[0m11:04:33.400439 [debug] [MainThread]: Opening a new connection, currently in state init
[0m11:04:33.403676 [debug] [MainThread]: sqlserver adapter: Using connection string: DRIVER={ODBC Driver 18 for SQL Server};SERVER=localhost,1433;Database=YourDatabase;UID=***;PWD=***;encrypt=Yes;TrustServerCertificate=No;APP=dbt-sqlserver/1.12.0;Pooling=true;SQL_ATTR_TRACE=SQL_OPT_TRACE_OFF;ConnectRetryCount=3;ConnectRetryInterval=10
[0m11:04:33.426682 [debug] [MainThread]: sqlserver adapter: Got a retryable error when attempting to open a sqlserver connection.
3 attempts remaining. Retrying in 1 seconds.
Error:
('08001', '[08001] [Microsoft][ODBC Driver 18 for SQL Server]SSL Provider: The certificate chain was issued by an authority that is not trusted.\r\n (-2146893019) (SQLDriverConnect); [08001] [Microsoft][ODBC Driver 18 for SQL Server]Invalid connection string attribute (0); [08001] [Microsoft][ODBC Driver 18 for SQL Server]Client unable to establish connection. For solutions related to encryption errors, see https://go.microsoft.com/fwlink/?linkid=2226722 (-2146893019)')
[0m11:04:34.427437 [debug] [MainThread]: sqlserver adapter: Using connection string: DRIVER={ODBC Driver 18 for SQL Server};SERVER=localhost,1433;Database=YourDatabase;UID=***;PWD=***;encrypt=Yes;TrustServerCertificate=No;APP=dbt-sqlserver/1.12.0;Pooling=true;SQL_ATTR_TRACE=SQL_OPT_TRACE_OFF;ConnectRetryCount=3;ConnectRetryInterval=10
[0m11:04:34.436791 [debug] [MainThread]: sqlserver adapter: Got a retryable error when attempting to open a sqlserver connection.
2 attempts remaining. Retrying in 1 seconds.
Error:
('08001', '[08001] [Microsoft][ODBC Driver 18 for SQL Server]SSL Provider: The certificate chain was issued by an authority that is not trusted.\r\n (-2146893019) (SQLDriverConnect); [08001] [Microsoft][ODBC Driver 18 for SQL Server]Invalid connection string attribute (0); [08001] [Microsoft][ODBC Driver 18 for SQL Server]Client unable to establish connection. For solutions related to encryption errors, see https://go.microsoft.com/fwlink/?linkid=2226722 (-2146893019)')
[0m11:04:35.437732 [debug] [MainThread]: sqlserver adapter: Using connection string: DRIVER={ODBC Driver 18 for SQL Server};SERVER=localhost,1433;Database=YourDatabase;UID=***;PWD=***;encrypt=Yes;TrustServerCertificate=No;APP=dbt-sqlserver/1.12.0;Pooling=true;SQL_ATTR_TRACE=SQL_OPT_TRACE_OFF;ConnectRetryCount=3;ConnectRetryInterval=10
[0m11:04:35.447560 [debug] [MainThread]: sqlserver adapter: Got a retryable error when attempting to open a sqlserver connection.
1 attempts remaining. Retrying in 1 seconds.
Error:
('08001', '[08001] [Microsoft][ODBC Driver 18 for SQL Server]SSL Provider: The certificate chain was issued by an authority that is not trusted.\r\n (-2146893019) (SQLDriverConnect); [08001] [Microsoft][ODBC Driver 18 for SQL Server]Invalid connection string attribute (0); [08001] [Microsoft][ODBC Driver 18 for SQL Server]Client unable to establish connection. For solutions related to encryption errors, see https://go.microsoft.com/fwlink/?linkid=2226722 (-2146893019)')
[0m11:04:36.449270 [debug] [MainThread]: sqlserver adapter: Using connection string: DRIVER={ODBC Driver 18 for SQL Server};SERVER=localhost,1433;Database=YourDatabase;UID=***;PWD=***;encrypt=Yes;TrustServerCertificate=No;APP=dbt-sqlserver/1.12.0;Pooling=true;SQL_ATTR_TRACE=SQL_OPT_TRACE_OFF;ConnectRetryCount=3;ConnectRetryInterval=10
[0m11:04:36.459944 [debug] [MainThread]: sqlserver adapter: SQL execution raised FailedToConnectError: Database Error
  ('08001', '[08001] [Microsoft][ODBC Driver 18 for SQL Server]SSL Provider: The certificate chain was issued by an authority that is not trusted.\r\n (-2146893019) (SQLDriverConnect); [08001] [Microsoft][ODBC Driver 18 for SQL Server]Invalid connection string attribute (0); [08001] [Microsoft][ODBC Driver 18 for SQL Server]Client unable to establish connection. For solutions related to encryption errors, see https://go.microsoft.com/fwlink/?linkid=2226722 (-2146893019)')
[0m11:04:36.460311 [debug] [MainThread]: sqlserver adapter: Error running SQL: select 1 as id
[0m11:04:36.460620 [debug] [MainThread]: sqlserver adapter: Rolling back transaction.
[0m11:04:36.460874 [debug] [MainThread]: On debug: No close available on handle
[0m11:04:36.461150 [info ] [MainThread]:   Connection test: [[31mERROR[0m]

[0m11:04:36.461619 [info ] [MainThread]: [31m2 checks failed:[0m
[0m11:04:36.462112 [info ] [MainThread]: Project loading failed for the following reason:
 project path <C:\Users\nicjc\my_dbt_project\dbt_project.yml> not found

[0m11:04:36.462788 [info ] [MainThread]: dbt was unable to connect to the specified database.
The database returned the following error:

  >Database Error
  ('08001', '[08001] [Microsoft][ODBC Driver 18 for SQL Server]SSL Provider: The certificate chain was issued by an authority that is not trusted.\r\n (-2146893019) (SQLDriverConnect); [08001] [Microsoft][ODBC Driver 18 for SQL Server]Invalid connection string attribute (0); [08001] [Microsoft][ODBC Driver 18 for SQL Server]Client unable to establish connection. For solutions related to encryption errors, see https://go.microsoft.com/fwlink/?linkid=2226722 (-2146893019)')

Check your database credentials and try again. For more information, visit:
https://docs.getdbt.com/docs/configure-your-profile


[0m11:04:36.464021 [debug] [MainThread]: Command `dbt debug` failed at 11:04:36.463910 after 3.63 seconds
[0m11:04:36.464309 [debug] [MainThread]: Connection 'debug' was properly closed.
[0m11:04:36.464596 [debug] [MainThread]: Sending event: {'category': 'dbt', 'action': 'invocation', 'label': 'end', 'context': [<snowplow_tracker.self_describing_json.SelfDescribingJson object at 0x0000022CB5A25220>, <snowplow_tracker.self_describing_json.SelfDescribingJson object at 0x0000022CB5ADA570>, <snowplow_tracker.self_describing_json.SelfDescribingJson object at 0x0000022CB591E7A0>]}
[0m11:04:36.464951 [debug] [MainThread]: Flushing usage events
[0m11:04:37.857261 [debug] [MainThread]: An error was encountered while trying to flush usage events
[0m11:08:01.172494 [debug] [MainThread]: Sending event: {'category': 'dbt', 'action': 'invocation', 'label': 'start', 'context': [<snowplow_tracker.self_describing_json.SelfDescribingJson object at 0x0000019402635D30>, <snowplow_tracker.self_describing_json.SelfDescribingJson object at 0x000001940024CB90>, <snowplow_tracker.self_describing_json.SelfDescribingJson object at 0x0000019404F87890>]}


============================== 11:08:01.175726 | ee37b2d3-ae34-43a1-8134-1975ae23a4a2 ==============================
[0m11:08:01.175726 [info ] [MainThread]: Running with dbt=1.12.5
[0m11:08:01.176227 [debug] [MainThread]: running dbt with arguments {'version_check': 'True', 'no_print': 'None', 'static_parser': 'True', 'target_path': 'None', 'warn_error_options': 'WarnErrorOptionsV2(error=[], warn=[], silence=[])', 'maximum_seed_size_mib': '1', 'printer_width': '80', 'write_json': 'True', 'empty': 'None', 'log_cache_events': 'False', 'introspect': 'True', 'cache_selected_only': 'False', 'log_format': 'default', 'debug': 'False', 'fail_fast': 'False', 'partial_parse': 'True', 'send_anonymous_usage_stats': 'True', 'quiet': 'False', 'warn_error': 'None', 'profiles_dir': 'C:\\Users\\nicjc\\.dbt', 'indirect_selection': 'eager', 'hints_enabled': 'True', 'use_colors': 'True', 'use_experimental_parser': 'False', 'invocation_command': 'dbt debug --profile sqlserver_profile', 'log_path': 'C:\\Users\\nicjc\\my_dbt_project\\logs'}
[0m11:08:01.187190 [info ] [MainThread]: dbt version: 1.12.5
[0m11:08:01.187605 [info ] [MainThread]: python version: 3.14.5
[0m11:08:01.187957 [info ] [MainThread]: python path: C:\envs\dbt_sqlserver\Scripts\python.exe
[0m11:08:01.188280 [info ] [MainThread]: os info: Windows-11-10.0.26200-SP0
[0m11:08:01.289884 [info ] [MainThread]: Using profiles dir at C:\Users\nicjc\.dbt
[0m11:08:01.290813 [info ] [MainThread]: Using profiles.yml file at C:\Users\nicjc\.dbt\profiles.yml
[0m11:08:01.291209 [info ] [MainThread]: Using dbt_project.yml file at C:\Users\nicjc\my_dbt_project\dbt_project.yml
[0m11:08:01.291615 [info ] [MainThread]: adapter type: sqlserver
[0m11:08:01.292125 [info ] [MainThread]: adapter version: 1.12.0
[0m11:08:01.400471 [info ] [MainThread]: Configuration:
[0m11:08:01.401155 [info ] [MainThread]:   profiles.yml file [[32mOK found and valid[0m]
[0m11:08:01.401647 [info ] [MainThread]:   dbt_project.yml file [[32mOK found and valid[0m]
[0m11:08:01.402118 [info ] [MainThread]: Required dependencies:
[0m11:08:01.402593 [debug] [MainThread]: Executing "git --help"
[0m11:08:01.435242 [debug] [MainThread]: STDOUT: "b"usage: git [-v | --version] [-h | --help] [-C <path>] [-c <name>=<value>]\n           [--exec-path[=<path>]] [--html-path] [--man-path] [--info-path]\n           [-p | --paginate | -P | --no-pager] [--no-replace-objects] [--no-lazy-fetch]\n           [--no-optional-locks] [--no-advice] [--bare] [--git-dir=<path>]\n           [--work-tree=<path>] [--namespace=<name>] [--config-env=<name>=<envvar>]\n           <command> [<args>]\n\nThese are common Git commands used in various situations:\n\nstart a working area (see also: git help tutorial)\n   clone      Clone a repository into a new directory\n   init       Create an empty Git repository or reinitialize an existing one\n\nwork on the current change (see also: git help everyday)\n   add        Add file contents to the index\n   mv         Move or rename a file, a directory, or a symlink\n   restore    Restore working tree files\n   rm         Remove files from the working tree and from the index\n\nexamine the history and state (see also: git help revisions)\n   bisect     Use binary search to find the commit that introduced a bug\n   diff       Show changes between commits, commit and working tree, etc\n   grep       Print lines matching a pattern\n   log        Show commit logs\n   show       Show various types of objects\n   status     Show the working tree status\n\ngrow, mark and tweak your common history\n   backfill   Download missing objects in a partial clone\n   branch     List, create, or delete branches\n   commit     Record changes to the repository\n   history    EXPERIMENTAL: Rewrite history\n   merge      Join two or more development histories together\n   rebase     Reapply commits on top of another base tip\n   reset      Set `HEAD` or the index to a known state\n   switch     Switch branches\n   tag        Create, list, delete or verify tags\n\ncollaborate (see also: git help workflows)\n   fetch      Download objects and refs from another repository\n   pull       Fetch from and integrate with another repository or a local branch\n   push       Update remote refs along with associated objects\n\n'git help -a' and 'git help -g' list available subcommands and some\nconcept guides. See 'git help <command>' or 'git help <concept>'\nto read about a specific subcommand or concept.\nSee 'git help git' for an overview of the system.\n""
[0m11:08:01.435746 [debug] [MainThread]: STDERR: "b''"
[0m11:08:01.436141 [info ] [MainThread]:  - git [[32mOK found[0m]

[0m11:08:01.436579 [info ] [MainThread]: Connection:
[0m11:08:01.436969 [info ] [MainThread]:   driver: ODBC Driver 18 for SQL Server
[0m11:08:01.437328 [info ] [MainThread]:   server: localhost
[0m11:08:01.437958 [info ] [MainThread]:   port: 1433
[0m11:08:01.438501 [info ] [MainThread]:   database: YourDatabase
[0m11:08:01.438798 [info ] [MainThread]:   schema: dbo
[0m11:08:01.439090 [info ] [MainThread]:   UID: YourUser
[0m11:08:01.439349 [info ] [MainThread]:   authentication: sql
[0m11:08:01.439611 [info ] [MainThread]:   windows_login: False
[0m11:08:01.439880 [info ] [MainThread]:   retries: 3
[0m11:08:01.440145 [info ] [MainThread]:   login_timeout: 0
[0m11:08:01.440421 [info ] [MainThread]:   query_timeout: 0
[0m11:08:01.440709 [info ] [MainThread]:   trace_flag: False
[0m11:08:01.440962 [info ] [MainThread]:   encrypt: False
[0m11:08:01.441214 [info ] [MainThread]:   trust_cert: True
[0m11:08:01.441484 [info ] [MainThread]:   backend: pyodbc
[0m11:08:01.441732 [info ] [MainThread]:   xact_abort: True
[0m11:08:01.442153 [info ] [MainThread]: Registered adapter: sqlserver=1.12.0
[0m11:08:01.660130 [debug] [MainThread]: Acquiring new sqlserver connection 'debug'
[0m11:08:01.660469 [debug] [MainThread]: Using sqlserver connection "debug"
[0m11:08:01.660683 [debug] [MainThread]: On debug: select 1 as id
[0m11:08:01.660882 [debug] [MainThread]: Opening a new connection, currently in state init
[0m11:08:01.664770 [debug] [MainThread]: sqlserver adapter: Using connection string: DRIVER={ODBC Driver 18 for SQL Server};SERVER=localhost,1433;Database=YourDatabase;UID=***;PWD=***;encrypt=No;TrustServerCertificate=Yes;APP=dbt-sqlserver/1.12.0;Pooling=true;SQL_ATTR_TRACE=SQL_OPT_TRACE_OFF;ConnectRetryCount=3;ConnectRetryInterval=10
[0m11:08:01.700923 [debug] [MainThread]: sqlserver adapter: SQL execution raised FailedToConnectError: Database Error
  ('28000', "[28000] [Microsoft][ODBC Driver 18 for SQL Server][SQL Server]Login failed for user 'YourUser'. (18456) (SQLDriverConnect); [28000] [Microsoft][ODBC Driver 18 for SQL Server]Invalid connection string attribute (0); [28000] [Microsoft][ODBC Driver 18 for SQL Server][SQL Server]Login failed for user 'YourUser'. (18456); [28000] [Microsoft][ODBC Driver 18 for SQL Server]Invalid connection string attribute (0)")
[0m11:08:01.701286 [debug] [MainThread]: sqlserver adapter: Error running SQL: select 1 as id
[0m11:08:01.701512 [debug] [MainThread]: sqlserver adapter: Rolling back transaction.
[0m11:08:01.701727 [debug] [MainThread]: On debug: No close available on handle
[0m11:08:01.701963 [info ] [MainThread]:   Connection test: [[31mERROR[0m]

[0m11:08:01.702276 [info ] [MainThread]: [31m1 check failed:[0m
[0m11:08:01.702567 [info ] [MainThread]: dbt was unable to connect to the specified database.
The database returned the following error:

  >Database Error
  ('28000', "[28000] [Microsoft][ODBC Driver 18 for SQL Server][SQL Server]Login failed for user 'YourUser'. (18456) (SQLDriverConnect); [28000] [Microsoft][ODBC Driver 18 for SQL Server]Invalid connection string attribute (0); [28000] [Microsoft][ODBC Driver 18 for SQL Server][SQL Server]Login failed for user 'YourUser'. (18456); [28000] [Microsoft][ODBC Driver 18 for SQL Server]Invalid connection string attribute (0)")

Check your database credentials and try again. For more information, visit:
https://docs.getdbt.com/docs/configure-your-profile


[0m11:08:01.703275 [debug] [MainThread]: Command `dbt debug` failed at 11:08:01.703183 after 0.71 seconds
[0m11:08:01.703519 [debug] [MainThread]: Connection 'debug' was properly closed.
[0m11:08:01.703773 [debug] [MainThread]: Sending event: {'category': 'dbt', 'action': 'invocation', 'label': 'end', 'context': [<snowplow_tracker.self_describing_json.SelfDescribingJson object at 0x0000019405534C30>, <snowplow_tracker.self_describing_json.SelfDescribingJson object at 0x000001940566FBF0>, <snowplow_tracker.self_describing_json.SelfDescribingJson object at 0x000001940564E360>]}
[0m11:08:01.704075 [debug] [MainThread]: Flushing usage events
[0m11:08:03.280896 [debug] [MainThread]: An error was encountered while trying to flush usage events
[0m11:30:02.811239 [debug] [MainThread]: Sending event: {'category': 'dbt', 'action': 'invocation', 'label': 'start', 'context': [<snowplow_tracker.self_describing_json.SelfDescribingJson object at 0x000002164DFF1D30>, <snowplow_tracker.self_describing_json.SelfDescribingJson object at 0x000002164BC0CB90>, <snowplow_tracker.self_describing_json.SelfDescribingJson object at 0x0000021650947890>]}


============================== 11:30:02.814540 | bdad2fe1-524d-40b3-b81c-539a99d75607 ==============================
[0m11:30:02.814540 [info ] [MainThread]: Running with dbt=1.12.5
[0m11:30:02.815103 [debug] [MainThread]: running dbt with arguments {'maximum_seed_size_mib': '1', 'no_print': 'None', 'static_parser': 'True', 'warn_error_options': 'WarnErrorOptionsV2(error=[], warn=[], silence=[])', 'version_check': 'True', 'target_path': 'None', 'printer_width': '80', 'write_json': 'True', 'empty': 'None', 'log_cache_events': 'False', 'introspect': 'True', 'cache_selected_only': 'False', 'fail_fast': 'False', 'debug': 'False', 'log_format': 'default', 'profiles_dir': 'C:\\Users\\nicjc\\.dbt', 'send_anonymous_usage_stats': 'True', 'quiet': 'False', 'warn_error': 'None', 'partial_parse': 'True', 'invocation_command': 'dbt debug --profile sqlserver_profile', 'hints_enabled': 'True', 'indirect_selection': 'eager', 'use_experimental_parser': 'False', 'use_colors': 'True', 'log_path': 'C:\\Users\\nicjc\\my_dbt_project\\logs'}
[0m11:30:02.827067 [info ] [MainThread]: dbt version: 1.12.5
[0m11:30:02.827467 [info ] [MainThread]: python version: 3.14.5
[0m11:30:02.827898 [info ] [MainThread]: python path: C:\envs\dbt_sqlserver\Scripts\python.exe
[0m11:30:02.828507 [info ] [MainThread]: os info: Windows-11-10.0.26200-SP0
[0m11:30:02.934898 [info ] [MainThread]: Using profiles dir at C:\Users\nicjc\.dbt
[0m11:30:02.935899 [info ] [MainThread]: Using profiles.yml file at C:\Users\nicjc\.dbt\profiles.yml
[0m11:30:02.936371 [info ] [MainThread]: Using dbt_project.yml file at C:\Users\nicjc\my_dbt_project\dbt_project.yml
[0m11:30:02.937243 [info ] [MainThread]: adapter type: sqlserver
[0m11:30:02.937575 [info ] [MainThread]: adapter version: 1.12.0
[0m11:30:03.027952 [info ] [MainThread]: Configuration:
[0m11:30:03.029071 [info ] [MainThread]:   profiles.yml file [[32mOK found and valid[0m]
[0m11:30:03.029443 [info ] [MainThread]:   dbt_project.yml file [[32mOK found and valid[0m]
[0m11:30:03.029859 [info ] [MainThread]: Required dependencies:
[0m11:30:03.030268 [debug] [MainThread]: Executing "git --help"
[0m11:30:03.066544 [debug] [MainThread]: STDOUT: "b"usage: git [-v | --version] [-h | --help] [-C <path>] [-c <name>=<value>]\n           [--exec-path[=<path>]] [--html-path] [--man-path] [--info-path]\n           [-p | --paginate | -P | --no-pager] [--no-replace-objects] [--no-lazy-fetch]\n           [--no-optional-locks] [--no-advice] [--bare] [--git-dir=<path>]\n           [--work-tree=<path>] [--namespace=<name>] [--config-env=<name>=<envvar>]\n           <command> [<args>]\n\nThese are common Git commands used in various situations:\n\nstart a working area (see also: git help tutorial)\n   clone      Clone a repository into a new directory\n   init       Create an empty Git repository or reinitialize an existing one\n\nwork on the current change (see also: git help everyday)\n   add        Add file contents to the index\n   mv         Move or rename a file, a directory, or a symlink\n   restore    Restore working tree files\n   rm         Remove files from the working tree and from the index\n\nexamine the history and state (see also: git help revisions)\n   bisect     Use binary search to find the commit that introduced a bug\n   diff       Show changes between commits, commit and working tree, etc\n   grep       Print lines matching a pattern\n   log        Show commit logs\n   show       Show various types of objects\n   status     Show the working tree status\n\ngrow, mark and tweak your common history\n   backfill   Download missing objects in a partial clone\n   branch     List, create, or delete branches\n   commit     Record changes to the repository\n   history    EXPERIMENTAL: Rewrite history\n   merge      Join two or more development histories together\n   rebase     Reapply commits on top of another base tip\n   reset      Set `HEAD` or the index to a known state\n   switch     Switch branches\n   tag        Create, list, delete or verify tags\n\ncollaborate (see also: git help workflows)\n   fetch      Download objects and refs from another repository\n   pull       Fetch from and integrate with another repository or a local branch\n   push       Update remote refs along with associated objects\n\n'git help -a' and 'git help -g' list available subcommands and some\nconcept guides. See 'git help <command>' or 'git help <concept>'\nto read about a specific subcommand or concept.\nSee 'git help git' for an overview of the system.\n""
[0m11:30:03.067008 [debug] [MainThread]: STDERR: "b''"
[0m11:30:03.067357 [info ] [MainThread]:  - git [[32mOK found[0m]

[0m11:30:03.067671 [info ] [MainThread]: Connection:
[0m11:30:03.067991 [info ] [MainThread]:   driver: ODBC Driver 18 for SQL Server
[0m11:30:03.068335 [info ] [MainThread]:   server: localhost
[0m11:30:03.068665 [info ] [MainThread]:   port: 1433
[0m11:30:03.068980 [info ] [MainThread]:   database: master
[0m11:30:03.069289 [info ] [MainThread]:   schema: dbo
[0m11:30:03.069609 [info ] [MainThread]:   UID: databricks_user
[0m11:30:03.070008 [info ] [MainThread]:   authentication: sql
[0m11:30:03.070384 [info ] [MainThread]:   windows_login: False
[0m11:30:03.070658 [info ] [MainThread]:   retries: 3
[0m11:30:03.070953 [info ] [MainThread]:   login_timeout: 0
[0m11:30:03.071293 [info ] [MainThread]:   query_timeout: 0
[0m11:30:03.071578 [info ] [MainThread]:   trace_flag: False
[0m11:30:03.071862 [info ] [MainThread]:   encrypt: False
[0m11:30:03.072153 [info ] [MainThread]:   trust_cert: True
[0m11:30:03.072409 [info ] [MainThread]:   backend: pyodbc
[0m11:30:03.072707 [info ] [MainThread]:   xact_abort: True
[0m11:30:03.073181 [info ] [MainThread]: Registered adapter: sqlserver=1.12.0
[0m11:30:03.299622 [debug] [MainThread]: Acquiring new sqlserver connection 'debug'
[0m11:30:03.299971 [debug] [MainThread]: Using sqlserver connection "debug"
[0m11:30:03.300209 [debug] [MainThread]: On debug: select 1 as id
[0m11:30:03.300413 [debug] [MainThread]: Opening a new connection, currently in state init
[0m11:30:03.303570 [debug] [MainThread]: sqlserver adapter: Using connection string: DRIVER={ODBC Driver 18 for SQL Server};SERVER=localhost,1433;Database=master;UID=***;PWD=***;encrypt=No;TrustServerCertificate=Yes;APP=dbt-sqlserver/1.12.0;Pooling=true;SQL_ATTR_TRACE=SQL_OPT_TRACE_OFF;ConnectRetryCount=3;ConnectRetryInterval=10
[0m11:30:03.458913 [debug] [MainThread]: sqlserver adapter: Connected to db: master
[0m11:30:03.460395 [debug] [MainThread]: SQL status: OK in 0.000 seconds
[0m11:30:03.461197 [debug] [MainThread]: On debug: Close
[0m11:30:03.461474 [info ] [MainThread]:   Connection test: [[32mOK connection ok[0m]

[0m11:30:03.461892 [info ] [MainThread]: [32mAll checks passed![0m
[0m11:30:03.462745 [debug] [MainThread]: Command `dbt debug` succeeded at 11:30:03.462632 after 0.84 seconds
[0m11:30:03.463036 [debug] [MainThread]: Connection 'debug' was properly closed.
[0m11:30:03.463372 [debug] [MainThread]: Sending event: {'category': 'dbt', 'action': 'invocation', 'label': 'end', 'context': [<snowplow_tracker.self_describing_json.SelfDescribingJson object at 0x0000021650EA4B00>, <snowplow_tracker.self_describing_json.SelfDescribingJson object at 0x0000021650FDFBF0>, <snowplow_tracker.self_describing_json.SelfDescribingJson object at 0x0000021650FBE250>]}
[0m11:30:03.463694 [debug] [MainThread]: Flushing usage events
[0m11:30:04.910669 [debug] [MainThread]: An error was encountered while trying to flush usage events
[0m11:58:01.325110 [debug] [MainThread]: Sending event: {'category': 'dbt', 'action': 'invocation', 'label': 'start', 'context': [<snowplow_tracker.self_describing_json.SelfDescribingJson object at 0x000001D095711D30>, <snowplow_tracker.self_describing_json.SelfDescribingJson object at 0x000001D0932BCB90>, <snowplow_tracker.self_describing_json.SelfDescribingJson object at 0x000001D0980CB890>]}


============================== 11:58:01.328435 | 0a253691-74fd-45e6-b384-feb725cf7db8 ==============================
[0m11:58:01.328435 [info ] [MainThread]: Running with dbt=1.12.5
[0m11:58:01.328996 [debug] [MainThread]: running dbt with arguments {'static_parser': 'True', 'no_print': 'None', 'maximum_seed_size_mib': '1', 'warn_error_options': 'WarnErrorOptionsV2(error=[], warn=[], silence=[])', 'target_path': 'None', 'version_check': 'True', 'printer_width': '80', 'write_json': 'True', 'introspect': 'True', 'log_cache_events': 'False', 'empty': 'False', 'cache_selected_only': 'False', 'log_format': 'default', 'debug': 'False', 'fail_fast': 'False', 'profiles_dir': 'C:\\Users\\nicjc\\.dbt', 'send_anonymous_usage_stats': 'True', 'quiet': 'False', 'warn_error': 'None', 'partial_parse': 'True', 'use_colors': 'True', 'hints_enabled': 'True', 'indirect_selection': 'eager', 'use_experimental_parser': 'False', 'invocation_command': 'dbt run --profile sqlserver_profile', 'log_path': 'C:\\Users\\nicjc\\my_dbt_project\\logs'}
[0m11:58:01.539744 [debug] [MainThread]: Sending event: {'category': 'dbt', 'action': 'project_id', 'label': '0a253691-74fd-45e6-b384-feb725cf7db8', 'context': [<snowplow_tracker.self_describing_json.SelfDescribingJson object at 0x000001D09816FE10>]}
[0m11:58:01.596359 [debug] [MainThread]: Sending event: {'category': 'dbt', 'action': 'adapter_info', 'label': '0a253691-74fd-45e6-b384-feb725cf7db8', 'context': [<snowplow_tracker.self_describing_json.SelfDescribingJson object at 0x000001D098613AC0>]}
[0m11:58:01.597114 [info ] [MainThread]: Registered adapter: sqlserver=1.12.0
[0m11:58:01.826280 [debug] [MainThread]: checksum: 84e6854b018826ad904eca26f98d7d902f51ac360469f424a309c73808fc198c, vars: {}, profile: sqlserver_profile, target: dev, version: 1.12.5
[0m11:58:01.827040 [info ] [MainThread]: Unable to do partial parsing because saved manifest not found. Starting full parse.
[0m11:58:01.827478 [debug] [MainThread]: Sending event: {'category': 'dbt', 'action': 'partial_parser', 'label': '0a253691-74fd-45e6-b384-feb725cf7db8', 'context': [<snowplow_tracker.self_describing_json.SelfDescribingJson object at 0x000001D098574C50>]}
[0m11:58:02.738742 [warn ] [MainThread]: [[33mWARNING[0m]: Configuration paths exist in your dbt_project.yml file which do not apply to any resources.
There are 1 unused configuration paths:
- models.my_dbt_project
[0m11:58:02.743088 [debug] [MainThread]: Sending event: {'category': 'dbt', 'action': 'load_project', 'label': '0a253691-74fd-45e6-b384-feb725cf7db8', 'context': [<snowplow_tracker.self_describing_json.SelfDescribingJson object at 0x000001D0987999A0>]}
[0m11:58:02.791318 [debug] [MainThread]: Wrote artifact WritableManifest to C:\Users\nicjc\my_dbt_project\target\manifest.json
[0m11:58:02.795933 [debug] [MainThread]: Wrote artifact SemanticManifest to C:\Users\nicjc\my_dbt_project\target\semantic_manifest.json
[0m11:58:02.820192 [debug] [MainThread]: Wrote artifact OsiDocument to C:\Users\nicjc\my_dbt_project\target\osi_document.json
[0m11:58:02.836592 [debug] [MainThread]: Sending event: {'category': 'dbt', 'action': 'resource_counts', 'label': '0a253691-74fd-45e6-b384-feb725cf7db8', 'context': [<snowplow_tracker.self_describing_json.SelfDescribingJson object at 0x000001D098B62350>]}
[0m11:58:02.837006 [info ] [MainThread]: Found 578 macros
[0m11:58:02.837359 [debug] [MainThread]: Sending event: {'category': 'dbt', 'action': 'runnable_timing', 'label': '0a253691-74fd-45e6-b384-feb725cf7db8', 'context': [<snowplow_tracker.self_describing_json.SelfDescribingJson object at 0x000001D098486410>]}
[0m11:58:02.838611 [warn ] [MainThread]: [[33mWARNING[0m]: Nothing to do. Try checking your model configs and model specification args
[0m11:58:02.839196 [debug] [MainThread]: Command end result
[0m11:58:02.866585 [debug] [MainThread]: Wrote artifact WritableManifest to C:\Users\nicjc\my_dbt_project\target\manifest.json
[0m11:58:02.869425 [debug] [MainThread]: Wrote artifact SemanticManifest to C:\Users\nicjc\my_dbt_project\target\semantic_manifest.json
[0m11:58:02.872054 [debug] [MainThread]: Wrote artifact OsiDocument to C:\Users\nicjc\my_dbt_project\target\osi_document.json
[0m11:58:02.875163 [debug] [MainThread]: Wrote artifact RunExecutionResult to C:\Users\nicjc\my_dbt_project\target\run_results.json
[0m11:58:02.875812 [debug] [MainThread]: Command `dbt run` succeeded at 11:58:02.875719 after 1.69 seconds
[0m11:58:02.876148 [debug] [MainThread]: Sending event: {'category': 'dbt', 'action': 'invocation', 'label': 'end', 'context': [<snowplow_tracker.self_describing_json.SelfDescribingJson object at 0x000001D098B09CD0>, <snowplow_tracker.self_describing_json.SelfDescribingJson object at 0x000001D098B5B960>, <snowplow_tracker.self_describing_json.SelfDescribingJson object at 0x000001D098B5BAC0>]}
[0m11:58:02.876447 [debug] [MainThread]: Flushing usage events
[0m11:58:04.441147 [debug] [MainThread]: An error was encountered while trying to flush usage events
[0m11:58:22.988373 [debug] [MainThread]: Sending event: {'category': 'dbt', 'action': 'invocation', 'label': 'start', 'context': [<snowplow_tracker.self_describing_json.SelfDescribingJson object at 0x000001A89F0D5D30>, <snowplow_tracker.self_describing_json.SelfDescribingJson object at 0x000001A89CC7CB90>, <snowplow_tracker.self_describing_json.SelfDescribingJson object at 0x000001A8A1A8B890>]}


============================== 11:58:22.991591 | 38d3dc57-9657-4240-8c84-2a9b107e6acc ==============================
[0m11:58:22.991591 [info ] [MainThread]: Running with dbt=1.12.5
[0m11:58:22.992067 [debug] [MainThread]: running dbt with arguments {'static_parser': 'True', 'no_print': 'None', 'maximum_seed_size_mib': '1', 'warn_error_options': 'WarnErrorOptionsV2(error=[], warn=[], silence=[])', 'target_path': 'None', 'version_check': 'True', 'printer_width': '80', 'write_json': 'True', 'empty': 'False', 'log_cache_events': 'False', 'introspect': 'True', 'cache_selected_only': 'False', 'fail_fast': 'False', 'debug': 'False', 'log_format': 'default', 'partial_parse': 'True', 'send_anonymous_usage_stats': 'True', 'quiet': 'False', 'warn_error': 'None', 'profiles_dir': 'C:\\Users\\nicjc\\.dbt', 'invocation_command': 'dbt run --profile sqlserver_profile', 'hints_enabled': 'True', 'use_colors': 'True', 'use_experimental_parser': 'False', 'indirect_selection': 'eager', 'log_path': 'C:\\Users\\nicjc\\my_dbt_project\\logs'}
[0m11:58:23.192711 [debug] [MainThread]: Sending event: {'category': 'dbt', 'action': 'project_id', 'label': '38d3dc57-9657-4240-8c84-2a9b107e6acc', 'context': [<snowplow_tracker.self_describing_json.SelfDescribingJson object at 0x000001A8A1B2FE10>]}
[0m11:58:23.249367 [debug] [MainThread]: Sending event: {'category': 'dbt', 'action': 'adapter_info', 'label': '38d3dc57-9657-4240-8c84-2a9b107e6acc', 'context': [<snowplow_tracker.self_describing_json.SelfDescribingJson object at 0x000001A8A2013AC0>]}
[0m11:58:23.250102 [info ] [MainThread]: Registered adapter: sqlserver=1.12.0
[0m11:58:23.475197 [debug] [MainThread]: checksum: 84e6854b018826ad904eca26f98d7d902f51ac360469f424a309c73808fc198c, vars: {}, profile: sqlserver_profile, target: dev, version: 1.12.5
[0m11:58:23.552756 [debug] [MainThread]: Partial parsing enabled: 0 files deleted, 0 files added, 0 files changed.
[0m11:58:23.553093 [debug] [MainThread]: Nothing changed, skipping partial parsing.
[0m11:58:23.553298 [debug] [MainThread]: Partial parsing enabled, no changes found, skipping parsing
[0m11:58:23.553620 [warn ] [MainThread]: [[33mWARNING[0m]: Configuration paths exist in your dbt_project.yml file which do not apply to any resources.
There are 1 unused configuration paths:
- models.my_dbt_project
[0m11:58:23.557928 [debug] [MainThread]: Sending event: {'category': 'dbt', 'action': 'load_project', 'label': '38d3dc57-9657-4240-8c84-2a9b107e6acc', 'context': [<snowplow_tracker.self_describing_json.SelfDescribingJson object at 0x000001A8A2535250>]}
[0m11:58:23.608720 [debug] [MainThread]: Wrote artifact WritableManifest to C:\Users\nicjc\my_dbt_project\target\manifest.json
[0m11:58:23.611721 [debug] [MainThread]: Wrote artifact SemanticManifest to C:\Users\nicjc\my_dbt_project\target\semantic_manifest.json
[0m11:58:23.627614 [debug] [MainThread]: Wrote artifact OsiDocument to C:\Users\nicjc\my_dbt_project\target\osi_document.json
[0m11:58:23.634992 [debug] [MainThread]: Sending event: {'category': 'dbt', 'action': 'resource_counts', 'label': '38d3dc57-9657-4240-8c84-2a9b107e6acc', 'context': [<snowplow_tracker.self_describing_json.SelfDescribingJson object at 0x000001A8A25F99A0>]}
[0m11:58:23.635339 [info ] [MainThread]: Found 578 macros
[0m11:58:23.635764 [debug] [MainThread]: Sending event: {'category': 'dbt', 'action': 'runnable_timing', 'label': '38d3dc57-9657-4240-8c84-2a9b107e6acc', 'context': [<snowplow_tracker.self_describing_json.SelfDescribingJson object at 0x000001A8A2612190>]}
[0m11:58:23.637226 [warn ] [MainThread]: [[33mWARNING[0m]: Nothing to do. Try checking your model configs and model specification args
[0m11:58:23.639985 [debug] [MainThread]: Command end result
[0m11:58:23.670471 [debug] [MainThread]: Wrote artifact WritableManifest to C:\Users\nicjc\my_dbt_project\target\manifest.json
[0m11:58:23.673316 [debug] [MainThread]: Wrote artifact SemanticManifest to C:\Users\nicjc\my_dbt_project\target\semantic_manifest.json
[0m11:58:23.676042 [debug] [MainThread]: Wrote artifact OsiDocument to C:\Users\nicjc\my_dbt_project\target\osi_document.json
[0m11:58:23.679090 [debug] [MainThread]: Wrote artifact RunExecutionResult to C:\Users\nicjc\my_dbt_project\target\run_results.json
[0m11:58:23.679691 [debug] [MainThread]: Command `dbt run` succeeded at 11:58:23.679598 after 0.81 seconds
[0m11:58:23.679982 [debug] [MainThread]: Sending event: {'category': 'dbt', 'action': 'invocation', 'label': 'end', 'context': [<snowplow_tracker.self_describing_json.SelfDescribingJson object at 0x000001A8A187DD90>, <snowplow_tracker.self_describing_json.SelfDescribingJson object at 0x000001A8A23E9F10>, <snowplow_tracker.self_describing_json.SelfDescribingJson object at 0x000001A8A23EA090>]}
[0m11:58:23.680255 [debug] [MainThread]: Flushing usage events
[0m11:58:25.023396 [debug] [MainThread]: An error was encountered while trying to flush usage events
[0m12:02:19.685283 [debug] [MainThread]: Sending event: {'category': 'dbt', 'action': 'invocation', 'label': 'start', 'context': [<snowplow_tracker.self_describing_json.SelfDescribingJson object at 0x000001E040295D30>, <snowplow_tracker.self_describing_json.SelfDescribingJson object at 0x000001E03DE3CB90>, <snowplow_tracker.self_describing_json.SelfDescribingJson object at 0x000001E042C4B890>]}


============================== 12:02:19.688686 | e4cc73ac-16e8-44c2-a937-4fcb374cfbcd ==============================
[0m12:02:19.688686 [info ] [MainThread]: Running with dbt=1.12.5
[0m12:02:19.689213 [debug] [MainThread]: running dbt with arguments {'maximum_seed_size_mib': '1', 'no_print': 'None', 'version_check': 'True', 'target_path': 'None', 'warn_error_options': 'WarnErrorOptionsV2(error=[], warn=[], silence=[])', 'static_parser': 'True', 'printer_width': '80', 'write_json': 'True', 'empty': 'False', 'log_cache_events': 'False', 'introspect': 'True', 'cache_selected_only': 'False', 'log_format': 'default', 'debug': 'False', 'fail_fast': 'False', 'profiles_dir': 'C:\\Users\\nicjc\\.dbt', 'send_anonymous_usage_stats': 'True', 'quiet': 'False', 'warn_error': 'None', 'partial_parse': 'True', 'use_colors': 'True', 'hints_enabled': 'True', 'indirect_selection': 'eager', 'use_experimental_parser': 'False', 'invocation_command': 'dbt run --profile sqlserver_profile', 'log_path': 'C:\\Users\\nicjc\\my_dbt_project\\logs'}
[0m12:02:19.892305 [debug] [MainThread]: Sending event: {'category': 'dbt', 'action': 'project_id', 'label': 'e4cc73ac-16e8-44c2-a937-4fcb374cfbcd', 'context': [<snowplow_tracker.self_describing_json.SelfDescribingJson object at 0x000001E042CEFE10>]}
[0m12:02:19.949500 [debug] [MainThread]: Sending event: {'category': 'dbt', 'action': 'adapter_info', 'label': 'e4cc73ac-16e8-44c2-a937-4fcb374cfbcd', 'context': [<snowplow_tracker.self_describing_json.SelfDescribingJson object at 0x000001E043183AC0>]}
[0m12:02:19.950259 [info ] [MainThread]: Registered adapter: sqlserver=1.12.0
[0m12:02:20.162062 [debug] [MainThread]: checksum: 84e6854b018826ad904eca26f98d7d902f51ac360469f424a309c73808fc198c, vars: {}, profile: sqlserver_profile, target: dev, version: 1.12.5
[0m12:02:20.235825 [debug] [MainThread]: Partial parsing enabled: 0 files deleted, 1 files added, 0 files changed.
[0m12:02:20.236257 [debug] [MainThread]: Partial parsing: added file: my_dbt_project://models\example.sql
[0m12:02:20.490694 [debug] [MainThread]: Sending event: {'category': 'dbt', 'action': 'load_project', 'label': 'e4cc73ac-16e8-44c2-a937-4fcb374cfbcd', 'context': [<snowplow_tracker.self_describing_json.SelfDescribingJson object at 0x000001E0430E5150>]}
[0m12:02:20.550582 [debug] [MainThread]: Wrote artifact WritableManifest to C:\Users\nicjc\my_dbt_project\target\manifest.json
[0m12:02:20.553672 [debug] [MainThread]: Wrote artifact SemanticManifest to C:\Users\nicjc\my_dbt_project\target\semantic_manifest.json
[0m12:02:20.569514 [debug] [MainThread]: Wrote artifact OsiDocument to C:\Users\nicjc\my_dbt_project\target\osi_document.json
[0m12:02:20.577152 [debug] [MainThread]: Sending event: {'category': 'dbt', 'action': 'resource_counts', 'label': 'e4cc73ac-16e8-44c2-a937-4fcb374cfbcd', 'context': [<snowplow_tracker.self_describing_json.SelfDescribingJson object at 0x000001E0438A57C0>]}
[0m12:02:20.577522 [info ] [MainThread]: Found 1 model, 578 macros
[0m12:02:20.577946 [debug] [MainThread]: Sending event: {'category': 'dbt', 'action': 'runnable_timing', 'label': 'e4cc73ac-16e8-44c2-a937-4fcb374cfbcd', 'context': [<snowplow_tracker.self_describing_json.SelfDescribingJson object at 0x000001E0438E9710>]}
[0m12:02:20.579756 [info ] [MainThread]: 
[0m12:02:20.580309 [info ] [MainThread]: Concurrency: 1 threads (target='dev')
[0m12:02:20.580807 [info ] [MainThread]: 
[0m12:02:20.581352 [debug] [MainThread]: Acquiring new sqlserver connection 'master'
[0m12:02:20.582156 [debug] [ThreadPool]: Acquiring new sqlserver connection 'list_master'
[0m12:02:20.602637 [debug] [ThreadPool]: dbt-sqlserver
[0m12:02:20.604681 [debug] [ThreadPool]: Using sqlserver connection "list_master"
[0m12:02:20.604919 [debug] [ThreadPool]: On list_master: /* {"app": "dbt", "dbt_version": "1.12.5", "profile_name": "sqlserver_profile", "target_name": "dev", "connection_name": "list_master"} */
USE "master";
    select  name as [schema]
    from sys.schemas with (nolock) 
    OPTION (LABEL = 'dbt-sqlserver');

  
[0m12:02:20.605182 [debug] [ThreadPool]: Opening a new connection, currently in state init
[0m12:02:20.608683 [debug] [ThreadPool]: sqlserver adapter: Using connection string: DRIVER={ODBC Driver 18 for SQL Server};SERVER=localhost,1433;Database=master;UID=***;PWD=***;encrypt=No;TrustServerCertificate=Yes;APP=dbt-sqlserver/1.12.0;Pooling=true;SQL_ATTR_TRACE=SQL_OPT_TRACE_OFF;ConnectRetryCount=3;ConnectRetryInterval=10
[0m12:02:20.760956 [debug] [ThreadPool]: sqlserver adapter: Connected to db: master
[0m12:02:20.765929 [debug] [ThreadPool]: SQL status: OK in 0.000 seconds
[0m12:02:20.767144 [debug] [ThreadPool]: On list_master: Close
[0m12:02:20.768902 [debug] [ThreadPool]: Acquiring new sqlserver connection 'list_master_dbo'
[0m12:02:20.773753 [debug] [ThreadPool]: dbt-sqlserver
[0m12:02:20.774261 [debug] [ThreadPool]: Using sqlserver connection "list_master_dbo"
[0m12:02:20.774481 [debug] [ThreadPool]: On list_master_dbo: BEGIN TRANSACTION
[0m12:02:20.774683 [debug] [ThreadPool]: Opening a new connection, currently in state init
[0m12:02:20.775005 [debug] [ThreadPool]: sqlserver adapter: Using connection string: DRIVER={ODBC Driver 18 for SQL Server};SERVER=localhost,1433;Database=master;UID=***;PWD=***;encrypt=No;TrustServerCertificate=Yes;APP=dbt-sqlserver/1.12.0;Pooling=true;SQL_ATTR_TRACE=SQL_OPT_TRACE_OFF;ConnectRetryCount=3;ConnectRetryInterval=10
[0m12:02:20.775292 [debug] [ThreadPool]: sqlserver adapter: Connected to db: master
[0m12:02:20.776060 [debug] [ThreadPool]: SQL status: OK in 0.000 seconds
[0m12:02:20.776297 [debug] [ThreadPool]: Using sqlserver connection "list_master_dbo"
[0m12:02:20.776515 [debug] [ThreadPool]: On list_master_dbo: /* {"app": "dbt", "dbt_version": "1.12.5", "profile_name": "sqlserver_profile", "target_name": "dev", "connection_name": "list_master_dbo"} */
USE "master";
    declare @schema_id int = schema_id('dbo');
    select
      DB_NAME() as [database],
      t.name as [name],
      'dbo' as [schema],
      'table' as table_type
    from sys.tables as t with (nolock)
    where t.schema_id = @schema_id
    union all
    select
      DB_NAME() as [database],
      v.name as [name],
      'dbo' as [schema],
      'view' as table_type
    from sys.views as v with (nolock)
    where v.schema_id = @schema_id
    
    OPTION (LABEL = 'dbt-sqlserver');

  
[0m12:02:20.812519 [debug] [ThreadPool]: SQL status: OK in 0.000 seconds
[0m12:02:20.813789 [debug] [ThreadPool]: On list_master_dbo: ROLLBACK
[0m12:02:20.814340 [debug] [ThreadPool]: On list_master_dbo: Close
[0m12:02:20.815582 [debug] [MainThread]: Sending event: {'category': 'dbt', 'action': 'runnable_timing', 'label': 'e4cc73ac-16e8-44c2-a937-4fcb374cfbcd', 'context': [<snowplow_tracker.self_describing_json.SelfDescribingJson object at 0x000001E04397D4A0>]}
[0m12:02:20.815999 [debug] [MainThread]: Using sqlserver connection "master"
[0m12:02:20.816259 [debug] [MainThread]: On master: BEGIN TRANSACTION
[0m12:02:20.816452 [debug] [MainThread]: Opening a new connection, currently in state init
[0m12:02:20.816743 [debug] [MainThread]: sqlserver adapter: Using connection string: DRIVER={ODBC Driver 18 for SQL Server};SERVER=localhost,1433;Database=master;UID=***;PWD=***;encrypt=No;TrustServerCertificate=Yes;APP=dbt-sqlserver/1.12.0;Pooling=true;SQL_ATTR_TRACE=SQL_OPT_TRACE_OFF;ConnectRetryCount=3;ConnectRetryInterval=10
[0m12:02:20.817013 [debug] [MainThread]: sqlserver adapter: Connected to db: master
[0m12:02:20.817616 [debug] [MainThread]: SQL status: OK in 0.000 seconds
[0m12:02:20.817904 [debug] [MainThread]: On master: COMMIT
[0m12:02:20.818147 [debug] [MainThread]: Using sqlserver connection "master"
[0m12:02:20.818336 [debug] [MainThread]: On master: IF @@TRANCOUNT > 0 COMMIT TRANSACTION
[0m12:02:20.818768 [debug] [MainThread]: SQL status: OK in 0.000 seconds
[0m12:02:20.819009 [debug] [MainThread]: On master: Close
[0m12:02:20.825175 [debug] [Thread-1 (]: Began running node model.my_dbt_project.example
[0m12:02:20.825622 [info ] [Thread-1 (]: 1 of 1 START sql view model dbo.example ........................................ [RUN]
[0m12:02:20.826160 [debug] [Thread-1 (]: Acquiring new sqlserver connection 'model.my_dbt_project.example'
[0m12:02:20.826473 [debug] [Thread-1 (]: Began compiling node model.my_dbt_project.example
[0m12:02:20.830663 [debug] [Thread-1 (]: Writing injected SQL for node "model.my_dbt_project.example"
[0m12:02:20.832060 [debug] [Thread-1 (]: Began executing node model.my_dbt_project.example
[0m12:02:20.874082 [debug] [Thread-1 (]: Writing runtime sql for node "model.my_dbt_project.example"
[0m12:02:20.876011 [debug] [Thread-1 (]: Using sqlserver connection "model.my_dbt_project.example"
[0m12:02:20.876332 [debug] [Thread-1 (]: On model.my_dbt_project.example: BEGIN TRANSACTION
[0m12:02:20.876607 [debug] [Thread-1 (]: Opening a new connection, currently in state init
[0m12:02:20.876982 [debug] [Thread-1 (]: sqlserver adapter: Using connection string: DRIVER={ODBC Driver 18 for SQL Server};SERVER=localhost,1433;Database=master;UID=***;PWD=***;encrypt=No;TrustServerCertificate=Yes;APP=dbt-sqlserver/1.12.0;Pooling=true;SQL_ATTR_TRACE=SQL_OPT_TRACE_OFF;ConnectRetryCount=3;ConnectRetryInterval=10
[0m12:02:20.877325 [debug] [Thread-1 (]: sqlserver adapter: Connected to db: master
[0m12:02:20.878054 [debug] [Thread-1 (]: SQL status: OK in 0.000 seconds
[0m12:02:20.878328 [debug] [Thread-1 (]: Using sqlserver connection "model.my_dbt_project.example"
[0m12:02:20.878575 [debug] [Thread-1 (]: On model.my_dbt_project.example: /* {"app": "dbt", "dbt_version": "1.12.5", "profile_name": "sqlserver_profile", "target_name": "dev", "node_id": "model.my_dbt_project.example"} */
USE "master";
    
    

    

    USE "master";
    EXEC('
        CREATE OR ALTER VIEW "dbo"."example" AS select
    name,
    database_id,
    create_date
from sys.databases;
    ')


[0m12:02:20.890343 [debug] [Thread-1 (]: SQL status: OK in 0.000 seconds
[0m12:02:20.891457 [debug] [Thread-1 (]: On model.my_dbt_project.example: ROLLBACK
[0m12:02:20.891943 [debug] [Thread-1 (]: On model.my_dbt_project.example: Close
[0m12:02:20.892399 [error] [Thread-1 (]: [[31mERROR[0m]: Unhandled error while executing target\run\my_dbt_project\models\example.sql
('42000', "[42000] [Microsoft][ODBC Driver 18 for SQL Server][SQL Server]CREATE VIEW permission denied in database 'master'. (262) (SQLMoreResults)")
[0m12:02:20.899955 [debug] [Thread-1 (]: Traceback (most recent call last):
  File "C:\envs\dbt_sqlserver\Lib\site-packages\dbt\task\base.py", line 388, in safe_run
    result = self.compile_and_execute(manifest, ctx)
  File "C:\envs\dbt_sqlserver\Lib\site-packages\dbt\task\base.py", line 335, in compile_and_execute
    result = self.run(ctx.node, manifest)
  File "C:\envs\dbt_sqlserver\Lib\site-packages\dbt\task\base.py", line 440, in run
    return self.execute(compiled_node, manifest)  # type: ignore[arg-type]
           ~~~~~~~~~~~~^^^^^^^^^^^^^^^^^^^^^^^^^
  File "C:\envs\dbt_sqlserver\Lib\site-packages\dbt\task\run.py", line 484, in execute
    return self._execute_model(
           ~~~~~~~~~~~~~~~~~~~^
        hook_ctx, context["config"], model, context, materialization_macro, manifest
        ^^^^^^^^^^^^^^^^^^^^^^^^^^^^^^^^^^^^^^^^^^^^^^^^^^^^^^^^^^^^^^^^^^^^^^^^^^^^
    )
    ^
  File "C:\envs\dbt_sqlserver\Lib\site-packages\dbt\task\run.py", line 440, in _execute_model
    result = MacroGenerator(
        materialization_macro, context, stack=context["context_macro_stack"]
    )()
  File "C:\envs\dbt_sqlserver\Lib\site-packages\dbt\clients\jinja.py", line 151, in __call__
    return self.call_macro(*args, **kwargs)
           ~~~~~~~~~~~~~~~^^^^^^^^^^^^^^^^^
  File "C:\envs\dbt_sqlserver\Lib\site-packages\dbt_common\clients\jinja.py", line 395, in call_macro
    return macro(*args, **kwargs)
  File "C:\envs\dbt_sqlserver\Lib\site-packages\jinja2\runtime.py", line 770, in __call__
    return self._invoke(arguments, autoescape)
           ~~~~~~~~~~~~^^^^^^^^^^^^^^^^^^^^^^^
  File "C:\envs\dbt_sqlserver\Lib\site-packages\jinja2\runtime.py", line 784, in _invoke
    rv = self._func(*arguments)
  File "<template>", line 320, in macro
  File "C:\envs\dbt_sqlserver\Lib\site-packages\jinja2\sandbox.py", line 401, in call
    return __context.call(__obj, *args, **kwargs)
           ~~~~~~~~~~~~~~^^^^^^^^^^^^^^^^^^^^^^^^
  File "C:\envs\dbt_sqlserver\Lib\site-packages\jinja2\runtime.py", line 303, in call
    return __obj(*args, **kwargs)
  File "C:\envs\dbt_sqlserver\Lib\site-packages\dbt\clients\jinja.py", line 151, in __call__
    return self.call_macro(*args, **kwargs)
           ~~~~~~~~~~~~~~~^^^^^^^^^^^^^^^^^
  File "C:\envs\dbt_sqlserver\Lib\site-packages\dbt_common\clients\jinja.py", line 395, in call_macro
    return macro(*args, **kwargs)
  File "C:\envs\dbt_sqlserver\Lib\site-packages\jinja2\runtime.py", line 770, in __call__
    return self._invoke(arguments, autoescape)
           ~~~~~~~~~~~~^^^^^^^^^^^^^^^^^^^^^^^
  File "C:\envs\dbt_sqlserver\Lib\site-packages\jinja2\runtime.py", line 784, in _invoke
    rv = self._func(*arguments)
  File "<template>", line 52, in macro
  File "C:\envs\dbt_sqlserver\Lib\site-packages\jinja2\sandbox.py", line 401, in call
    return __context.call(__obj, *args, **kwargs)
           ~~~~~~~~~~~~~~^^^^^^^^^^^^^^^^^^^^^^^^
  File "C:\envs\dbt_sqlserver\Lib\site-packages\jinja2\runtime.py", line 303, in call
    return __obj(*args, **kwargs)
  File "C:\envs\dbt_sqlserver\Lib\site-packages\dbt_common\record.py", line 538, in record_replay_wrapper
    return func_to_record(*call_args, **kwargs)
  File "C:\envs\dbt_sqlserver\Lib\site-packages\dbt\adapters\base\impl.py", line 523, in execute
    return self.connections.execute(sql=sql, auto_begin=auto_begin, fetch=fetch, limit=limit)
           ~~~~~~~~~~~~~~~~~~~~~~~~^^^^^^^^^^^^^^^^^^^^^^^^^^^^^^^^^^^^^^^^^^^^^^^^^^^^^^^^^^
  File "C:\envs\dbt_sqlserver\Lib\site-packages\dbt\adapters\sqlserver\sqlserver_connections.py", line 865, in execute
    while _try_drain_nextset(cursor):
          ~~~~~~~~~~~~~~~~~~^^^^^^^^
  File "C:\envs\dbt_sqlserver\Lib\site-packages\dbt\adapters\sqlserver\sqlserver_connections.py", line 222, in _try_drain_nextset
    return bool(cursor.nextset())
                ~~~~~~~~~~~~~~^^
pyodbc.ProgrammingError: ('42000', "[42000] [Microsoft][ODBC Driver 18 for SQL Server][SQL Server]CREATE VIEW permission denied in database 'master'. (262) (SQLMoreResults)")

[0m12:02:20.901614 [debug] [Thread-1 (]: Sending event: {'category': 'dbt', 'action': 'run_model', 'label': 'e4cc73ac-16e8-44c2-a937-4fcb374cfbcd', 'context': [<snowplow_tracker.self_describing_json.SelfDescribingJson object at 0x000001E043988AD0>]}
[0m12:02:20.902141 [error] [Thread-1 (]: 1 of 1 ERROR creating sql view model dbo.example ............................... [[31mERROR[0m in 0.07s]
[0m12:02:20.902767 [debug] [Thread-1 (]: Finished running node model.my_dbt_project.example
[0m12:02:20.903262 [debug] [Thread-4 (]: Marking all children of 'model.my_dbt_project.example' to be skipped because of status 'error'.  Reason: ('42000', "[42000] [Microsoft][ODBC Driver 18 for SQL Server][SQL Server]CREATE VIEW permission denied in database 'master'. (262) (SQLMoreResults)").
[0m12:02:20.904912 [debug] [MainThread]: Using sqlserver connection "master"
[0m12:02:20.905145 [debug] [MainThread]: On master: BEGIN TRANSACTION
[0m12:02:20.905356 [debug] [MainThread]: Opening a new connection, currently in state closed
[0m12:02:20.905659 [debug] [MainThread]: sqlserver adapter: Using connection string: DRIVER={ODBC Driver 18 for SQL Server};SERVER=localhost,1433;Database=master;UID=***;PWD=***;encrypt=No;TrustServerCertificate=Yes;APP=dbt-sqlserver/1.12.0;Pooling=true;SQL_ATTR_TRACE=SQL_OPT_TRACE_OFF;ConnectRetryCount=3;ConnectRetryInterval=10
[0m12:02:20.905933 [debug] [MainThread]: sqlserver adapter: Connected to db: master
[0m12:02:20.906557 [debug] [MainThread]: SQL status: OK in 0.000 seconds
[0m12:02:20.906787 [debug] [MainThread]: On master: COMMIT
[0m12:02:20.906985 [debug] [MainThread]: Using sqlserver connection "master"
[0m12:02:20.907173 [debug] [MainThread]: On master: IF @@TRANCOUNT > 0 COMMIT TRANSACTION
[0m12:02:20.907479 [debug] [MainThread]: SQL status: OK in 0.000 seconds
[0m12:02:20.907700 [debug] [MainThread]: On master: Close
[0m12:02:20.907971 [debug] [MainThread]: Connection 'master' was properly closed.
[0m12:02:20.908158 [debug] [MainThread]: Connection 'list_master' was properly closed.
[0m12:02:20.908332 [debug] [MainThread]: Connection 'list_master_dbo' was properly closed.
[0m12:02:20.908500 [debug] [MainThread]: Connection 'model.my_dbt_project.example' was properly closed.
[0m12:02:20.908703 [info ] [MainThread]: 
[0m12:02:20.908986 [info ] [MainThread]: Finished running 1 view model in 0 hours 0 minutes and 0.33 seconds (0.33s).
[0m12:02:20.909530 [debug] [MainThread]: Command end result
[0m12:02:20.939958 [debug] [MainThread]: Wrote artifact WritableManifest to C:\Users\nicjc\my_dbt_project\target\manifest.json
[0m12:02:20.942818 [debug] [MainThread]: Wrote artifact SemanticManifest to C:\Users\nicjc\my_dbt_project\target\semantic_manifest.json
[0m12:02:20.945400 [debug] [MainThread]: Wrote artifact OsiDocument to C:\Users\nicjc\my_dbt_project\target\osi_document.json
[0m12:02:20.951233 [debug] [MainThread]: Wrote artifact RunExecutionResult to C:\Users\nicjc\my_dbt_project\target\run_results.json
[0m12:02:20.951491 [info ] [MainThread]: 
[0m12:02:20.951879 [info ] [MainThread]: [31mCompleted with 1 error, 0 partial successes, and 0 warnings:[0m
[0m12:02:20.952310 [info ] [MainThread]: 
[0m12:02:20.952754 [error] [MainThread]: [[31mERROR[0m]: in model example (models\example.sql)
[0m12:02:20.953206 [error] [MainThread]:   ('42000', "[42000] [Microsoft][ODBC Driver 18 for SQL Server][SQL Server]CREATE VIEW permission denied in database 'master'. (262) (SQLMoreResults)")
[0m12:02:20.953609 [info ] [MainThread]: 
[0m12:02:20.954119 [info ] [MainThread]:   compiled code at target\compiled\my_dbt_project\models\example.sql
[0m12:02:20.954579 [info ] [MainThread]: 
[0m12:02:20.955180 [info ] [MainThread]: Done. PASS=0 WARN=0 ERROR=1 SKIP=0 NO-OP=0 REUSED=0 TOTAL=1
[0m12:02:20.956320 [debug] [MainThread]: Command `dbt run` failed at 12:02:20.956210 after 1.39 seconds
[0m12:02:20.956649 [debug] [MainThread]: Sending event: {'category': 'dbt', 'action': 'invocation', 'label': 'end', 'context': [<snowplow_tracker.self_describing_json.SelfDescribingJson object at 0x000001E04390F800>, <snowplow_tracker.self_describing_json.SelfDescribingJson object at 0x000001E03CA69450>, <snowplow_tracker.self_describing_json.SelfDescribingJson object at 0x000001E0431A2710>]}
[0m12:02:20.956940 [debug] [MainThread]: Flushing usage events
[0m12:02:22.397508 [debug] [MainThread]: An error was encountered while trying to flush usage events
[0m12:05:29.859512 [debug] [MainThread]: Sending event: {'category': 'dbt', 'action': 'invocation', 'label': 'start', 'context': [<snowplow_tracker.self_describing_json.SelfDescribingJson object at 0x000001FBB94B5D30>, <snowplow_tracker.self_describing_json.SelfDescribingJson object at 0x000001FBB704CB90>, <snowplow_tracker.self_describing_json.SelfDescribingJson object at 0x000001FBBBE6B890>]}


============================== 12:05:29.863009 | 55d2524b-b21c-4c92-a8b1-d9cac47a0400 ==============================
[0m12:05:29.863009 [info ] [MainThread]: Running with dbt=1.12.5
[0m12:05:29.863548 [debug] [MainThread]: running dbt with arguments {'maximum_seed_size_mib': '1', 'no_print': 'None', 'static_parser': 'True', 'target_path': 'None', 'version_check': 'True', 'warn_error_options': 'WarnErrorOptionsV2(error=[], warn=[], silence=[])', 'printer_width': '80', 'write_json': 'True', 'empty': 'False', 'log_cache_events': 'False', 'introspect': 'True', 'cache_selected_only': 'False', 'log_format': 'default', 'debug': 'False', 'fail_fast': 'False', 'partial_parse': 'True', 'send_anonymous_usage_stats': 'True', 'quiet': 'False', 'warn_error': 'None', 'profiles_dir': 'C:\\Users\\nicjc\\.dbt', 'invocation_command': 'dbt run --profile sqlserver_profile', 'hints_enabled': 'True', 'indirect_selection': 'eager', 'use_experimental_parser': 'False', 'use_colors': 'True', 'log_path': 'C:\\Users\\nicjc\\my_dbt_project\\logs'}
[0m12:05:30.070192 [debug] [MainThread]: Sending event: {'category': 'dbt', 'action': 'project_id', 'label': '55d2524b-b21c-4c92-a8b1-d9cac47a0400', 'context': [<snowplow_tracker.self_describing_json.SelfDescribingJson object at 0x000001FBBBF0FE10>]}
[0m12:05:30.128102 [debug] [MainThread]: Sending event: {'category': 'dbt', 'action': 'adapter_info', 'label': '55d2524b-b21c-4c92-a8b1-d9cac47a0400', 'context': [<snowplow_tracker.self_describing_json.SelfDescribingJson object at 0x000001FBBC423AC0>]}
[0m12:05:30.128862 [info ] [MainThread]: Registered adapter: sqlserver=1.12.0
[0m12:05:30.348283 [debug] [MainThread]: checksum: 84e6854b018826ad904eca26f98d7d902f51ac360469f424a309c73808fc198c, vars: {}, profile: sqlserver_profile, target: dev, version: 1.12.5
[0m12:05:30.438936 [debug] [MainThread]: Partial parsing enabled: 0 files deleted, 0 files added, 0 files changed.
[0m12:05:30.439273 [debug] [MainThread]: Nothing changed, skipping partial parsing.
[0m12:05:30.439478 [debug] [MainThread]: Partial parsing enabled, no changes found, skipping parsing
[0m12:05:30.447462 [debug] [MainThread]: Sending event: {'category': 'dbt', 'action': 'load_project', 'label': '55d2524b-b21c-4c92-a8b1-d9cac47a0400', 'context': [<snowplow_tracker.self_describing_json.SelfDescribingJson object at 0x000001FBBC381650>]}
[0m12:05:30.520946 [debug] [MainThread]: Wrote artifact WritableManifest to C:\Users\nicjc\my_dbt_project\target\manifest.json
[0m12:05:30.523963 [debug] [MainThread]: Wrote artifact SemanticManifest to C:\Users\nicjc\my_dbt_project\target\semantic_manifest.json
[0m12:05:30.540007 [debug] [MainThread]: Wrote artifact OsiDocument to C:\Users\nicjc\my_dbt_project\target\osi_document.json
[0m12:05:30.547695 [debug] [MainThread]: Sending event: {'category': 'dbt', 'action': 'resource_counts', 'label': '55d2524b-b21c-4c92-a8b1-d9cac47a0400', 'context': [<snowplow_tracker.self_describing_json.SelfDescribingJson object at 0x000001FBBCA1D9A0>]}
[0m12:05:30.548059 [info ] [MainThread]: Found 1 model, 578 macros
[0m12:05:30.548423 [debug] [MainThread]: Sending event: {'category': 'dbt', 'action': 'runnable_timing', 'label': '55d2524b-b21c-4c92-a8b1-d9cac47a0400', 'context': [<snowplow_tracker.self_describing_json.SelfDescribingJson object at 0x000001FBBCA56970>]}
[0m12:05:30.549964 [info ] [MainThread]: 
[0m12:05:30.550330 [info ] [MainThread]: Concurrency: 1 threads (target='dev')
[0m12:05:30.550715 [info ] [MainThread]: 
[0m12:05:30.551381 [debug] [MainThread]: Acquiring new sqlserver connection 'master'
[0m12:05:30.552215 [debug] [ThreadPool]: Acquiring new sqlserver connection 'list_master'
[0m12:05:30.574598 [debug] [ThreadPool]: dbt-sqlserver
[0m12:05:30.576781 [debug] [ThreadPool]: Using sqlserver connection "list_master"
[0m12:05:30.577029 [debug] [ThreadPool]: On list_master: /* {"app": "dbt", "dbt_version": "1.12.5", "profile_name": "sqlserver_profile", "target_name": "dev", "connection_name": "list_master"} */
USE "master";
    select  name as [schema]
    from sys.schemas with (nolock) 
    OPTION (LABEL = 'dbt-sqlserver');

  
[0m12:05:30.577255 [debug] [ThreadPool]: Opening a new connection, currently in state init
[0m12:05:30.580059 [debug] [ThreadPool]: sqlserver adapter: Using connection string: DRIVER={ODBC Driver 18 for SQL Server};SERVER=localhost,1433;Database=master;UID=***;PWD=***;encrypt=No;TrustServerCertificate=Yes;APP=dbt-sqlserver/1.12.0;Pooling=true;SQL_ATTR_TRACE=SQL_OPT_TRACE_OFF;ConnectRetryCount=3;ConnectRetryInterval=10
[0m12:05:30.724107 [debug] [ThreadPool]: sqlserver adapter: Connected to db: master
[0m12:05:30.725884 [debug] [ThreadPool]: SQL status: OK in 0.000 seconds
[0m12:05:30.726984 [debug] [ThreadPool]: On list_master: Close
[0m12:05:30.728541 [debug] [ThreadPool]: Acquiring new sqlserver connection 'list_master_dbo'
[0m12:05:30.732937 [debug] [ThreadPool]: dbt-sqlserver
[0m12:05:30.733385 [debug] [ThreadPool]: Using sqlserver connection "list_master_dbo"
[0m12:05:30.733604 [debug] [ThreadPool]: On list_master_dbo: BEGIN TRANSACTION
[0m12:05:30.733813 [debug] [ThreadPool]: Opening a new connection, currently in state init
[0m12:05:30.734118 [debug] [ThreadPool]: sqlserver adapter: Using connection string: DRIVER={ODBC Driver 18 for SQL Server};SERVER=localhost,1433;Database=master;UID=***;PWD=***;encrypt=No;TrustServerCertificate=Yes;APP=dbt-sqlserver/1.12.0;Pooling=true;SQL_ATTR_TRACE=SQL_OPT_TRACE_OFF;ConnectRetryCount=3;ConnectRetryInterval=10
[0m12:05:30.734399 [debug] [ThreadPool]: sqlserver adapter: Connected to db: master
[0m12:05:30.735374 [debug] [ThreadPool]: SQL status: OK in 0.000 seconds
[0m12:05:30.735982 [debug] [ThreadPool]: Using sqlserver connection "list_master_dbo"
[0m12:05:30.736586 [debug] [ThreadPool]: On list_master_dbo: /* {"app": "dbt", "dbt_version": "1.12.5", "profile_name": "sqlserver_profile", "target_name": "dev", "connection_name": "list_master_dbo"} */
USE "master";
    declare @schema_id int = schema_id('dbo');
    select
      DB_NAME() as [database],
      t.name as [name],
      'dbo' as [schema],
      'table' as table_type
    from sys.tables as t with (nolock)
    where t.schema_id = @schema_id
    union all
    select
      DB_NAME() as [database],
      v.name as [name],
      'dbo' as [schema],
      'view' as table_type
    from sys.views as v with (nolock)
    where v.schema_id = @schema_id
    
    OPTION (LABEL = 'dbt-sqlserver');

  
[0m12:05:30.761346 [debug] [ThreadPool]: SQL status: OK in 0.000 seconds
[0m12:05:30.762778 [debug] [ThreadPool]: On list_master_dbo: ROLLBACK
[0m12:05:30.763451 [debug] [ThreadPool]: On list_master_dbo: Close
[0m12:05:30.764767 [debug] [MainThread]: Sending event: {'category': 'dbt', 'action': 'runnable_timing', 'label': '55d2524b-b21c-4c92-a8b1-d9cac47a0400', 'context': [<snowplow_tracker.self_describing_json.SelfDescribingJson object at 0x000001FBBCA9D640>]}
[0m12:05:30.765110 [debug] [MainThread]: Using sqlserver connection "master"
[0m12:05:30.765326 [debug] [MainThread]: On master: BEGIN TRANSACTION
[0m12:05:30.765520 [debug] [MainThread]: Opening a new connection, currently in state init
[0m12:05:30.765835 [debug] [MainThread]: sqlserver adapter: Using connection string: DRIVER={ODBC Driver 18 for SQL Server};SERVER=localhost,1433;Database=master;UID=***;PWD=***;encrypt=No;TrustServerCertificate=Yes;APP=dbt-sqlserver/1.12.0;Pooling=true;SQL_ATTR_TRACE=SQL_OPT_TRACE_OFF;ConnectRetryCount=3;ConnectRetryInterval=10
[0m12:05:30.766111 [debug] [MainThread]: sqlserver adapter: Connected to db: master
[0m12:05:30.766789 [debug] [MainThread]: SQL status: OK in 0.000 seconds
[0m12:05:30.767079 [debug] [MainThread]: On master: COMMIT
[0m12:05:30.767332 [debug] [MainThread]: Using sqlserver connection "master"
[0m12:05:30.767569 [debug] [MainThread]: On master: IF @@TRANCOUNT > 0 COMMIT TRANSACTION
[0m12:05:30.768024 [debug] [MainThread]: SQL status: OK in 0.000 seconds
[0m12:05:30.768262 [debug] [MainThread]: On master: Close
[0m12:05:30.770833 [debug] [Thread-1 (]: Began running node model.my_dbt_project.example
[0m12:05:30.771223 [info ] [Thread-1 (]: 1 of 1 START sql view model dbo.example ........................................ [RUN]
[0m12:05:30.771720 [debug] [Thread-1 (]: Acquiring new sqlserver connection 'model.my_dbt_project.example'
[0m12:05:30.772013 [debug] [Thread-1 (]: Began compiling node model.my_dbt_project.example
[0m12:05:30.776072 [debug] [Thread-1 (]: Writing injected SQL for node "model.my_dbt_project.example"
[0m12:05:30.776747 [debug] [Thread-1 (]: Began executing node model.my_dbt_project.example
[0m12:05:30.819458 [debug] [Thread-1 (]: Writing runtime sql for node "model.my_dbt_project.example"
[0m12:05:30.820665 [debug] [Thread-1 (]: Using sqlserver connection "model.my_dbt_project.example"
[0m12:05:30.821017 [debug] [Thread-1 (]: On model.my_dbt_project.example: BEGIN TRANSACTION
[0m12:05:30.821264 [debug] [Thread-1 (]: Opening a new connection, currently in state init
[0m12:05:30.821614 [debug] [Thread-1 (]: sqlserver adapter: Using connection string: DRIVER={ODBC Driver 18 for SQL Server};SERVER=localhost,1433;Database=master;UID=***;PWD=***;encrypt=No;TrustServerCertificate=Yes;APP=dbt-sqlserver/1.12.0;Pooling=true;SQL_ATTR_TRACE=SQL_OPT_TRACE_OFF;ConnectRetryCount=3;ConnectRetryInterval=10
[0m12:05:30.916597 [debug] [Thread-1 (]: sqlserver adapter: Connected to db: master
[0m12:05:30.917687 [debug] [Thread-1 (]: SQL status: OK in 0.000 seconds
[0m12:05:30.917994 [debug] [Thread-1 (]: Using sqlserver connection "model.my_dbt_project.example"
[0m12:05:30.918265 [debug] [Thread-1 (]: On model.my_dbt_project.example: /* {"app": "dbt", "dbt_version": "1.12.5", "profile_name": "sqlserver_profile", "target_name": "dev", "node_id": "model.my_dbt_project.example"} */
USE "master";
    
    

    

    USE "master";
    EXEC('
        CREATE OR ALTER VIEW "dbo"."example" AS select
    name,
    database_id,
    create_date
from sys.databases;
    ')


[0m12:05:30.925089 [debug] [Thread-1 (]: SQL status: OK in 0.000 seconds
[0m12:05:30.926026 [debug] [Thread-1 (]: On model.my_dbt_project.example: ROLLBACK
[0m12:05:30.926469 [debug] [Thread-1 (]: On model.my_dbt_project.example: Close
[0m12:05:30.926896 [error] [Thread-1 (]: [[31mERROR[0m]: Unhandled error while executing target\run\my_dbt_project\models\example.sql
('42000', "[42000] [Microsoft][ODBC Driver 18 for SQL Server][SQL Server]CREATE VIEW permission denied in database 'master'. (262) (SQLMoreResults)")
[0m12:05:30.932439 [debug] [Thread-1 (]: Traceback (most recent call last):
  File "C:\envs\dbt_sqlserver\Lib\site-packages\dbt\task\base.py", line 388, in safe_run
    result = self.compile_and_execute(manifest, ctx)
  File "C:\envs\dbt_sqlserver\Lib\site-packages\dbt\task\base.py", line 335, in compile_and_execute
    result = self.run(ctx.node, manifest)
  File "C:\envs\dbt_sqlserver\Lib\site-packages\dbt\task\base.py", line 440, in run
    return self.execute(compiled_node, manifest)  # type: ignore[arg-type]
           ~~~~~~~~~~~~^^^^^^^^^^^^^^^^^^^^^^^^^
  File "C:\envs\dbt_sqlserver\Lib\site-packages\dbt\task\run.py", line 484, in execute
    return self._execute_model(
           ~~~~~~~~~~~~~~~~~~~^
        hook_ctx, context["config"], model, context, materialization_macro, manifest
        ^^^^^^^^^^^^^^^^^^^^^^^^^^^^^^^^^^^^^^^^^^^^^^^^^^^^^^^^^^^^^^^^^^^^^^^^^^^^
    )
    ^
  File "C:\envs\dbt_sqlserver\Lib\site-packages\dbt\task\run.py", line 440, in _execute_model
    result = MacroGenerator(
        materialization_macro, context, stack=context["context_macro_stack"]
    )()
  File "C:\envs\dbt_sqlserver\Lib\site-packages\dbt\clients\jinja.py", line 151, in __call__
    return self.call_macro(*args, **kwargs)
           ~~~~~~~~~~~~~~~^^^^^^^^^^^^^^^^^
  File "C:\envs\dbt_sqlserver\Lib\site-packages\dbt_common\clients\jinja.py", line 395, in call_macro
    return macro(*args, **kwargs)
  File "C:\envs\dbt_sqlserver\Lib\site-packages\jinja2\runtime.py", line 770, in __call__
    return self._invoke(arguments, autoescape)
           ~~~~~~~~~~~~^^^^^^^^^^^^^^^^^^^^^^^
  File "C:\envs\dbt_sqlserver\Lib\site-packages\jinja2\runtime.py", line 784, in _invoke
    rv = self._func(*arguments)
  File "<template>", line 320, in macro
  File "C:\envs\dbt_sqlserver\Lib\site-packages\jinja2\sandbox.py", line 401, in call
    return __context.call(__obj, *args, **kwargs)
           ~~~~~~~~~~~~~~^^^^^^^^^^^^^^^^^^^^^^^^
  File "C:\envs\dbt_sqlserver\Lib\site-packages\jinja2\runtime.py", line 303, in call
    return __obj(*args, **kwargs)
  File "C:\envs\dbt_sqlserver\Lib\site-packages\dbt\clients\jinja.py", line 151, in __call__
    return self.call_macro(*args, **kwargs)
           ~~~~~~~~~~~~~~~^^^^^^^^^^^^^^^^^
  File "C:\envs\dbt_sqlserver\Lib\site-packages\dbt_common\clients\jinja.py", line 395, in call_macro
    return macro(*args, **kwargs)
  File "C:\envs\dbt_sqlserver\Lib\site-packages\jinja2\runtime.py", line 770, in __call__
    return self._invoke(arguments, autoescape)
           ~~~~~~~~~~~~^^^^^^^^^^^^^^^^^^^^^^^
  File "C:\envs\dbt_sqlserver\Lib\site-packages\jinja2\runtime.py", line 784, in _invoke
    rv = self._func(*arguments)
  File "<template>", line 52, in macro
  File "C:\envs\dbt_sqlserver\Lib\site-packages\jinja2\sandbox.py", line 401, in call
    return __context.call(__obj, *args, **kwargs)
           ~~~~~~~~~~~~~~^^^^^^^^^^^^^^^^^^^^^^^^
  File "C:\envs\dbt_sqlserver\Lib\site-packages\jinja2\runtime.py", line 303, in call
    return __obj(*args, **kwargs)
  File "C:\envs\dbt_sqlserver\Lib\site-packages\dbt_common\record.py", line 538, in record_replay_wrapper
    return func_to_record(*call_args, **kwargs)
  File "C:\envs\dbt_sqlserver\Lib\site-packages\dbt\adapters\base\impl.py", line 523, in execute
    return self.connections.execute(sql=sql, auto_begin=auto_begin, fetch=fetch, limit=limit)
           ~~~~~~~~~~~~~~~~~~~~~~~~^^^^^^^^^^^^^^^^^^^^^^^^^^^^^^^^^^^^^^^^^^^^^^^^^^^^^^^^^^
  File "C:\envs\dbt_sqlserver\Lib\site-packages\dbt\adapters\sqlserver\sqlserver_connections.py", line 865, in execute
    while _try_drain_nextset(cursor):
          ~~~~~~~~~~~~~~~~~~^^^^^^^^
  File "C:\envs\dbt_sqlserver\Lib\site-packages\dbt\adapters\sqlserver\sqlserver_connections.py", line 222, in _try_drain_nextset
    return bool(cursor.nextset())
                ~~~~~~~~~~~~~~^^
pyodbc.ProgrammingError: ('42000', "[42000] [Microsoft][ODBC Driver 18 for SQL Server][SQL Server]CREATE VIEW permission denied in database 'master'. (262) (SQLMoreResults)")

[0m12:05:30.934000 [debug] [Thread-1 (]: Sending event: {'category': 'dbt', 'action': 'run_model', 'label': '55d2524b-b21c-4c92-a8b1-d9cac47a0400', 'context': [<snowplow_tracker.self_describing_json.SelfDescribingJson object at 0x000001FBBC7AFD10>]}
[0m12:05:30.934514 [error] [Thread-1 (]: 1 of 1 ERROR creating sql view model dbo.example ............................... [[31mERROR[0m in 0.16s]
[0m12:05:30.935411 [debug] [Thread-1 (]: Finished running node model.my_dbt_project.example
[0m12:05:30.936377 [debug] [Thread-4 (]: Marking all children of 'model.my_dbt_project.example' to be skipped because of status 'error'.  Reason: ('42000', "[42000] [Microsoft][ODBC Driver 18 for SQL Server][SQL Server]CREATE VIEW permission denied in database 'master'. (262) (SQLMoreResults)").
[0m12:05:30.938161 [debug] [MainThread]: Using sqlserver connection "master"
[0m12:05:30.938400 [debug] [MainThread]: On master: BEGIN TRANSACTION
[0m12:05:30.938617 [debug] [MainThread]: Opening a new connection, currently in state closed
[0m12:05:30.938921 [debug] [MainThread]: sqlserver adapter: Using connection string: DRIVER={ODBC Driver 18 for SQL Server};SERVER=localhost,1433;Database=master;UID=***;PWD=***;encrypt=No;TrustServerCertificate=Yes;APP=dbt-sqlserver/1.12.0;Pooling=true;SQL_ATTR_TRACE=SQL_OPT_TRACE_OFF;ConnectRetryCount=3;ConnectRetryInterval=10
[0m12:05:30.939225 [debug] [MainThread]: sqlserver adapter: Connected to db: master
[0m12:05:30.939865 [debug] [MainThread]: SQL status: OK in 0.000 seconds
[0m12:05:30.940320 [debug] [MainThread]: On master: COMMIT
[0m12:05:30.940817 [debug] [MainThread]: Using sqlserver connection "master"
[0m12:05:30.941130 [debug] [MainThread]: On master: IF @@TRANCOUNT > 0 COMMIT TRANSACTION
[0m12:05:30.941447 [debug] [MainThread]: SQL status: OK in 0.000 seconds
[0m12:05:30.941673 [debug] [MainThread]: On master: Close
[0m12:05:30.941964 [debug] [MainThread]: Connection 'master' was properly closed.
[0m12:05:30.942168 [debug] [MainThread]: Connection 'list_master' was properly closed.
[0m12:05:30.942375 [debug] [MainThread]: Connection 'list_master_dbo' was properly closed.
[0m12:05:30.942566 [debug] [MainThread]: Connection 'model.my_dbt_project.example' was properly closed.
[0m12:05:30.942870 [info ] [MainThread]: 
[0m12:05:30.943189 [info ] [MainThread]: Finished running 1 view model in 0 hours 0 minutes and 0.39 seconds (0.39s).
[0m12:05:30.943740 [debug] [MainThread]: Command end result
[0m12:05:30.971715 [debug] [MainThread]: Wrote artifact WritableManifest to C:\Users\nicjc\my_dbt_project\target\manifest.json
[0m12:05:30.974664 [debug] [MainThread]: Wrote artifact SemanticManifest to C:\Users\nicjc\my_dbt_project\target\semantic_manifest.json
[0m12:05:30.977325 [debug] [MainThread]: Wrote artifact OsiDocument to C:\Users\nicjc\my_dbt_project\target\osi_document.json
[0m12:05:30.983156 [debug] [MainThread]: Wrote artifact RunExecutionResult to C:\Users\nicjc\my_dbt_project\target\run_results.json
[0m12:05:30.983442 [info ] [MainThread]: 
[0m12:05:30.983908 [info ] [MainThread]: [31mCompleted with 1 error, 0 partial successes, and 0 warnings:[0m
[0m12:05:30.984333 [info ] [MainThread]: 
[0m12:05:30.984823 [error] [MainThread]: [[31mERROR[0m]: in model example (models\example.sql)
[0m12:05:30.985262 [error] [MainThread]:   ('42000', "[42000] [Microsoft][ODBC Driver 18 for SQL Server][SQL Server]CREATE VIEW permission denied in database 'master'. (262) (SQLMoreResults)")
[0m12:05:30.985588 [info ] [MainThread]: 
[0m12:05:30.985969 [info ] [MainThread]:   compiled code at target\compiled\my_dbt_project\models\example.sql
[0m12:05:30.986313 [info ] [MainThread]: 
[0m12:05:30.986724 [info ] [MainThread]: Done. PASS=0 WARN=0 ERROR=1 SKIP=0 NO-OP=0 REUSED=0 TOTAL=1
[0m12:05:30.987578 [debug] [MainThread]: Command `dbt run` failed at 12:05:30.987490 after 1.25 seconds
[0m12:05:30.987880 [debug] [MainThread]: Sending event: {'category': 'dbt', 'action': 'invocation', 'label': 'end', 'context': [<snowplow_tracker.self_describing_json.SelfDescribingJson object at 0x000001FBBCAB0470>, <snowplow_tracker.self_describing_json.SelfDescribingJson object at 0x000001FBB5C19450>, <snowplow_tracker.self_describing_json.SelfDescribingJson object at 0x000001FBB98B4230>]}
[0m12:05:30.988156 [debug] [MainThread]: Flushing usage events
[0m12:05:32.356898 [debug] [MainThread]: An error was encountered while trying to flush usage events
[0m12:08:22.639213 [debug] [MainThread]: Sending event: {'category': 'dbt', 'action': 'invocation', 'label': 'start', 'context': [<snowplow_tracker.self_describing_json.SelfDescribingJson object at 0x0000025674B31D30>, <snowplow_tracker.self_describing_json.SelfDescribingJson object at 0x00000256726CCB90>, <snowplow_tracker.self_describing_json.SelfDescribingJson object at 0x00000256774EB890>]}


============================== 12:08:22.642586 | 698eb857-ae09-4c8d-9a81-2e273668202c ==============================
[0m12:08:22.642586 [info ] [MainThread]: Running with dbt=1.12.5
[0m12:08:22.643185 [debug] [MainThread]: running dbt with arguments {'version_check': 'True', 'no_print': 'None', 'maximum_seed_size_mib': '1', 'target_path': 'None', 'warn_error_options': 'WarnErrorOptionsV2(error=[], warn=[], silence=[])', 'static_parser': 'True', 'printer_width': '80', 'write_json': 'True', 'introspect': 'True', 'log_cache_events': 'False', 'empty': 'False', 'cache_selected_only': 'False', 'fail_fast': 'False', 'debug': 'False', 'log_format': 'default', 'profiles_dir': 'C:\\Users\\nicjc\\.dbt', 'send_anonymous_usage_stats': 'True', 'quiet': 'False', 'warn_error': 'None', 'partial_parse': 'True', 'use_colors': 'True', 'hints_enabled': 'True', 'invocation_command': 'dbt run --profile sqlserver_profile', 'use_experimental_parser': 'False', 'indirect_selection': 'eager', 'log_path': 'C:\\Users\\nicjc\\my_dbt_project\\logs'}
[0m12:08:22.846904 [debug] [MainThread]: Sending event: {'category': 'dbt', 'action': 'project_id', 'label': '698eb857-ae09-4c8d-9a81-2e273668202c', 'context': [<snowplow_tracker.self_describing_json.SelfDescribingJson object at 0x000002567758FE10>]}
[0m12:08:22.903809 [debug] [MainThread]: Sending event: {'category': 'dbt', 'action': 'adapter_info', 'label': '698eb857-ae09-4c8d-9a81-2e273668202c', 'context': [<snowplow_tracker.self_describing_json.SelfDescribingJson object at 0x0000025677A23AC0>]}
[0m12:08:22.904605 [info ] [MainThread]: Registered adapter: sqlserver=1.12.0
[0m12:08:23.136350 [debug] [MainThread]: checksum: 84e6854b018826ad904eca26f98d7d902f51ac360469f424a309c73808fc198c, vars: {}, profile: sqlserver_profile, target: dev, version: 1.12.5
[0m12:08:23.196887 [info ] [MainThread]: Unable to do partial parsing because profile has changed
[0m12:08:23.197899 [debug] [MainThread]: Sending event: {'category': 'dbt', 'action': 'partial_parser', 'label': '698eb857-ae09-4c8d-9a81-2e273668202c', 'context': [<snowplow_tracker.self_describing_json.SelfDescribingJson object at 0x0000025677981450>]}
[0m12:08:24.225212 [debug] [MainThread]: Sending event: {'category': 'dbt', 'action': 'load_project', 'label': '698eb857-ae09-4c8d-9a81-2e273668202c', 'context': [<snowplow_tracker.self_describing_json.SelfDescribingJson object at 0x0000025677BABA70>]}
[0m12:08:24.284251 [debug] [MainThread]: Wrote artifact WritableManifest to C:\Users\nicjc\my_dbt_project\target\manifest.json
[0m12:08:24.287321 [debug] [MainThread]: Wrote artifact SemanticManifest to C:\Users\nicjc\my_dbt_project\target\semantic_manifest.json
[0m12:08:24.303622 [debug] [MainThread]: Wrote artifact OsiDocument to C:\Users\nicjc\my_dbt_project\target\osi_document.json
[0m12:08:24.311479 [debug] [MainThread]: Sending event: {'category': 'dbt', 'action': 'resource_counts', 'label': '698eb857-ae09-4c8d-9a81-2e273668202c', 'context': [<snowplow_tracker.self_describing_json.SelfDescribingJson object at 0x0000025678158F30>]}
[0m12:08:24.311844 [info ] [MainThread]: Found 1 model, 578 macros
[0m12:08:24.312256 [debug] [MainThread]: Sending event: {'category': 'dbt', 'action': 'runnable_timing', 'label': '698eb857-ae09-4c8d-9a81-2e273668202c', 'context': [<snowplow_tracker.self_describing_json.SelfDescribingJson object at 0x0000025677D3B790>]}
[0m12:08:24.314341 [info ] [MainThread]: 
[0m12:08:24.314791 [info ] [MainThread]: Concurrency: 1 threads (target='dev')
[0m12:08:24.315249 [info ] [MainThread]: 
[0m12:08:24.315918 [debug] [MainThread]: Acquiring new sqlserver connection 'master'
[0m12:08:24.316792 [debug] [ThreadPool]: Acquiring new sqlserver connection 'list_dbt_dev'
[0m12:08:24.334262 [debug] [ThreadPool]: dbt-sqlserver
[0m12:08:24.336551 [debug] [ThreadPool]: Using sqlserver connection "list_dbt_dev"
[0m12:08:24.336806 [debug] [ThreadPool]: On list_dbt_dev: /* {"app": "dbt", "dbt_version": "1.12.5", "profile_name": "sqlserver_profile", "target_name": "dev", "connection_name": "list_dbt_dev"} */
USE "dbt_dev";
    select  name as [schema]
    from sys.schemas with (nolock) 
    OPTION (LABEL = 'dbt-sqlserver');

  
[0m12:08:24.337023 [debug] [ThreadPool]: Opening a new connection, currently in state init
[0m12:08:24.339907 [debug] [ThreadPool]: sqlserver adapter: Using connection string: DRIVER={ODBC Driver 18 for SQL Server};SERVER=localhost,1433;Database=dbt_dev;UID=***;PWD=***;encrypt=No;TrustServerCertificate=Yes;APP=dbt-sqlserver/1.12.0;Pooling=true;SQL_ATTR_TRACE=SQL_OPT_TRACE_OFF;ConnectRetryCount=3;ConnectRetryInterval=10
[0m12:08:24.509188 [debug] [ThreadPool]: sqlserver adapter: SQL execution raised FailedToConnectError: Database Error
  ('28000', '[28000] [Microsoft][ODBC Driver 18 for SQL Server][SQL Server]Login failed for user \'databricks_user\'. (18456) (SQLDriverConnect); [28000] [Microsoft][ODBC Driver 18 for SQL Server][SQL Server]Cannot open database "dbt_dev" requested by the login. The login failed. (4060); [28000] [Microsoft][ODBC Driver 18 for SQL Server]Invalid connection string attribute (0); [28000] [Microsoft][ODBC Driver 18 for SQL Server][SQL Server]Login failed for user \'databricks_user\'. (18456); [28000] [Microsoft][ODBC Driver 18 for SQL Server][SQL Server]Cannot open database "dbt_dev" requested by the login. The login failed. (4060); [28000] [Microsoft][ODBC Driver 18 for SQL Server]Invalid connection string attribute (0)')
[0m12:08:24.509689 [debug] [ThreadPool]: sqlserver adapter: Error running SQL: /* {"app": "dbt", "dbt_version": "1.12.5", "profile_name": "sqlserver_profile", "target_name": "dev", "connection_name": "list_dbt_dev"} */
USE "dbt_dev";
    select  name as [schema]
    from sys.schemas with (nolock) 
    OPTION (LABEL = 'dbt-sqlserver');

  
[0m12:08:24.509925 [debug] [ThreadPool]: sqlserver adapter: Rolling back transaction.
[0m12:08:24.510152 [debug] [ThreadPool]: On list_dbt_dev: No close available on handle
[0m12:08:24.510451 [debug] [ThreadPool]: sqlserver adapter: SQL execution raised FailedToConnectError: Database Error
  ('28000', '[28000] [Microsoft][ODBC Driver 18 for SQL Server][SQL Server]Login failed for user \'databricks_user\'. (18456) (SQLDriverConnect); [28000] [Microsoft][ODBC Driver 18 for SQL Server][SQL Server]Cannot open database "dbt_dev" requested by the login. The login failed. (4060); [28000] [Microsoft][ODBC Driver 18 for SQL Server]Invalid connection string attribute (0); [28000] [Microsoft][ODBC Driver 18 for SQL Server][SQL Server]Login failed for user \'databricks_user\'. (18456); [28000] [Microsoft][ODBC Driver 18 for SQL Server][SQL Server]Cannot open database "dbt_dev" requested by the login. The login failed. (4060); [28000] [Microsoft][ODBC Driver 18 for SQL Server]Invalid connection string attribute (0)')
[0m12:08:24.510693 [debug] [ThreadPool]: sqlserver adapter: Error running SQL: macro list_schemas
[0m12:08:24.510891 [debug] [ThreadPool]: sqlserver adapter: Rolling back transaction.
[0m12:08:24.511759 [debug] [MainThread]: Connection 'master' was properly closed.
[0m12:08:24.512029 [debug] [MainThread]: Connection 'list_dbt_dev' was properly closed.
[0m12:08:24.512305 [info ] [MainThread]: 
[0m12:08:24.512668 [info ] [MainThread]: Finished running  in 0 hours 0 minutes and 0.20 seconds (0.20s).
[0m12:08:24.513289 [error] [MainThread]: [[31mERROR[0m]: Encountered an error:
Database Error
  ('28000', '[28000] [Microsoft][ODBC Driver 18 for SQL Server][SQL Server]Login failed for user \'databricks_user\'. (18456) (SQLDriverConnect); [28000] [Microsoft][ODBC Driver 18 for SQL Server][SQL Server]Cannot open database "dbt_dev" requested by the login. The login failed. (4060); [28000] [Microsoft][ODBC Driver 18 for SQL Server]Invalid connection string attribute (0); [28000] [Microsoft][ODBC Driver 18 for SQL Server][SQL Server]Login failed for user \'databricks_user\'. (18456); [28000] [Microsoft][ODBC Driver 18 for SQL Server][SQL Server]Cannot open database "dbt_dev" requested by the login. The login failed. (4060); [28000] [Microsoft][ODBC Driver 18 for SQL Server]Invalid connection string attribute (0)')
[0m12:08:24.514162 [debug] [MainThread]: Command `dbt run` failed at 12:08:24.514024 after 2.00 seconds
[0m12:08:24.514607 [debug] [MainThread]: Sending event: {'category': 'dbt', 'action': 'invocation', 'label': 'end', 'context': [<snowplow_tracker.self_describing_json.SelfDescribingJson object at 0x0000025677E134D0>, <snowplow_tracker.self_describing_json.SelfDescribingJson object at 0x0000025678170C00>, <snowplow_tracker.self_describing_json.SelfDescribingJson object at 0x0000025678173960>]}
[0m12:08:24.515011 [debug] [MainThread]: Flushing usage events
[0m12:08:25.727064 [debug] [MainThread]: An error was encountered while trying to flush usage events
[0m12:10:07.384087 [debug] [MainThread]: Sending event: {'category': 'dbt', 'action': 'invocation', 'label': 'start', 'context': [<snowplow_tracker.self_describing_json.SelfDescribingJson object at 0x0000017704975D30>, <snowplow_tracker.self_describing_json.SelfDescribingJson object at 0x000001770255CB90>, <snowplow_tracker.self_describing_json.SelfDescribingJson object at 0x000001770732B890>]}


============================== 12:10:07.387412 | b5d51968-96cc-4aed-b77d-8e60e9c2fd06 ==============================
[0m12:10:07.387412 [info ] [MainThread]: Running with dbt=1.12.5
[0m12:10:07.387914 [debug] [MainThread]: running dbt with arguments {'maximum_seed_size_mib': '1', 'no_print': 'None', 'version_check': 'True', 'target_path': 'None', 'warn_error_options': 'WarnErrorOptionsV2(error=[], warn=[], silence=[])', 'static_parser': 'True', 'printer_width': '80', 'write_json': 'True', 'introspect': 'True', 'log_cache_events': 'False', 'empty': 'False', 'cache_selected_only': 'False', 'log_format': 'default', 'debug': 'False', 'fail_fast': 'False', 'profiles_dir': 'C:\\Users\\nicjc\\.dbt', 'send_anonymous_usage_stats': 'True', 'quiet': 'False', 'warn_error': 'None', 'partial_parse': 'True', 'invocation_command': 'dbt run --profile sqlserver_profile', 'hints_enabled': 'True', 'indirect_selection': 'eager', 'use_experimental_parser': 'False', 'use_colors': 'True', 'log_path': 'C:\\Users\\nicjc\\my_dbt_project\\logs'}
[0m12:10:07.598325 [debug] [MainThread]: Sending event: {'category': 'dbt', 'action': 'project_id', 'label': 'b5d51968-96cc-4aed-b77d-8e60e9c2fd06', 'context': [<snowplow_tracker.self_describing_json.SelfDescribingJson object at 0x00000177073CFE10>]}
[0m12:10:07.657312 [debug] [MainThread]: Sending event: {'category': 'dbt', 'action': 'adapter_info', 'label': 'b5d51968-96cc-4aed-b77d-8e60e9c2fd06', 'context': [<snowplow_tracker.self_describing_json.SelfDescribingJson object at 0x0000017707863AC0>]}
[0m12:10:07.658096 [info ] [MainThread]: Registered adapter: sqlserver=1.12.0
[0m12:10:07.885309 [debug] [MainThread]: checksum: 84e6854b018826ad904eca26f98d7d902f51ac360469f424a309c73808fc198c, vars: {}, profile: sqlserver_profile, target: dev, version: 1.12.5
[0m12:10:07.979501 [debug] [MainThread]: Partial parsing enabled: 0 files deleted, 0 files added, 0 files changed.
[0m12:10:07.979844 [debug] [MainThread]: Nothing changed, skipping partial parsing.
[0m12:10:07.980051 [debug] [MainThread]: Partial parsing enabled, no changes found, skipping parsing
[0m12:10:07.988248 [debug] [MainThread]: Sending event: {'category': 'dbt', 'action': 'load_project', 'label': 'b5d51968-96cc-4aed-b77d-8e60e9c2fd06', 'context': [<snowplow_tracker.self_describing_json.SelfDescribingJson object at 0x00000177077C1650>]}
[0m12:10:08.062902 [debug] [MainThread]: Wrote artifact WritableManifest to C:\Users\nicjc\my_dbt_project\target\manifest.json
[0m12:10:08.065893 [debug] [MainThread]: Wrote artifact SemanticManifest to C:\Users\nicjc\my_dbt_project\target\semantic_manifest.json
[0m12:10:08.081981 [debug] [MainThread]: Wrote artifact OsiDocument to C:\Users\nicjc\my_dbt_project\target\osi_document.json
[0m12:10:08.089645 [debug] [MainThread]: Sending event: {'category': 'dbt', 'action': 'resource_counts', 'label': 'b5d51968-96cc-4aed-b77d-8e60e9c2fd06', 'context': [<snowplow_tracker.self_describing_json.SelfDescribingJson object at 0x0000017707E5D9A0>]}
[0m12:10:08.090024 [info ] [MainThread]: Found 1 model, 578 macros
[0m12:10:08.090400 [debug] [MainThread]: Sending event: {'category': 'dbt', 'action': 'runnable_timing', 'label': 'b5d51968-96cc-4aed-b77d-8e60e9c2fd06', 'context': [<snowplow_tracker.self_describing_json.SelfDescribingJson object at 0x0000017707E96970>]}
[0m12:10:08.092024 [info ] [MainThread]: 
[0m12:10:08.092520 [info ] [MainThread]: Concurrency: 1 threads (target='dev')
[0m12:10:08.092943 [info ] [MainThread]: 
[0m12:10:08.093495 [debug] [MainThread]: Acquiring new sqlserver connection 'master'
[0m12:10:08.094459 [debug] [ThreadPool]: Acquiring new sqlserver connection 'list_dbt_dev'
[0m12:10:08.116850 [debug] [ThreadPool]: dbt-sqlserver
[0m12:10:08.119047 [debug] [ThreadPool]: Using sqlserver connection "list_dbt_dev"
[0m12:10:08.119359 [debug] [ThreadPool]: On list_dbt_dev: /* {"app": "dbt", "dbt_version": "1.12.5", "profile_name": "sqlserver_profile", "target_name": "dev", "connection_name": "list_dbt_dev"} */
USE "dbt_dev";
    select  name as [schema]
    from sys.schemas with (nolock) 
    OPTION (LABEL = 'dbt-sqlserver');

  
[0m12:10:08.119622 [debug] [ThreadPool]: Opening a new connection, currently in state init
[0m12:10:08.122714 [debug] [ThreadPool]: sqlserver adapter: Using connection string: DRIVER={ODBC Driver 18 for SQL Server};SERVER=localhost,1433;Database=dbt_dev;UID=***;PWD=***;encrypt=No;TrustServerCertificate=Yes;APP=dbt-sqlserver/1.12.0;Pooling=true;SQL_ATTR_TRACE=SQL_OPT_TRACE_OFF;ConnectRetryCount=3;ConnectRetryInterval=10
[0m12:10:08.265852 [debug] [ThreadPool]: sqlserver adapter: Connected to db: dbt_dev
[0m12:10:08.267743 [debug] [ThreadPool]: SQL status: OK in 0.000 seconds
[0m12:10:08.268815 [debug] [ThreadPool]: On list_dbt_dev: Close
[0m12:10:08.270436 [debug] [ThreadPool]: Acquiring new sqlserver connection 'list_dbt_dev_dbo'
[0m12:10:08.275022 [debug] [ThreadPool]: dbt-sqlserver
[0m12:10:08.275476 [debug] [ThreadPool]: Using sqlserver connection "list_dbt_dev_dbo"
[0m12:10:08.275698 [debug] [ThreadPool]: On list_dbt_dev_dbo: BEGIN TRANSACTION
[0m12:10:08.275918 [debug] [ThreadPool]: Opening a new connection, currently in state init
[0m12:10:08.276239 [debug] [ThreadPool]: sqlserver adapter: Using connection string: DRIVER={ODBC Driver 18 for SQL Server};SERVER=localhost,1433;Database=dbt_dev;UID=***;PWD=***;encrypt=No;TrustServerCertificate=Yes;APP=dbt-sqlserver/1.12.0;Pooling=true;SQL_ATTR_TRACE=SQL_OPT_TRACE_OFF;ConnectRetryCount=3;ConnectRetryInterval=10
[0m12:10:08.276532 [debug] [ThreadPool]: sqlserver adapter: Connected to db: dbt_dev
[0m12:10:08.277217 [debug] [ThreadPool]: SQL status: OK in 0.000 seconds
[0m12:10:08.277508 [debug] [ThreadPool]: Using sqlserver connection "list_dbt_dev_dbo"
[0m12:10:08.277777 [debug] [ThreadPool]: On list_dbt_dev_dbo: /* {"app": "dbt", "dbt_version": "1.12.5", "profile_name": "sqlserver_profile", "target_name": "dev", "connection_name": "list_dbt_dev_dbo"} */
USE "dbt_dev";
    declare @schema_id int = schema_id('dbo');
    select
      DB_NAME() as [database],
      t.name as [name],
      'dbo' as [schema],
      'table' as table_type
    from sys.tables as t with (nolock)
    where t.schema_id = @schema_id
    union all
    select
      DB_NAME() as [database],
      v.name as [name],
      'dbo' as [schema],
      'view' as table_type
    from sys.views as v with (nolock)
    where v.schema_id = @schema_id
    
    OPTION (LABEL = 'dbt-sqlserver');

  
[0m12:10:08.309700 [debug] [ThreadPool]: SQL status: OK in 0.000 seconds
[0m12:10:08.310813 [debug] [ThreadPool]: On list_dbt_dev_dbo: ROLLBACK
[0m12:10:08.311365 [debug] [ThreadPool]: On list_dbt_dev_dbo: Close
[0m12:10:08.312105 [debug] [MainThread]: Sending event: {'category': 'dbt', 'action': 'runnable_timing', 'label': 'b5d51968-96cc-4aed-b77d-8e60e9c2fd06', 'context': [<snowplow_tracker.self_describing_json.SelfDescribingJson object at 0x0000017707EDD4A0>]}
[0m12:10:08.312534 [debug] [MainThread]: Using sqlserver connection "master"
[0m12:10:08.312795 [debug] [MainThread]: On master: BEGIN TRANSACTION
[0m12:10:08.313005 [debug] [MainThread]: Opening a new connection, currently in state init
[0m12:10:08.313304 [debug] [MainThread]: sqlserver adapter: Using connection string: DRIVER={ODBC Driver 18 for SQL Server};SERVER=localhost,1433;Database=dbt_dev;UID=***;PWD=***;encrypt=No;TrustServerCertificate=Yes;APP=dbt-sqlserver/1.12.0;Pooling=true;SQL_ATTR_TRACE=SQL_OPT_TRACE_OFF;ConnectRetryCount=3;ConnectRetryInterval=10
[0m12:10:08.313582 [debug] [MainThread]: sqlserver adapter: Connected to db: dbt_dev
[0m12:10:08.314130 [debug] [MainThread]: SQL status: OK in 0.000 seconds
[0m12:10:08.314420 [debug] [MainThread]: On master: COMMIT
[0m12:10:08.314676 [debug] [MainThread]: Using sqlserver connection "master"
[0m12:10:08.314891 [debug] [MainThread]: On master: IF @@TRANCOUNT > 0 COMMIT TRANSACTION
[0m12:10:08.315298 [debug] [MainThread]: SQL status: OK in 0.000 seconds
[0m12:10:08.315525 [debug] [MainThread]: On master: Close
[0m12:10:08.317892 [debug] [Thread-1 (]: Began running node model.my_dbt_project.example
[0m12:10:08.318285 [info ] [Thread-1 (]: 1 of 1 START sql view model dbo.example ........................................ [RUN]
[0m12:10:08.318766 [debug] [Thread-1 (]: Acquiring new sqlserver connection 'model.my_dbt_project.example'
[0m12:10:08.319056 [debug] [Thread-1 (]: Began compiling node model.my_dbt_project.example
[0m12:10:08.323166 [debug] [Thread-1 (]: Writing injected SQL for node "model.my_dbt_project.example"
[0m12:10:08.323863 [debug] [Thread-1 (]: Began executing node model.my_dbt_project.example
[0m12:10:08.366102 [debug] [Thread-1 (]: Writing runtime sql for node "model.my_dbt_project.example"
[0m12:10:08.367022 [debug] [Thread-1 (]: Using sqlserver connection "model.my_dbt_project.example"
[0m12:10:08.367305 [debug] [Thread-1 (]: On model.my_dbt_project.example: BEGIN TRANSACTION
[0m12:10:08.367567 [debug] [Thread-1 (]: Opening a new connection, currently in state init
[0m12:10:08.367917 [debug] [Thread-1 (]: sqlserver adapter: Using connection string: DRIVER={ODBC Driver 18 for SQL Server};SERVER=localhost,1433;Database=dbt_dev;UID=***;PWD=***;encrypt=No;TrustServerCertificate=Yes;APP=dbt-sqlserver/1.12.0;Pooling=true;SQL_ATTR_TRACE=SQL_OPT_TRACE_OFF;ConnectRetryCount=3;ConnectRetryInterval=10
[0m12:10:08.464931 [debug] [Thread-1 (]: sqlserver adapter: Connected to db: dbt_dev
[0m12:10:08.466412 [debug] [Thread-1 (]: SQL status: OK in 0.000 seconds
[0m12:10:08.466696 [debug] [Thread-1 (]: Using sqlserver connection "model.my_dbt_project.example"
[0m12:10:08.466951 [debug] [Thread-1 (]: On model.my_dbt_project.example: /* {"app": "dbt", "dbt_version": "1.12.5", "profile_name": "sqlserver_profile", "target_name": "dev", "node_id": "model.my_dbt_project.example"} */
USE "dbt_dev";
    
    

    

    USE "dbt_dev";
    EXEC('
        CREATE OR ALTER VIEW "dbo"."example" AS select
    name,
    database_id,
    create_date
from sys.databases;
    ')


[0m12:10:08.476245 [debug] [Thread-1 (]: SQL status: OK in 0.000 seconds
[0m12:10:08.497020 [debug] [Thread-1 (]: On model.my_dbt_project.example: COMMIT
[0m12:10:08.497355 [debug] [Thread-1 (]: Using sqlserver connection "model.my_dbt_project.example"
[0m12:10:08.497610 [debug] [Thread-1 (]: On model.my_dbt_project.example: IF @@TRANCOUNT > 0 COMMIT TRANSACTION
[0m12:10:08.498309 [debug] [Thread-1 (]: SQL status: OK in 0.000 seconds
[0m12:10:08.502471 [debug] [Thread-1 (]: Applying DROP to: "dbt_dev"."dbo"."example__dbt_backup"
[0m12:10:08.507947 [debug] [Thread-1 (]: dbt-sqlserver
[0m12:10:08.508800 [debug] [Thread-1 (]: Using sqlserver connection "model.my_dbt_project.example"
[0m12:10:08.509113 [debug] [Thread-1 (]: On model.my_dbt_project.example: /* {"app": "dbt", "dbt_version": "1.12.5", "profile_name": "sqlserver_profile", "target_name": "dev", "node_id": "model.my_dbt_project.example"} */

        USE "dbt_dev";
        select
            sch.name as schema_name,
            obj.name as view_name
        from sys.sql_expression_dependencies refs with (nolock)
        inner join sys.objects obj with (nolock)
        on refs.referencing_id = obj.object_id
        inner join sys.schemas sch with (nolock)
        on obj.schema_id = sch.schema_id
        where refs.referenced_database_name = 'dbt_dev'
        and refs.referenced_schema_name = 'dbo'
        and refs.referenced_entity_name = 'example__dbt_backup'
        and obj.type = 'V'
        
    OPTION (LABEL = 'dbt-sqlserver');

      
[0m12:10:08.524684 [debug] [Thread-1 (]: SQL status: OK in 0.000 seconds
[0m12:10:08.526079 [debug] [Thread-1 (]: Using sqlserver connection "model.my_dbt_project.example"
[0m12:10:08.526353 [debug] [Thread-1 (]: On model.my_dbt_project.example: /* {"app": "dbt", "dbt_version": "1.12.5", "profile_name": "sqlserver_profile", "target_name": "dev", "node_id": "model.my_dbt_project.example"} */

      
      
    
    USE "dbt_dev";
    EXEC('DROP view IF EXISTS "dbo"."example__dbt_backup";');

[0m12:10:08.527069 [debug] [Thread-1 (]: SQL status: OK in 0.000 seconds
[0m12:10:08.529475 [debug] [Thread-1 (]: On model.my_dbt_project.example: Close
[0m12:10:08.530874 [debug] [Thread-1 (]: Sending event: {'category': 'dbt', 'action': 'run_model', 'label': 'b5d51968-96cc-4aed-b77d-8e60e9c2fd06', 'context': [<snowplow_tracker.self_describing_json.SelfDescribingJson object at 0x0000017707BEF4D0>]}
[0m12:10:08.531362 [info ] [Thread-1 (]: 1 of 1 OK created sql view model dbo.example ................................... [[32mOK[0m in 0.21s]
[0m12:10:08.532050 [debug] [Thread-1 (]: Finished running node model.my_dbt_project.example
[0m12:10:08.533214 [debug] [MainThread]: Using sqlserver connection "master"
[0m12:10:08.533442 [debug] [MainThread]: On master: BEGIN TRANSACTION
[0m12:10:08.533690 [debug] [MainThread]: Opening a new connection, currently in state closed
[0m12:10:08.534094 [debug] [MainThread]: sqlserver adapter: Using connection string: DRIVER={ODBC Driver 18 for SQL Server};SERVER=localhost,1433;Database=dbt_dev;UID=***;PWD=***;encrypt=No;TrustServerCertificate=Yes;APP=dbt-sqlserver/1.12.0;Pooling=true;SQL_ATTR_TRACE=SQL_OPT_TRACE_OFF;ConnectRetryCount=3;ConnectRetryInterval=10
[0m12:10:08.534431 [debug] [MainThread]: sqlserver adapter: Connected to db: dbt_dev
[0m12:10:08.535145 [debug] [MainThread]: SQL status: OK in 0.000 seconds
[0m12:10:08.535651 [debug] [MainThread]: On master: COMMIT
[0m12:10:08.536040 [debug] [MainThread]: Using sqlserver connection "master"
[0m12:10:08.536411 [debug] [MainThread]: On master: IF @@TRANCOUNT > 0 COMMIT TRANSACTION
[0m12:10:08.536725 [debug] [MainThread]: SQL status: OK in 0.000 seconds
[0m12:10:08.536951 [debug] [MainThread]: On master: Close
[0m12:10:08.537222 [debug] [MainThread]: Connection 'master' was properly closed.
[0m12:10:08.537415 [debug] [MainThread]: Connection 'list_dbt_dev' was properly closed.
[0m12:10:08.537590 [debug] [MainThread]: Connection 'list_dbt_dev_dbo' was properly closed.
[0m12:10:08.537762 [debug] [MainThread]: Connection 'model.my_dbt_project.example' was properly closed.
[0m12:10:08.537967 [info ] [MainThread]: 
[0m12:10:08.538259 [info ] [MainThread]: Finished running 1 view model in 0 hours 0 minutes and 0.44 seconds (0.44s).
[0m12:10:08.538811 [debug] [MainThread]: Command end result
[0m12:10:08.566850 [debug] [MainThread]: Wrote artifact WritableManifest to C:\Users\nicjc\my_dbt_project\target\manifest.json
[0m12:10:08.569671 [debug] [MainThread]: Wrote artifact SemanticManifest to C:\Users\nicjc\my_dbt_project\target\semantic_manifest.json
[0m12:10:08.572219 [debug] [MainThread]: Wrote artifact OsiDocument to C:\Users\nicjc\my_dbt_project\target\osi_document.json
[0m12:10:08.577853 [debug] [MainThread]: Wrote artifact RunExecutionResult to C:\Users\nicjc\my_dbt_project\target\run_results.json
[0m12:10:08.578094 [info ] [MainThread]: 
[0m12:10:08.578543 [info ] [MainThread]: [32mCompleted successfully[0m
[0m12:10:08.578974 [info ] [MainThread]: 
[0m12:10:08.579394 [info ] [MainThread]: Done. PASS=1 WARN=0 ERROR=0 SKIP=0 NO-OP=0 REUSED=0 TOTAL=1
[0m12:10:08.580512 [debug] [MainThread]: Command `dbt run` succeeded at 12:10:08.580342 after 1.32 seconds
[0m12:10:08.580928 [debug] [MainThread]: Sending event: {'category': 'dbt', 'action': 'invocation', 'label': 'end', 'context': [<snowplow_tracker.self_describing_json.SelfDescribingJson object at 0x0000017707ECC890>, <snowplow_tracker.self_describing_json.SelfDescribingJson object at 0x000001777F8B9450>, <snowplow_tracker.self_describing_json.SelfDescribingJson object at 0x00000177055E68F0>]}
[0m12:10:08.581258 [debug] [MainThread]: Flushing usage events
[0m12:10:09.670834 [debug] [MainThread]: An error was encountered while trying to flush usage events
[0m12:12:09.524615 [debug] [MainThread]: Sending event: {'category': 'dbt', 'action': 'invocation', 'label': 'start', 'context': [<snowplow_tracker.self_describing_json.SelfDescribingJson object at 0x0000021333BE1D30>, <snowplow_tracker.self_describing_json.SelfDescribingJson object at 0x000002133177CB90>, <snowplow_tracker.self_describing_json.SelfDescribingJson object at 0x000002133659B890>]}


============================== 12:12:09.527884 | fee7f371-be9a-46a4-bcd5-3a8f0adc15e4 ==============================
[0m12:12:09.527884 [info ] [MainThread]: Running with dbt=1.12.5
[0m12:12:09.528383 [debug] [MainThread]: running dbt with arguments {'version_check': 'True', 'no_print': 'None', 'maximum_seed_size_mib': '1', 'target_path': 'None', 'warn_error_options': 'WarnErrorOptionsV2(error=[], warn=[], silence=[])', 'static_parser': 'True', 'printer_width': '80', 'write_json': 'True', 'introspect': 'True', 'log_cache_events': 'False', 'empty': 'False', 'cache_selected_only': 'False', 'fail_fast': 'False', 'debug': 'False', 'log_format': 'default', 'partial_parse': 'True', 'send_anonymous_usage_stats': 'True', 'quiet': 'False', 'warn_error': 'None', 'profiles_dir': 'C:\\Users\\nicjc\\.dbt', 'use_colors': 'True', 'hints_enabled': 'True', 'indirect_selection': 'eager', 'use_experimental_parser': 'False', 'invocation_command': 'dbt run --profile sqlserver_profile', 'log_path': 'C:\\Users\\nicjc\\my_dbt_project\\logs'}
[0m12:12:09.736948 [debug] [MainThread]: Sending event: {'category': 'dbt', 'action': 'project_id', 'label': 'fee7f371-be9a-46a4-bcd5-3a8f0adc15e4', 'context': [<snowplow_tracker.self_describing_json.SelfDescribingJson object at 0x000002133663FE10>]}
[0m12:12:09.802600 [debug] [MainThread]: Sending event: {'category': 'dbt', 'action': 'adapter_info', 'label': 'fee7f371-be9a-46a4-bcd5-3a8f0adc15e4', 'context': [<snowplow_tracker.self_describing_json.SelfDescribingJson object at 0x0000021336B93AC0>]}
[0m12:12:09.803356 [info ] [MainThread]: Registered adapter: sqlserver=1.12.0
[0m12:12:10.021621 [debug] [MainThread]: checksum: 84e6854b018826ad904eca26f98d7d902f51ac360469f424a309c73808fc198c, vars: {}, profile: sqlserver_profile, target: dev, version: 1.12.5
[0m12:12:10.114774 [debug] [MainThread]: Partial parsing enabled: 0 files deleted, 0 files added, 0 files changed.
[0m12:12:10.115125 [debug] [MainThread]: Nothing changed, skipping partial parsing.
[0m12:12:10.115352 [debug] [MainThread]: Partial parsing enabled, no changes found, skipping parsing
[0m12:12:10.123551 [debug] [MainThread]: Sending event: {'category': 'dbt', 'action': 'load_project', 'label': 'fee7f371-be9a-46a4-bcd5-3a8f0adc15e4', 'context': [<snowplow_tracker.self_describing_json.SelfDescribingJson object at 0x0000021336AF1650>]}
[0m12:12:10.199294 [debug] [MainThread]: Wrote artifact WritableManifest to C:\Users\nicjc\my_dbt_project\target\manifest.json
[0m12:12:10.202293 [debug] [MainThread]: Wrote artifact SemanticManifest to C:\Users\nicjc\my_dbt_project\target\semantic_manifest.json
[0m12:12:10.218301 [debug] [MainThread]: Wrote artifact OsiDocument to C:\Users\nicjc\my_dbt_project\target\osi_document.json
[0m12:12:10.225657 [debug] [MainThread]: Sending event: {'category': 'dbt', 'action': 'resource_counts', 'label': 'fee7f371-be9a-46a4-bcd5-3a8f0adc15e4', 'context': [<snowplow_tracker.self_describing_json.SelfDescribingJson object at 0x000002133718D9A0>]}
[0m12:12:10.225997 [info ] [MainThread]: Found 1 model, 578 macros
[0m12:12:10.226394 [debug] [MainThread]: Sending event: {'category': 'dbt', 'action': 'runnable_timing', 'label': 'fee7f371-be9a-46a4-bcd5-3a8f0adc15e4', 'context': [<snowplow_tracker.self_describing_json.SelfDescribingJson object at 0x00000213371C6970>]}
[0m12:12:10.228038 [info ] [MainThread]: 
[0m12:12:10.228484 [info ] [MainThread]: Concurrency: 1 threads (target='dev')
[0m12:12:10.228835 [info ] [MainThread]: 
[0m12:12:10.229393 [debug] [MainThread]: Acquiring new sqlserver connection 'master'
[0m12:12:10.230368 [debug] [ThreadPool]: Acquiring new sqlserver connection 'list_dbt_dev'
[0m12:12:10.252854 [debug] [ThreadPool]: dbt-sqlserver
[0m12:12:10.255063 [debug] [ThreadPool]: Using sqlserver connection "list_dbt_dev"
[0m12:12:10.255318 [debug] [ThreadPool]: On list_dbt_dev: /* {"app": "dbt", "dbt_version": "1.12.5", "profile_name": "sqlserver_profile", "target_name": "dev", "connection_name": "list_dbt_dev"} */
USE "dbt_dev";
    select  name as [schema]
    from sys.schemas with (nolock) 
    OPTION (LABEL = 'dbt-sqlserver');

  
[0m12:12:10.255533 [debug] [ThreadPool]: Opening a new connection, currently in state init
[0m12:12:10.258461 [debug] [ThreadPool]: sqlserver adapter: Using connection string: DRIVER={ODBC Driver 18 for SQL Server};SERVER=localhost,1433;Database=dbt_dev;UID=***;PWD=***;encrypt=No;TrustServerCertificate=Yes;APP=dbt-sqlserver/1.12.0;Pooling=true;SQL_ATTR_TRACE=SQL_OPT_TRACE_OFF;ConnectRetryCount=3;ConnectRetryInterval=10
[0m12:12:10.383650 [debug] [ThreadPool]: sqlserver adapter: Connected to db: dbt_dev
[0m12:12:10.384612 [debug] [ThreadPool]: SQL status: OK in 0.000 seconds
[0m12:12:10.385684 [debug] [ThreadPool]: On list_dbt_dev: Close
[0m12:12:10.387343 [debug] [ThreadPool]: Acquiring new sqlserver connection 'list_dbt_dev_dbo'
[0m12:12:10.391799 [debug] [ThreadPool]: dbt-sqlserver
[0m12:12:10.392240 [debug] [ThreadPool]: Using sqlserver connection "list_dbt_dev_dbo"
[0m12:12:10.392455 [debug] [ThreadPool]: On list_dbt_dev_dbo: BEGIN TRANSACTION
[0m12:12:10.392654 [debug] [ThreadPool]: Opening a new connection, currently in state init
[0m12:12:10.392952 [debug] [ThreadPool]: sqlserver adapter: Using connection string: DRIVER={ODBC Driver 18 for SQL Server};SERVER=localhost,1433;Database=dbt_dev;UID=***;PWD=***;encrypt=No;TrustServerCertificate=Yes;APP=dbt-sqlserver/1.12.0;Pooling=true;SQL_ATTR_TRACE=SQL_OPT_TRACE_OFF;ConnectRetryCount=3;ConnectRetryInterval=10
[0m12:12:10.393224 [debug] [ThreadPool]: sqlserver adapter: Connected to db: dbt_dev
[0m12:12:10.393851 [debug] [ThreadPool]: SQL status: OK in 0.000 seconds
[0m12:12:10.394085 [debug] [ThreadPool]: Using sqlserver connection "list_dbt_dev_dbo"
[0m12:12:10.394301 [debug] [ThreadPool]: On list_dbt_dev_dbo: /* {"app": "dbt", "dbt_version": "1.12.5", "profile_name": "sqlserver_profile", "target_name": "dev", "connection_name": "list_dbt_dev_dbo"} */
USE "dbt_dev";
    declare @schema_id int = schema_id('dbo');
    select
      DB_NAME() as [database],
      t.name as [name],
      'dbo' as [schema],
      'table' as table_type
    from sys.tables as t with (nolock)
    where t.schema_id = @schema_id
    union all
    select
      DB_NAME() as [database],
      v.name as [name],
      'dbo' as [schema],
      'view' as table_type
    from sys.views as v with (nolock)
    where v.schema_id = @schema_id
    
    OPTION (LABEL = 'dbt-sqlserver');

  
[0m12:12:10.395610 [debug] [ThreadPool]: SQL status: OK in 0.000 seconds
[0m12:12:10.396610 [debug] [ThreadPool]: On list_dbt_dev_dbo: ROLLBACK
[0m12:12:10.397042 [debug] [ThreadPool]: On list_dbt_dev_dbo: Close
[0m12:12:10.397876 [debug] [MainThread]: Sending event: {'category': 'dbt', 'action': 'runnable_timing', 'label': 'fee7f371-be9a-46a4-bcd5-3a8f0adc15e4', 'context': [<snowplow_tracker.self_describing_json.SelfDescribingJson object at 0x000002133720D4A0>]}
[0m12:12:10.398235 [debug] [MainThread]: Using sqlserver connection "master"
[0m12:12:10.398489 [debug] [MainThread]: On master: BEGIN TRANSACTION
[0m12:12:10.398685 [debug] [MainThread]: Opening a new connection, currently in state init
[0m12:12:10.398975 [debug] [MainThread]: sqlserver adapter: Using connection string: DRIVER={ODBC Driver 18 for SQL Server};SERVER=localhost,1433;Database=dbt_dev;UID=***;PWD=***;encrypt=No;TrustServerCertificate=Yes;APP=dbt-sqlserver/1.12.0;Pooling=true;SQL_ATTR_TRACE=SQL_OPT_TRACE_OFF;ConnectRetryCount=3;ConnectRetryInterval=10
[0m12:12:10.399248 [debug] [MainThread]: sqlserver adapter: Connected to db: dbt_dev
[0m12:12:10.399819 [debug] [MainThread]: SQL status: OK in 0.000 seconds
[0m12:12:10.400065 [debug] [MainThread]: On master: COMMIT
[0m12:12:10.400275 [debug] [MainThread]: Using sqlserver connection "master"
[0m12:12:10.400474 [debug] [MainThread]: On master: IF @@TRANCOUNT > 0 COMMIT TRANSACTION
[0m12:12:10.400794 [debug] [MainThread]: SQL status: OK in 0.000 seconds
[0m12:12:10.401021 [debug] [MainThread]: On master: Close
[0m12:12:10.403522 [debug] [Thread-1 (]: Began running node model.my_dbt_project.example
[0m12:12:10.403916 [info ] [Thread-1 (]: 1 of 1 START sql view model dbo.example ........................................ [RUN]
[0m12:12:10.404387 [debug] [Thread-1 (]: Acquiring new sqlserver connection 'model.my_dbt_project.example'
[0m12:12:10.404684 [debug] [Thread-1 (]: Began compiling node model.my_dbt_project.example
[0m12:12:10.408671 [debug] [Thread-1 (]: Writing injected SQL for node "model.my_dbt_project.example"
[0m12:12:10.409387 [debug] [Thread-1 (]: Began executing node model.my_dbt_project.example
[0m12:12:10.444071 [debug] [Thread-1 (]: Using sqlserver connection "model.my_dbt_project.example"
[0m12:12:10.444464 [debug] [Thread-1 (]: On model.my_dbt_project.example: /* {"app": "dbt", "dbt_version": "1.12.5", "profile_name": "sqlserver_profile", "target_name": "dev", "node_id": "model.my_dbt_project.example"} */

    USE "dbt_dev";
  declare @dbt_sqlserver_skip_check_body nvarchar(max) = N'select
    name,
    database_id,
    create_date
from sys.databases';
  select
      object_definition(object_id(quotename('dbo') + '.' + quotename('example'), 'V')) as definition,
      case when exists (
          select 1
          from (
              select column_ordinal, name, system_type_id, user_type_id,
                     max_length, precision, scale, collation_name
              from sys.dm_exec_describe_first_result_set(
                  @dbt_sqlserver_skip_check_body, null, 0)
              where is_hidden = 0 or error_number is not null
          ) as described
          full outer join (
              select row_number() over (order by column_id) as column_ordinal,
                     name, system_type_id, user_type_id,
                     max_length, precision, scale, collation_name
              from sys.columns with (nolock)
              where object_id = object_id(quotename('dbo') + '.' + quotename('example'), 'V')
          ) as cached
            on described.column_ordinal = cached.column_ordinal
          where described.column_ordinal is null
             or cached.column_ordinal is null
             or described.name collate database_default
                    <> cached.name collate database_default
             or described.system_type_id <> cached.system_type_id
             or described.user_type_id <> cached.user_type_id
             or described.max_length <> cached.max_length
             or described.precision <> cached.precision
             or described.scale <> cached.scale
             or isnull(described.collation_name, '') collate database_default
                    <> isnull(cached.collation_name, '') collate database_default
      ) then 1 else 0 end as needs_refresh
  where object_id(quotename('dbo') + '.' + quotename('example'), 'V') is not null

  
[0m12:12:10.444766 [debug] [Thread-1 (]: Opening a new connection, currently in state init
[0m12:12:10.445105 [debug] [Thread-1 (]: sqlserver adapter: Using connection string: DRIVER={ODBC Driver 18 for SQL Server};SERVER=localhost,1433;Database=dbt_dev;UID=***;PWD=***;encrypt=No;TrustServerCertificate=Yes;APP=dbt-sqlserver/1.12.0;Pooling=true;SQL_ATTR_TRACE=SQL_OPT_TRACE_OFF;ConnectRetryCount=3;ConnectRetryInterval=10
[0m12:12:10.541463 [debug] [Thread-1 (]: sqlserver adapter: Connected to db: dbt_dev
[0m12:12:10.588921 [debug] [Thread-1 (]: SQL status: OK in 0.000 seconds
[0m12:12:10.594842 [debug] [Thread-1 (]: Writing runtime sql for node "model.my_dbt_project.example"
[0m12:12:10.595699 [debug] [Thread-1 (]: Using sqlserver connection "model.my_dbt_project.example"
[0m12:12:10.595969 [debug] [Thread-1 (]: On model.my_dbt_project.example: BEGIN TRANSACTION
[0m12:12:10.596484 [debug] [Thread-1 (]: SQL status: OK in 0.000 seconds
[0m12:12:10.596839 [debug] [Thread-1 (]: Using sqlserver connection "model.my_dbt_project.example"
[0m12:12:10.597093 [debug] [Thread-1 (]: On model.my_dbt_project.example: /* {"app": "dbt", "dbt_version": "1.12.5", "profile_name": "sqlserver_profile", "target_name": "dev", "node_id": "model.my_dbt_project.example"} */
declare @dbt_sqlserver_noop int;
[0m12:12:10.597588 [debug] [Thread-1 (]: SQL status: OK in 0.000 seconds
[0m12:12:10.619853 [debug] [Thread-1 (]: On model.my_dbt_project.example: COMMIT
[0m12:12:10.620161 [debug] [Thread-1 (]: Using sqlserver connection "model.my_dbt_project.example"
[0m12:12:10.620411 [debug] [Thread-1 (]: On model.my_dbt_project.example: IF @@TRANCOUNT > 0 COMMIT TRANSACTION
[0m12:12:10.620936 [debug] [Thread-1 (]: SQL status: OK in 0.000 seconds
[0m12:12:10.625512 [debug] [Thread-1 (]: Applying DROP to: "dbt_dev"."dbo"."example__dbt_backup"
[0m12:12:10.631382 [debug] [Thread-1 (]: dbt-sqlserver
[0m12:12:10.631829 [debug] [Thread-1 (]: Using sqlserver connection "model.my_dbt_project.example"
[0m12:12:10.632098 [debug] [Thread-1 (]: On model.my_dbt_project.example: /* {"app": "dbt", "dbt_version": "1.12.5", "profile_name": "sqlserver_profile", "target_name": "dev", "node_id": "model.my_dbt_project.example"} */

        USE "dbt_dev";
        select
            sch.name as schema_name,
            obj.name as view_name
        from sys.sql_expression_dependencies refs with (nolock)
        inner join sys.objects obj with (nolock)
        on refs.referencing_id = obj.object_id
        inner join sys.schemas sch with (nolock)
        on obj.schema_id = sch.schema_id
        where refs.referenced_database_name = 'dbt_dev'
        and refs.referenced_schema_name = 'dbo'
        and refs.referenced_entity_name = 'example__dbt_backup'
        and obj.type = 'V'
        
    OPTION (LABEL = 'dbt-sqlserver');

      
[0m12:12:10.632849 [debug] [Thread-1 (]: SQL status: OK in 0.000 seconds
[0m12:12:10.633845 [debug] [Thread-1 (]: Using sqlserver connection "model.my_dbt_project.example"
[0m12:12:10.634109 [debug] [Thread-1 (]: On model.my_dbt_project.example: /* {"app": "dbt", "dbt_version": "1.12.5", "profile_name": "sqlserver_profile", "target_name": "dev", "node_id": "model.my_dbt_project.example"} */

      
      
    
    USE "dbt_dev";
    EXEC('DROP view IF EXISTS "dbo"."example__dbt_backup";');

[0m12:12:10.634783 [debug] [Thread-1 (]: SQL status: OK in 0.000 seconds
[0m12:12:10.636456 [debug] [Thread-1 (]: On model.my_dbt_project.example: Close
[0m12:12:10.637829 [debug] [Thread-1 (]: Sending event: {'category': 'dbt', 'action': 'run_model', 'label': 'fee7f371-be9a-46a4-bcd5-3a8f0adc15e4', 'context': [<snowplow_tracker.self_describing_json.SelfDescribingJson object at 0x0000021336F1F4D0>]}
[0m12:12:10.638312 [info ] [Thread-1 (]: 1 of 1 OK created sql view model dbo.example ................................... [[32mOK[0m in 0.23s]
[0m12:12:10.639017 [debug] [Thread-1 (]: Finished running node model.my_dbt_project.example
[0m12:12:10.640278 [debug] [MainThread]: Using sqlserver connection "master"
[0m12:12:10.640512 [debug] [MainThread]: On master: BEGIN TRANSACTION
[0m12:12:10.640716 [debug] [MainThread]: Opening a new connection, currently in state closed
[0m12:12:10.641039 [debug] [MainThread]: sqlserver adapter: Using connection string: DRIVER={ODBC Driver 18 for SQL Server};SERVER=localhost,1433;Database=dbt_dev;UID=***;PWD=***;encrypt=No;TrustServerCertificate=Yes;APP=dbt-sqlserver/1.12.0;Pooling=true;SQL_ATTR_TRACE=SQL_OPT_TRACE_OFF;ConnectRetryCount=3;ConnectRetryInterval=10
[0m12:12:10.641316 [debug] [MainThread]: sqlserver adapter: Connected to db: dbt_dev
[0m12:12:10.642142 [debug] [MainThread]: SQL status: OK in 0.000 seconds
[0m12:12:10.642503 [debug] [MainThread]: On master: COMMIT
[0m12:12:10.642810 [debug] [MainThread]: Using sqlserver connection "master"
[0m12:12:10.643079 [debug] [MainThread]: On master: IF @@TRANCOUNT > 0 COMMIT TRANSACTION
[0m12:12:10.643442 [debug] [MainThread]: SQL status: OK in 0.000 seconds
[0m12:12:10.643675 [debug] [MainThread]: On master: Close
[0m12:12:10.643966 [debug] [MainThread]: Connection 'master' was properly closed.
[0m12:12:10.644162 [debug] [MainThread]: Connection 'list_dbt_dev' was properly closed.
[0m12:12:10.644339 [debug] [MainThread]: Connection 'list_dbt_dev_dbo' was properly closed.
[0m12:12:10.644511 [debug] [MainThread]: Connection 'model.my_dbt_project.example' was properly closed.
[0m12:12:10.644721 [info ] [MainThread]: 
[0m12:12:10.645071 [info ] [MainThread]: Finished running 1 view model in 0 hours 0 minutes and 0.42 seconds (0.42s).
[0m12:12:10.645647 [debug] [MainThread]: Command end result
[0m12:12:10.674187 [debug] [MainThread]: Wrote artifact WritableManifest to C:\Users\nicjc\my_dbt_project\target\manifest.json
[0m12:12:10.677037 [debug] [MainThread]: Wrote artifact SemanticManifest to C:\Users\nicjc\my_dbt_project\target\semantic_manifest.json
[0m12:12:10.679598 [debug] [MainThread]: Wrote artifact OsiDocument to C:\Users\nicjc\my_dbt_project\target\osi_document.json
[0m12:12:10.685294 [debug] [MainThread]: Wrote artifact RunExecutionResult to C:\Users\nicjc\my_dbt_project\target\run_results.json
[0m12:12:10.685529 [info ] [MainThread]: 
[0m12:12:10.685981 [info ] [MainThread]: [32mCompleted successfully[0m
[0m12:12:10.686371 [info ] [MainThread]: 
[0m12:12:10.686854 [info ] [MainThread]: Done. PASS=1 WARN=0 ERROR=0 SKIP=0 NO-OP=0 REUSED=0 TOTAL=1
[0m12:12:10.688013 [debug] [MainThread]: Command `dbt run` succeeded at 12:12:10.687873 after 1.28 seconds
[0m12:12:10.688444 [debug] [MainThread]: Sending event: {'category': 'dbt', 'action': 'invocation', 'label': 'end', 'context': [<snowplow_tracker.self_describing_json.SelfDescribingJson object at 0x00000213371FCC00>, <snowplow_tracker.self_describing_json.SelfDescribingJson object at 0x0000021330329450>, <snowplow_tracker.self_describing_json.SelfDescribingJson object at 0x00000213348568F0>]}
[0m12:12:10.688737 [debug] [MainThread]: Flushing usage events
[0m12:12:12.017296 [debug] [MainThread]: An error was encountered while trying to flush usage events
[0m12:16:11.210367 [debug] [MainThread]: Sending event: {'category': 'dbt', 'action': 'invocation', 'label': 'start', 'context': [<snowplow_tracker.self_describing_json.SelfDescribingJson object at 0x00000142631D5D30>, <snowplow_tracker.self_describing_json.SelfDescribingJson object at 0x0000014260D9CB90>, <snowplow_tracker.self_describing_json.SelfDescribingJson object at 0x0000014265B8B890>]}


============================== 12:16:11.214093 | 91638e1a-929a-4e47-a73e-da378cc039cb ==============================
[0m12:16:11.214093 [info ] [MainThread]: Running with dbt=1.12.5
[0m12:16:11.214645 [debug] [MainThread]: running dbt with arguments {'version_check': 'True', 'no_print': 'None', 'static_parser': 'True', 'target_path': 'None', 'warn_error_options': 'WarnErrorOptionsV2(error=[], warn=[], silence=[])', 'maximum_seed_size_mib': '1', 'printer_width': '80', 'write_json': 'True', 'empty': 'None', 'log_cache_events': 'False', 'introspect': 'True', 'cache_selected_only': 'False', 'fail_fast': 'False', 'debug': 'False', 'log_format': 'default', 'partial_parse': 'True', 'send_anonymous_usage_stats': 'True', 'quiet': 'False', 'warn_error': 'None', 'profiles_dir': 'C:\\Users\\nicjc\\.dbt', 'invocation_command': 'dbt test --profile sqlserver_profile', 'hints_enabled': 'True', 'use_colors': 'True', 'use_experimental_parser': 'False', 'indirect_selection': 'eager', 'log_path': 'C:\\Users\\nicjc\\my_dbt_project\\logs'}
[0m12:16:11.429040 [debug] [MainThread]: Sending event: {'category': 'dbt', 'action': 'project_id', 'label': '91638e1a-929a-4e47-a73e-da378cc039cb', 'context': [<snowplow_tracker.self_describing_json.SelfDescribingJson object at 0x0000014265C2FE10>]}
[0m12:16:11.488947 [debug] [MainThread]: Sending event: {'category': 'dbt', 'action': 'adapter_info', 'label': '91638e1a-929a-4e47-a73e-da378cc039cb', 'context': [<snowplow_tracker.self_describing_json.SelfDescribingJson object at 0x0000014266187AC0>]}
[0m12:16:11.489701 [info ] [MainThread]: Registered adapter: sqlserver=1.12.0
[0m12:16:11.708232 [debug] [MainThread]: checksum: 84e6854b018826ad904eca26f98d7d902f51ac360469f424a309c73808fc198c, vars: {}, profile: sqlserver_profile, target: dev, version: 1.12.5
[0m12:16:11.810316 [debug] [MainThread]: Partial parsing enabled: 0 files deleted, 1 files added, 0 files changed.
[0m12:16:11.810806 [debug] [MainThread]: Partial parsing: added file: my_dbt_project://models\schema.yaml
[0m12:16:12.140014 [debug] [MainThread]: Sending event: {'category': 'dbt', 'action': 'load_project', 'label': '91638e1a-929a-4e47-a73e-da378cc039cb', 'context': [<snowplow_tracker.self_describing_json.SelfDescribingJson object at 0x00000142666E9150>]}
[0m12:16:12.215791 [debug] [MainThread]: Wrote artifact WritableManifest to C:\Users\nicjc\my_dbt_project\target\manifest.json
[0m12:16:12.218880 [debug] [MainThread]: Wrote artifact SemanticManifest to C:\Users\nicjc\my_dbt_project\target\semantic_manifest.json
[0m12:16:12.235337 [debug] [MainThread]: Wrote artifact OsiDocument to C:\Users\nicjc\my_dbt_project\target\osi_document.json
[0m12:16:12.262214 [debug] [MainThread]: Sending event: {'category': 'dbt', 'action': 'resource_counts', 'label': '91638e1a-929a-4e47-a73e-da378cc039cb', 'context': [<snowplow_tracker.self_describing_json.SelfDescribingJson object at 0x00000142669F3E30>]}
[0m12:16:12.262674 [info ] [MainThread]: Found 1 model, 1 test, 578 macros
[0m12:16:12.263071 [debug] [MainThread]: Sending event: {'category': 'dbt', 'action': 'runnable_timing', 'label': '91638e1a-929a-4e47-a73e-da378cc039cb', 'context': [<snowplow_tracker.self_describing_json.SelfDescribingJson object at 0x0000014266A77230>]}
[0m12:16:12.264810 [info ] [MainThread]: 
[0m12:16:12.265186 [info ] [MainThread]: Concurrency: 1 threads (target='dev')
[0m12:16:12.265556 [info ] [MainThread]: 
[0m12:16:12.266542 [debug] [MainThread]: Acquiring new sqlserver connection 'master'
[0m12:16:12.267603 [debug] [ThreadPool]: Acquiring new sqlserver connection 'list_dbt_dev_dbo'
[0m12:16:12.286969 [debug] [ThreadPool]: dbt-sqlserver
[0m12:16:12.289193 [debug] [ThreadPool]: Using sqlserver connection "list_dbt_dev_dbo"
[0m12:16:12.289456 [debug] [ThreadPool]: On list_dbt_dev_dbo: BEGIN TRANSACTION
[0m12:16:12.289668 [debug] [ThreadPool]: Opening a new connection, currently in state init
[0m12:16:12.293036 [debug] [ThreadPool]: sqlserver adapter: Using connection string: DRIVER={ODBC Driver 18 for SQL Server};SERVER=localhost,1433;Database=dbt_dev;UID=***;PWD=***;encrypt=No;TrustServerCertificate=Yes;APP=dbt-sqlserver/1.12.0;Pooling=true;SQL_ATTR_TRACE=SQL_OPT_TRACE_OFF;ConnectRetryCount=3;ConnectRetryInterval=10
[0m12:16:12.416312 [debug] [ThreadPool]: sqlserver adapter: Connected to db: dbt_dev
[0m12:16:12.417179 [debug] [ThreadPool]: SQL status: OK in 0.000 seconds
[0m12:16:12.417432 [debug] [ThreadPool]: Using sqlserver connection "list_dbt_dev_dbo"
[0m12:16:12.417672 [debug] [ThreadPool]: On list_dbt_dev_dbo: /* {"app": "dbt", "dbt_version": "1.12.5", "profile_name": "sqlserver_profile", "target_name": "dev", "connection_name": "list_dbt_dev_dbo"} */
USE "dbt_dev";
    declare @schema_id int = schema_id('dbo');
    select
      DB_NAME() as [database],
      t.name as [name],
      'dbo' as [schema],
      'table' as table_type
    from sys.tables as t with (nolock)
    where t.schema_id = @schema_id
    union all
    select
      DB_NAME() as [database],
      v.name as [name],
      'dbo' as [schema],
      'view' as table_type
    from sys.views as v with (nolock)
    where v.schema_id = @schema_id
    
    OPTION (LABEL = 'dbt-sqlserver');

  
[0m12:16:12.419085 [debug] [ThreadPool]: SQL status: OK in 0.000 seconds
[0m12:16:12.420229 [debug] [ThreadPool]: On list_dbt_dev_dbo: ROLLBACK
[0m12:16:12.420600 [debug] [ThreadPool]: On list_dbt_dev_dbo: Close
[0m12:16:12.422172 [debug] [MainThread]: Sending event: {'category': 'dbt', 'action': 'runnable_timing', 'label': '91638e1a-929a-4e47-a73e-da378cc039cb', 'context': [<snowplow_tracker.self_describing_json.SelfDescribingJson object at 0x0000014266B8DF30>]}
[0m12:16:12.422692 [debug] [MainThread]: Using sqlserver connection "master"
[0m12:16:12.422946 [debug] [MainThread]: On master: BEGIN TRANSACTION
[0m12:16:12.423140 [debug] [MainThread]: Opening a new connection, currently in state init
[0m12:16:12.423452 [debug] [MainThread]: sqlserver adapter: Using connection string: DRIVER={ODBC Driver 18 for SQL Server};SERVER=localhost,1433;Database=dbt_dev;UID=***;PWD=***;encrypt=No;TrustServerCertificate=Yes;APP=dbt-sqlserver/1.12.0;Pooling=true;SQL_ATTR_TRACE=SQL_OPT_TRACE_OFF;ConnectRetryCount=3;ConnectRetryInterval=10
[0m12:16:12.423879 [debug] [MainThread]: sqlserver adapter: Connected to db: dbt_dev
[0m12:16:12.424584 [debug] [MainThread]: SQL status: OK in 0.000 seconds
[0m12:16:12.424878 [debug] [MainThread]: On master: COMMIT
[0m12:16:12.425105 [debug] [MainThread]: Using sqlserver connection "master"
[0m12:16:12.425303 [debug] [MainThread]: On master: IF @@TRANCOUNT > 0 COMMIT TRANSACTION
[0m12:16:12.425658 [debug] [MainThread]: SQL status: OK in 0.000 seconds
[0m12:16:12.425903 [debug] [MainThread]: On master: Close
[0m12:16:12.428448 [debug] [Thread-1 (]: Began running node test.my_dbt_project.not_null_example_name.2acc64819d
[0m12:16:12.428758 [info ] [Thread-1 (]: 1 of 1 START test not_null_example_name ........................................ [RUN]
[0m12:16:12.429245 [debug] [Thread-1 (]: Acquiring new sqlserver connection 'test.my_dbt_project.not_null_example_name.2acc64819d'
[0m12:16:12.429548 [debug] [Thread-1 (]: Began compiling node test.my_dbt_project.not_null_example_name.2acc64819d
[0m12:16:12.443955 [debug] [Thread-1 (]: Writing injected SQL for node "test.my_dbt_project.not_null_example_name.2acc64819d"
[0m12:16:12.445056 [debug] [Thread-1 (]: Began executing node test.my_dbt_project.not_null_example_name.2acc64819d
[0m12:16:12.464453 [debug] [Thread-1 (]: Writing runtime sql for node "test.my_dbt_project.not_null_example_name.2acc64819d"
[0m12:16:12.465622 [debug] [Thread-1 (]: Using sqlserver connection "test.my_dbt_project.not_null_example_name.2acc64819d"
[0m12:16:12.465907 [debug] [Thread-1 (]: On test.my_dbt_project.not_null_example_name.2acc64819d: BEGIN TRANSACTION
[0m12:16:12.466153 [debug] [Thread-1 (]: Opening a new connection, currently in state init
[0m12:16:12.466493 [debug] [Thread-1 (]: sqlserver adapter: Using connection string: DRIVER={ODBC Driver 18 for SQL Server};SERVER=localhost,1433;Database=dbt_dev;UID=***;PWD=***;encrypt=No;TrustServerCertificate=Yes;APP=dbt-sqlserver/1.12.0;Pooling=true;SQL_ATTR_TRACE=SQL_OPT_TRACE_OFF;ConnectRetryCount=3;ConnectRetryInterval=10
[0m12:16:12.562781 [debug] [Thread-1 (]: sqlserver adapter: Connected to db: dbt_dev
[0m12:16:12.563967 [debug] [Thread-1 (]: SQL status: OK in 0.000 seconds
[0m12:16:12.564268 [debug] [Thread-1 (]: Using sqlserver connection "test.my_dbt_project.not_null_example_name.2acc64819d"
[0m12:16:12.564568 [debug] [Thread-1 (]: On test.my_dbt_project.not_null_example_name.2acc64819d: /* {"app": "dbt", "dbt_version": "1.12.5", "profile_name": "sqlserver_profile", "target_name": "dev", "node_id": "test.my_dbt_project.not_null_example_name.2acc64819d"} */

    
    -- Create target schema if it does not exist
  USE "dbt_dev";
  DECLARE @dbt_schema_lock int;
  EXEC @dbt_schema_lock = sp_getapplock
    @Resource = 'dbt_create_schema_dbo',
    @LockMode = 'Exclusive',
    @LockOwner = 'Session',
    @LockTimeout = 30000;
  BEGIN TRY
    IF NOT EXISTS (SELECT * FROM sys.schemas WHERE name = 'dbo')
    BEGIN
      EXEC('CREATE SCHEMA "dbo"')
    END
  END TRY
  BEGIN CATCH
    IF @dbt_schema_lock >= 0
      EXEC sp_releaseapplock @Resource = 'dbt_create_schema_dbo', @LockOwner = 'Session';
    THROW;
  END CATCH
  IF @dbt_schema_lock >= 0
    EXEC sp_releaseapplock @Resource = 'dbt_create_schema_dbo', @LockOwner = 'Session';

  
  

  
  EXEC('create view 
    "dbo"."testview_38081adf8e57c0d5c023c1299171b961_14582"
   as 
    
    
    



select name
from "dbt_dev"."dbo"."example"
where name is null



  ;')
  select
    
    count(*) as failures,
    case when count(*) != 0
      then 'true' else 'false' end as should_warn,
    case when count(*) != 0
      then 'true' else 'false' end as should_error
  from (
    select * from 
    "dbo"."testview_38081adf8e57c0d5c023c1299171b961_14582"
  
  ) dbt_internal_test;

  EXEC('drop view 
    "dbo"."testview_38081adf8e57c0d5c023c1299171b961_14582"
  ;')
[0m12:16:12.586010 [debug] [Thread-1 (]: SQL status: OK in 0.000 seconds
[0m12:16:12.590149 [debug] [Thread-1 (]: On test.my_dbt_project.not_null_example_name.2acc64819d: ROLLBACK
[0m12:16:12.590862 [debug] [Thread-1 (]: On test.my_dbt_project.not_null_example_name.2acc64819d: Close
[0m12:16:12.591350 [info ] [Thread-1 (]: 1 of 1 PASS not_null_example_name .............................................. [[32mPASS[0m in 0.16s]
[0m12:16:12.592659 [debug] [Thread-1 (]: Finished running node test.my_dbt_project.not_null_example_name.2acc64819d
[0m12:16:12.594685 [debug] [MainThread]: Using sqlserver connection "master"
[0m12:16:12.594982 [debug] [MainThread]: On master: BEGIN TRANSACTION
[0m12:16:12.595237 [debug] [MainThread]: Opening a new connection, currently in state closed
[0m12:16:12.595634 [debug] [MainThread]: sqlserver adapter: Using connection string: DRIVER={ODBC Driver 18 for SQL Server};SERVER=localhost,1433;Database=dbt_dev;UID=***;PWD=***;encrypt=No;TrustServerCertificate=Yes;APP=dbt-sqlserver/1.12.0;Pooling=true;SQL_ATTR_TRACE=SQL_OPT_TRACE_OFF;ConnectRetryCount=3;ConnectRetryInterval=10
[0m12:16:12.595909 [debug] [MainThread]: sqlserver adapter: Connected to db: dbt_dev
[0m12:16:12.596623 [debug] [MainThread]: SQL status: OK in 0.000 seconds
[0m12:16:12.596933 [debug] [MainThread]: On master: COMMIT
[0m12:16:12.597203 [debug] [MainThread]: Using sqlserver connection "master"
[0m12:16:12.597443 [debug] [MainThread]: On master: IF @@TRANCOUNT > 0 COMMIT TRANSACTION
[0m12:16:12.597801 [debug] [MainThread]: SQL status: OK in 0.000 seconds
[0m12:16:12.598049 [debug] [MainThread]: On master: Close
[0m12:16:12.598332 [debug] [MainThread]: Connection 'master' was properly closed.
[0m12:16:12.598529 [debug] [MainThread]: Connection 'list_dbt_dev_dbo' was properly closed.
[0m12:16:12.598706 [debug] [MainThread]: Connection 'test.my_dbt_project.not_null_example_name.2acc64819d' was properly closed.
[0m12:16:12.598904 [info ] [MainThread]: 
[0m12:16:12.599202 [info ] [MainThread]: Finished running 1 test in 0 hours 0 minutes and 0.33 seconds (0.33s).
[0m12:16:12.599749 [debug] [MainThread]: Command end result
[0m12:16:12.628372 [debug] [MainThread]: Wrote artifact WritableManifest to C:\Users\nicjc\my_dbt_project\target\manifest.json
[0m12:16:12.631277 [debug] [MainThread]: Wrote artifact SemanticManifest to C:\Users\nicjc\my_dbt_project\target\semantic_manifest.json
[0m12:16:12.633874 [debug] [MainThread]: Wrote artifact OsiDocument to C:\Users\nicjc\my_dbt_project\target\osi_document.json
[0m12:16:12.640003 [debug] [MainThread]: Wrote artifact RunExecutionResult to C:\Users\nicjc\my_dbt_project\target\run_results.json
[0m12:16:12.640225 [info ] [MainThread]: 
[0m12:16:12.640660 [info ] [MainThread]: [32mCompleted successfully[0m
[0m12:16:12.641588 [info ] [MainThread]: 
[0m12:16:12.642110 [info ] [MainThread]: Done. PASS=1 WARN=0 ERROR=0 SKIP=0 NO-OP=0 REUSED=0 TOTAL=1
[0m12:16:12.643211 [debug] [MainThread]: Command `dbt test` succeeded at 12:16:12.643101 after 1.56 seconds
[0m12:16:12.643585 [debug] [MainThread]: Sending event: {'category': 'dbt', 'action': 'invocation', 'label': 'end', 'context': [<snowplow_tracker.self_describing_json.SelfDescribingJson object at 0x0000014266BD4890>, <snowplow_tracker.self_describing_json.SelfDescribingJson object at 0x0000014266BDE150>, <snowplow_tracker.self_describing_json.SelfDescribingJson object at 0x0000014266BDDFF0>]}
[0m12:16:12.643875 [debug] [MainThread]: Flushing usage events
[0m12:16:14.123957 [debug] [MainThread]: An error was encountered while trying to flush usage events
[0m12:28:33.378448 [debug] [MainThread]: Sending event: {'category': 'dbt', 'action': 'invocation', 'label': 'start', 'context': [<snowplow_tracker.self_describing_json.SelfDescribingJson object at 0x0000028E3B321D30>, <snowplow_tracker.self_describing_json.SelfDescribingJson object at 0x0000028E38ECCB90>, <snowplow_tracker.self_describing_json.SelfDescribingJson object at 0x0000028E3DCDB890>]}


============================== 12:28:33.382127 | f44d2b47-03b5-4fca-8dac-838342ac1d47 ==============================
[0m12:28:33.382127 [info ] [MainThread]: Running with dbt=1.12.5
[0m12:28:33.382603 [debug] [MainThread]: running dbt with arguments {'version_check': 'True', 'no_print': 'None', 'static_parser': 'True', 'warn_error_options': 'WarnErrorOptionsV2(error=[], warn=[], silence=[])', 'target_path': 'None', 'maximum_seed_size_mib': '1', 'printer_width': '80', 'write_json': 'True', 'empty': 'False', 'log_cache_events': 'False', 'introspect': 'True', 'cache_selected_only': 'False', 'log_format': 'default', 'debug': 'False', 'fail_fast': 'False', 'profiles_dir': 'C:\\Users\\nicjc\\.dbt', 'send_anonymous_usage_stats': 'True', 'quiet': 'False', 'warn_error': 'None', 'partial_parse': 'True', 'indirect_selection': 'eager', 'hints_enabled': 'True', 'invocation_command': 'dbt seed --profile sqlserver_profile', 'use_experimental_parser': 'False', 'use_colors': 'True', 'log_path': 'C:\\Users\\nicjc\\my_dbt_project\\logs'}
[0m12:28:33.587238 [debug] [MainThread]: Sending event: {'category': 'dbt', 'action': 'project_id', 'label': 'f44d2b47-03b5-4fca-8dac-838342ac1d47', 'context': [<snowplow_tracker.self_describing_json.SelfDescribingJson object at 0x0000028E3DD7FE10>]}
[0m12:28:33.644394 [debug] [MainThread]: Sending event: {'category': 'dbt', 'action': 'adapter_info', 'label': 'f44d2b47-03b5-4fca-8dac-838342ac1d47', 'context': [<snowplow_tracker.self_describing_json.SelfDescribingJson object at 0x0000028E3E293AC0>]}
[0m12:28:33.645130 [info ] [MainThread]: Registered adapter: sqlserver=1.12.0
[0m12:28:33.858796 [debug] [MainThread]: checksum: 84e6854b018826ad904eca26f98d7d902f51ac360469f424a309c73808fc198c, vars: {}, profile: sqlserver_profile, target: dev, version: 1.12.5
[0m12:28:33.939159 [info ] [MainThread]: Unable to do partial parsing because a project config has changed
[0m12:28:33.940174 [debug] [MainThread]: Sending event: {'category': 'dbt', 'action': 'partial_parser', 'label': 'f44d2b47-03b5-4fca-8dac-838342ac1d47', 'context': [<snowplow_tracker.self_describing_json.SelfDescribingJson object at 0x0000028E3E818B50>]}
[0m12:28:35.352640 [error] [MainThread]: [[31mERROR[0m]: Encountered an error:
Runtime Error
  Resource names cannot contain spaces:
    * 'seed.my_dbt_project.5000 Sales Records' (seeds\5000 Sales Records.csv)
  Please rename the invalid model(s) so that their name(s) do not contain any spaces.
[0m12:28:35.353772 [debug] [MainThread]: Command `dbt seed` failed at 12:28:35.353618 after 2.10 seconds
[0m12:28:35.354186 [debug] [MainThread]: Sending event: {'category': 'dbt', 'action': 'invocation', 'label': 'end', 'context': [<snowplow_tracker.self_describing_json.SelfDescribingJson object at 0x0000028E3EA4D6D0>, <snowplow_tracker.self_describing_json.SelfDescribingJson object at 0x0000028E3EA4D310>, <snowplow_tracker.self_describing_json.SelfDescribingJson object at 0x0000028E3DC34050>]}
[0m12:28:35.354559 [debug] [MainThread]: Flushing usage events
[0m12:28:36.864246 [debug] [MainThread]: An error was encountered while trying to flush usage events
[0m12:29:39.145838 [debug] [MainThread]: Sending event: {'category': 'dbt', 'action': 'invocation', 'label': 'start', 'context': [<snowplow_tracker.self_describing_json.SelfDescribingJson object at 0x0000025DEB891D30>, <snowplow_tracker.self_describing_json.SelfDescribingJson object at 0x0000025DE943CB90>, <snowplow_tracker.self_describing_json.SelfDescribingJson object at 0x0000025DEE24B890>]}


============================== 12:29:39.149527 | e444aca1-9895-4b80-b477-5d8e2d2d384c ==============================
[0m12:29:39.149527 [info ] [MainThread]: Running with dbt=1.12.5
[0m12:29:39.150069 [debug] [MainThread]: running dbt with arguments {'maximum_seed_size_mib': '1', 'no_print': 'None', 'version_check': 'True', 'warn_error_options': 'WarnErrorOptionsV2(error=[], warn=[], silence=[])', 'static_parser': 'True', 'target_path': 'None', 'printer_width': '80', 'write_json': 'True', 'empty': 'False', 'log_cache_events': 'False', 'introspect': 'True', 'cache_selected_only': 'False', 'fail_fast': 'False', 'debug': 'False', 'log_format': 'default', 'partial_parse': 'True', 'send_anonymous_usage_stats': 'True', 'quiet': 'False', 'warn_error': 'None', 'profiles_dir': 'C:\\Users\\nicjc\\.dbt', 'invocation_command': 'dbt seed --profile sqlserver_profile', 'hints_enabled': 'True', 'indirect_selection': 'eager', 'use_experimental_parser': 'False', 'use_colors': 'True', 'log_path': 'C:\\Users\\nicjc\\my_dbt_project\\logs'}
[0m12:29:39.375231 [debug] [MainThread]: Sending event: {'category': 'dbt', 'action': 'project_id', 'label': 'e444aca1-9895-4b80-b477-5d8e2d2d384c', 'context': [<snowplow_tracker.self_describing_json.SelfDescribingJson object at 0x0000025DEE2EFE10>]}
[0m12:29:39.440800 [debug] [MainThread]: Sending event: {'category': 'dbt', 'action': 'adapter_info', 'label': 'e444aca1-9895-4b80-b477-5d8e2d2d384c', 'context': [<snowplow_tracker.self_describing_json.SelfDescribingJson object at 0x0000025DEE7F3AC0>]}
[0m12:29:39.441704 [info ] [MainThread]: Registered adapter: sqlserver=1.12.0
[0m12:29:39.671108 [debug] [MainThread]: checksum: 84e6854b018826ad904eca26f98d7d902f51ac360469f424a309c73808fc198c, vars: {}, profile: sqlserver_profile, target: dev, version: 1.12.5
[0m12:29:39.811989 [debug] [MainThread]: Partial parsing enabled: 1 files deleted, 1 files added, 0 files changed.
[0m12:29:39.812536 [debug] [MainThread]: Partial parsing: added file: my_dbt_project://seeds\5000_sales_records.csv
[0m12:29:39.812819 [debug] [MainThread]: Partial parsing: deleted file: my_dbt_project://seeds\5000 Sales Records.csv
[0m12:29:40.043122 [debug] [MainThread]: Sending event: {'category': 'dbt', 'action': 'load_project', 'label': 'e444aca1-9895-4b80-b477-5d8e2d2d384c', 'context': [<snowplow_tracker.self_describing_json.SelfDescribingJson object at 0x0000025DEED39450>]}
[0m12:29:40.133409 [debug] [MainThread]: Wrote artifact WritableManifest to C:\Users\nicjc\my_dbt_project\target\manifest.json
[0m12:29:40.137220 [debug] [MainThread]: Wrote artifact SemanticManifest to C:\Users\nicjc\my_dbt_project\target\semantic_manifest.json
[0m12:29:40.154651 [debug] [MainThread]: Wrote artifact OsiDocument to C:\Users\nicjc\my_dbt_project\target\osi_document.json
[0m12:29:40.164833 [debug] [MainThread]: Sending event: {'category': 'dbt', 'action': 'resource_counts', 'label': 'e444aca1-9895-4b80-b477-5d8e2d2d384c', 'context': [<snowplow_tracker.self_describing_json.SelfDescribingJson object at 0x0000025DEEF235C0>]}
[0m12:29:40.165277 [info ] [MainThread]: Found 1 model, 1 test, 1 seed, 578 macros
[0m12:29:40.165693 [debug] [MainThread]: Sending event: {'category': 'dbt', 'action': 'runnable_timing', 'label': 'e444aca1-9895-4b80-b477-5d8e2d2d384c', 'context': [<snowplow_tracker.self_describing_json.SelfDescribingJson object at 0x0000025DEEF06F90>]}
[0m12:29:40.168180 [info ] [MainThread]: 
[0m12:29:40.168641 [info ] [MainThread]: Concurrency: 1 threads (target='dev')
[0m12:29:40.168999 [info ] [MainThread]: 
[0m12:29:40.169689 [debug] [MainThread]: Acquiring new sqlserver connection 'master'
[0m12:29:40.170766 [debug] [ThreadPool]: Acquiring new sqlserver connection 'list_dbt_dev'
[0m12:29:40.191377 [debug] [ThreadPool]: dbt-sqlserver
[0m12:29:40.193900 [debug] [ThreadPool]: Using sqlserver connection "list_dbt_dev"
[0m12:29:40.194291 [debug] [ThreadPool]: On list_dbt_dev: /* {"app": "dbt", "dbt_version": "1.12.5", "profile_name": "sqlserver_profile", "target_name": "dev", "connection_name": "list_dbt_dev"} */
USE "dbt_dev";
    select  name as [schema]
    from sys.schemas with (nolock) 
    OPTION (LABEL = 'dbt-sqlserver');

  
[0m12:29:40.194574 [debug] [ThreadPool]: Opening a new connection, currently in state init
[0m12:29:40.198606 [debug] [ThreadPool]: sqlserver adapter: Using connection string: DRIVER={ODBC Driver 18 for SQL Server};SERVER=localhost,1433;Database=dbt_dev;UID=***;PWD=***;encrypt=No;TrustServerCertificate=Yes;APP=dbt-sqlserver/1.12.0;Pooling=true;SQL_ATTR_TRACE=SQL_OPT_TRACE_OFF;ConnectRetryCount=3;ConnectRetryInterval=10
[0m12:29:40.341491 [debug] [ThreadPool]: sqlserver adapter: Connected to db: dbt_dev
[0m12:29:40.345686 [debug] [ThreadPool]: SQL status: OK in 0.000 seconds
[0m12:29:40.346926 [debug] [ThreadPool]: On list_dbt_dev: Close
[0m12:29:40.347568 [debug] [ThreadPool]: Re-using an available connection from the pool (formerly list_dbt_dev, now create_dbt_dev_dbo_seed_data)
[0m12:29:40.348229 [debug] [ThreadPool]: Creating schema "database: "dbt_dev"
schema: "dbo_seed_data"
"
[0m12:29:40.354460 [debug] [ThreadPool]: Using sqlserver connection "create_dbt_dev_dbo_seed_data"
[0m12:29:40.354725 [debug] [ThreadPool]: On create_dbt_dev_dbo_seed_data: BEGIN TRANSACTION
[0m12:29:40.354930 [debug] [ThreadPool]: Opening a new connection, currently in state closed
[0m12:29:40.355279 [debug] [ThreadPool]: sqlserver adapter: Using connection string: DRIVER={ODBC Driver 18 for SQL Server};SERVER=localhost,1433;Database=dbt_dev;UID=***;PWD=***;encrypt=No;TrustServerCertificate=Yes;APP=dbt-sqlserver/1.12.0;Pooling=true;SQL_ATTR_TRACE=SQL_OPT_TRACE_OFF;ConnectRetryCount=3;ConnectRetryInterval=10
[0m12:29:40.355593 [debug] [ThreadPool]: sqlserver adapter: Connected to db: dbt_dev
[0m12:29:40.356277 [debug] [ThreadPool]: SQL status: OK in 0.000 seconds
[0m12:29:40.356514 [debug] [ThreadPool]: Using sqlserver connection "create_dbt_dev_dbo_seed_data"
[0m12:29:40.356738 [debug] [ThreadPool]: On create_dbt_dev_dbo_seed_data: /* {"app": "dbt", "dbt_version": "1.12.5", "profile_name": "sqlserver_profile", "target_name": "dev", "connection_name": "create_dbt_dev_dbo_seed_data"} */
USE "dbt_dev";
    DECLARE @dbt_schema_lock int;
  EXEC @dbt_schema_lock = sp_getapplock
    @Resource = 'dbt_create_schema_dbo_seed_data',
    @LockMode = 'Exclusive',
    @LockOwner = 'Session',
    @LockTimeout = 30000;
  BEGIN TRY
    IF NOT EXISTS (SELECT * FROM sys.schemas WHERE name = 'dbo_seed_data')
    BEGIN
      EXEC('CREATE SCHEMA "dbo_seed_data"')
    END
  END TRY
  BEGIN CATCH
    IF @dbt_schema_lock >= 0
      EXEC sp_releaseapplock @Resource = 'dbt_create_schema_dbo_seed_data', @LockOwner = 'Session';
    THROW;
  END CATCH
  IF @dbt_schema_lock >= 0
    EXEC sp_releaseapplock @Resource = 'dbt_create_schema_dbo_seed_data', @LockOwner = 'Session';
  
[0m12:29:40.361668 [debug] [ThreadPool]: SQL status: OK in 0.000 seconds
[0m12:29:40.362548 [debug] [ThreadPool]: On create_dbt_dev_dbo_seed_data: COMMIT
[0m12:29:40.362800 [debug] [ThreadPool]: Using sqlserver connection "create_dbt_dev_dbo_seed_data"
[0m12:29:40.363001 [debug] [ThreadPool]: On create_dbt_dev_dbo_seed_data: IF @@TRANCOUNT > 0 COMMIT TRANSACTION
[0m12:29:40.363636 [debug] [ThreadPool]: SQL status: OK in 0.000 seconds
[0m12:29:40.364163 [debug] [ThreadPool]: On create_dbt_dev_dbo_seed_data: Close
[0m12:29:40.366095 [debug] [ThreadPool]: Acquiring new sqlserver connection 'list_dbt_dev_dbo'
[0m12:29:40.370838 [debug] [ThreadPool]: dbt-sqlserver
[0m12:29:40.371319 [debug] [ThreadPool]: Using sqlserver connection "list_dbt_dev_dbo"
[0m12:29:40.371539 [debug] [ThreadPool]: On list_dbt_dev_dbo: BEGIN TRANSACTION
[0m12:29:40.371737 [debug] [ThreadPool]: Opening a new connection, currently in state init
[0m12:29:40.372065 [debug] [ThreadPool]: sqlserver adapter: Using connection string: DRIVER={ODBC Driver 18 for SQL Server};SERVER=localhost,1433;Database=dbt_dev;UID=***;PWD=***;encrypt=No;TrustServerCertificate=Yes;APP=dbt-sqlserver/1.12.0;Pooling=true;SQL_ATTR_TRACE=SQL_OPT_TRACE_OFF;ConnectRetryCount=3;ConnectRetryInterval=10
[0m12:29:40.372360 [debug] [ThreadPool]: sqlserver adapter: Connected to db: dbt_dev
[0m12:29:40.373052 [debug] [ThreadPool]: SQL status: OK in 0.000 seconds
[0m12:29:40.373298 [debug] [ThreadPool]: Using sqlserver connection "list_dbt_dev_dbo"
[0m12:29:40.373519 [debug] [ThreadPool]: On list_dbt_dev_dbo: /* {"app": "dbt", "dbt_version": "1.12.5", "profile_name": "sqlserver_profile", "target_name": "dev", "connection_name": "list_dbt_dev_dbo"} */
USE "dbt_dev";
    declare @schema_id int = schema_id('dbo');
    select
      DB_NAME() as [database],
      t.name as [name],
      'dbo' as [schema],
      'table' as table_type
    from sys.tables as t with (nolock)
    where t.schema_id = @schema_id
    union all
    select
      DB_NAME() as [database],
      v.name as [name],
      'dbo' as [schema],
      'view' as table_type
    from sys.views as v with (nolock)
    where v.schema_id = @schema_id
    
    OPTION (LABEL = 'dbt-sqlserver');

  
[0m12:29:40.402932 [debug] [ThreadPool]: SQL status: OK in 0.000 seconds
[0m12:29:40.404231 [debug] [ThreadPool]: On list_dbt_dev_dbo: ROLLBACK
[0m12:29:40.404770 [debug] [ThreadPool]: On list_dbt_dev_dbo: Close
[0m12:29:40.405213 [debug] [ThreadPool]: Re-using an available connection from the pool (formerly list_dbt_dev_dbo, now list_dbt_dev_dbo_seed_data)
[0m12:29:40.406690 [debug] [ThreadPool]: dbt-sqlserver
[0m12:29:40.407114 [debug] [ThreadPool]: Using sqlserver connection "list_dbt_dev_dbo_seed_data"
[0m12:29:40.407325 [debug] [ThreadPool]: On list_dbt_dev_dbo_seed_data: BEGIN TRANSACTION
[0m12:29:40.407519 [debug] [ThreadPool]: Opening a new connection, currently in state closed
[0m12:29:40.407806 [debug] [ThreadPool]: sqlserver adapter: Using connection string: DRIVER={ODBC Driver 18 for SQL Server};SERVER=localhost,1433;Database=dbt_dev;UID=***;PWD=***;encrypt=No;TrustServerCertificate=Yes;APP=dbt-sqlserver/1.12.0;Pooling=true;SQL_ATTR_TRACE=SQL_OPT_TRACE_OFF;ConnectRetryCount=3;ConnectRetryInterval=10
[0m12:29:40.408083 [debug] [ThreadPool]: sqlserver adapter: Connected to db: dbt_dev
[0m12:29:40.408598 [debug] [ThreadPool]: SQL status: OK in 0.000 seconds
[0m12:29:40.408820 [debug] [ThreadPool]: Using sqlserver connection "list_dbt_dev_dbo_seed_data"
[0m12:29:40.409030 [debug] [ThreadPool]: On list_dbt_dev_dbo_seed_data: /* {"app": "dbt", "dbt_version": "1.12.5", "profile_name": "sqlserver_profile", "target_name": "dev", "connection_name": "list_dbt_dev_dbo_seed_data"} */
USE "dbt_dev";
    declare @schema_id int = schema_id('dbo_seed_data');
    select
      DB_NAME() as [database],
      t.name as [name],
      'dbo_seed_data' as [schema],
      'table' as table_type
    from sys.tables as t with (nolock)
    where t.schema_id = @schema_id
    union all
    select
      DB_NAME() as [database],
      v.name as [name],
      'dbo_seed_data' as [schema],
      'view' as table_type
    from sys.views as v with (nolock)
    where v.schema_id = @schema_id
    
    OPTION (LABEL = 'dbt-sqlserver');

  
[0m12:29:40.433016 [debug] [ThreadPool]: SQL status: OK in 0.000 seconds
[0m12:29:40.434176 [debug] [ThreadPool]: On list_dbt_dev_dbo_seed_data: ROLLBACK
[0m12:29:40.434635 [debug] [ThreadPool]: On list_dbt_dev_dbo_seed_data: Close
[0m12:29:40.435330 [debug] [MainThread]: Sending event: {'category': 'dbt', 'action': 'runnable_timing', 'label': 'e444aca1-9895-4b80-b477-5d8e2d2d384c', 'context': [<snowplow_tracker.self_describing_json.SelfDescribingJson object at 0x0000025DEEFCDE60>]}
[0m12:29:40.435748 [debug] [MainThread]: Using sqlserver connection "master"
[0m12:29:40.435974 [debug] [MainThread]: On master: BEGIN TRANSACTION
[0m12:29:40.436180 [debug] [MainThread]: Opening a new connection, currently in state init
[0m12:29:40.436478 [debug] [MainThread]: sqlserver adapter: Using connection string: DRIVER={ODBC Driver 18 for SQL Server};SERVER=localhost,1433;Database=dbt_dev;UID=***;PWD=***;encrypt=No;TrustServerCertificate=Yes;APP=dbt-sqlserver/1.12.0;Pooling=true;SQL_ATTR_TRACE=SQL_OPT_TRACE_OFF;ConnectRetryCount=3;ConnectRetryInterval=10
[0m12:29:40.436756 [debug] [MainThread]: sqlserver adapter: Connected to db: dbt_dev
[0m12:29:40.437326 [debug] [MainThread]: SQL status: OK in 0.000 seconds
[0m12:29:40.437553 [debug] [MainThread]: On master: COMMIT
[0m12:29:40.437749 [debug] [MainThread]: Using sqlserver connection "master"
[0m12:29:40.437956 [debug] [MainThread]: On master: IF @@TRANCOUNT > 0 COMMIT TRANSACTION
[0m12:29:40.438333 [debug] [MainThread]: SQL status: OK in 0.000 seconds
[0m12:29:40.438575 [debug] [MainThread]: On master: Close
[0m12:29:40.440957 [debug] [Thread-1 (]: Began running node seed.my_dbt_project.5000_sales_records
[0m12:29:40.441358 [info ] [Thread-1 (]: 1 of 1 START seed file dbo_seed_data.5000_sales_records ........................ [RUN]
[0m12:29:40.441823 [debug] [Thread-1 (]: Acquiring new sqlserver connection 'seed.my_dbt_project.5000_sales_records'
[0m12:29:40.442082 [debug] [Thread-1 (]: Began compiling node seed.my_dbt_project.5000_sales_records
[0m12:29:40.442332 [debug] [Thread-1 (]: Began executing node seed.my_dbt_project.5000_sales_records
[0m12:29:40.679518 [debug] [Thread-1 (]: Using sqlserver connection "seed.my_dbt_project.5000_sales_records"
[0m12:29:40.679919 [debug] [Thread-1 (]: On seed.my_dbt_project.5000_sales_records: BEGIN TRANSACTION
[0m12:29:40.680170 [debug] [Thread-1 (]: Opening a new connection, currently in state init
[0m12:29:40.680515 [debug] [Thread-1 (]: sqlserver adapter: Using connection string: DRIVER={ODBC Driver 18 for SQL Server};SERVER=localhost,1433;Database=dbt_dev;UID=***;PWD=***;encrypt=No;TrustServerCertificate=Yes;APP=dbt-sqlserver/1.12.0;Pooling=true;SQL_ATTR_TRACE=SQL_OPT_TRACE_OFF;ConnectRetryCount=3;ConnectRetryInterval=10
[0m12:29:40.777310 [debug] [Thread-1 (]: sqlserver adapter: Connected to db: dbt_dev
[0m12:29:40.778348 [debug] [Thread-1 (]: SQL status: OK in 0.000 seconds
[0m12:29:40.778644 [debug] [Thread-1 (]: Using sqlserver connection "seed.my_dbt_project.5000_sales_records"
[0m12:29:40.778897 [debug] [Thread-1 (]: On seed.my_dbt_project.5000_sales_records: /* {"app": "dbt", "dbt_version": "1.12.5", "profile_name": "sqlserver_profile", "target_name": "dev", "node_id": "seed.my_dbt_project.5000_sales_records"} */

    create table "dbt_dev"."dbo_seed_data"."5000_sales_records" (Region varchar(33),Country varchar(32),Item Type varchar(16),Sales Channel varchar(16),Order Priority varchar(16),Order Date varchar(16),Order ID int,Ship Date varchar(16),Units Sold int,Unit Price float,Unit Cost float,Total Revenue float,Total Cost float,Total Profit float)
  
[0m12:29:40.779627 [debug] [Thread-1 (]: sqlserver adapter: Database error: ('42000', "[42000] [Microsoft][ODBC Driver 18 for SQL Server][SQL Server]Incorrect syntax near 'varchar'. (102) (SQLExecDirectW)")
[0m12:29:40.779964 [debug] [Thread-1 (]: On seed.my_dbt_project.5000_sales_records: ROLLBACK
[0m12:29:40.780457 [debug] [Thread-1 (]: On seed.my_dbt_project.5000_sales_records: Close
[0m12:29:40.791591 [debug] [Thread-1 (]: Database Error in seed 5000_sales_records (seeds\5000_sales_records.csv)
  ('42000', "[42000] [Microsoft][ODBC Driver 18 for SQL Server][SQL Server]Incorrect syntax near 'varchar'. (102) (SQLExecDirectW)")
[0m12:29:40.793062 [debug] [Thread-1 (]: Sending event: {'category': 'dbt', 'action': 'run_model', 'label': 'e444aca1-9895-4b80-b477-5d8e2d2d384c', 'context': [<snowplow_tracker.self_describing_json.SelfDescribingJson object at 0x0000025DEEF110D0>]}
[0m12:29:40.793494 [error] [Thread-1 (]: 1 of 1 ERROR loading seed file dbo_seed_data.5000_sales_records ................ [[31mERROR[0m in 0.35s]
[0m12:29:40.794047 [debug] [Thread-1 (]: Finished running node seed.my_dbt_project.5000_sales_records
[0m12:29:40.794517 [debug] [Thread-4 (]: Marking all children of 'seed.my_dbt_project.5000_sales_records' to be skipped because of status 'error'.  Reason: Database Error in seed 5000_sales_records (seeds\5000_sales_records.csv)
  ('42000', "[42000] [Microsoft][ODBC Driver 18 for SQL Server][SQL Server]Incorrect syntax near 'varchar'. (102) (SQLExecDirectW)").
[0m12:29:40.796403 [debug] [MainThread]: Using sqlserver connection "master"
[0m12:29:40.796798 [debug] [MainThread]: On master: BEGIN TRANSACTION
[0m12:29:40.797006 [debug] [MainThread]: Opening a new connection, currently in state closed
[0m12:29:40.797308 [debug] [MainThread]: sqlserver adapter: Using connection string: DRIVER={ODBC Driver 18 for SQL Server};SERVER=localhost,1433;Database=dbt_dev;UID=***;PWD=***;encrypt=No;TrustServerCertificate=Yes;APP=dbt-sqlserver/1.12.0;Pooling=true;SQL_ATTR_TRACE=SQL_OPT_TRACE_OFF;ConnectRetryCount=3;ConnectRetryInterval=10
[0m12:29:40.797626 [debug] [MainThread]: sqlserver adapter: Connected to db: dbt_dev
[0m12:29:40.798307 [debug] [MainThread]: SQL status: OK in 0.000 seconds
[0m12:29:40.798597 [debug] [MainThread]: On master: COMMIT
[0m12:29:40.798849 [debug] [MainThread]: Using sqlserver connection "master"
[0m12:29:40.799089 [debug] [MainThread]: On master: IF @@TRANCOUNT > 0 COMMIT TRANSACTION
[0m12:29:40.799472 [debug] [MainThread]: SQL status: OK in 0.000 seconds
[0m12:29:40.799710 [debug] [MainThread]: On master: Close
[0m12:29:40.799986 [debug] [MainThread]: Connection 'master' was properly closed.
[0m12:29:40.800178 [debug] [MainThread]: Connection 'create_dbt_dev_dbo_seed_data' was properly closed.
[0m12:29:40.800367 [debug] [MainThread]: Connection 'list_dbt_dev_dbo_seed_data' was properly closed.
[0m12:29:40.800539 [debug] [MainThread]: Connection 'seed.my_dbt_project.5000_sales_records' was properly closed.
[0m12:29:40.800742 [info ] [MainThread]: 
[0m12:29:40.801027 [info ] [MainThread]: Finished running 1 seed in 0 hours 0 minutes and 0.63 seconds (0.63s).
[0m12:29:40.801569 [debug] [MainThread]: Command end result
[0m12:29:40.832263 [debug] [MainThread]: Wrote artifact WritableManifest to C:\Users\nicjc\my_dbt_project\target\manifest.json
[0m12:29:40.835414 [debug] [MainThread]: Wrote artifact SemanticManifest to C:\Users\nicjc\my_dbt_project\target\semantic_manifest.json
[0m12:29:40.838088 [debug] [MainThread]: Wrote artifact OsiDocument to C:\Users\nicjc\my_dbt_project\target\osi_document.json
[0m12:29:40.843677 [debug] [MainThread]: Wrote artifact RunExecutionResult to C:\Users\nicjc\my_dbt_project\target\run_results.json
[0m12:29:40.843903 [info ] [MainThread]: 
[0m12:29:40.844382 [info ] [MainThread]: [31mCompleted with 1 error, 0 partial successes, and 0 warnings:[0m
[0m12:29:40.844855 [info ] [MainThread]: 
[0m12:29:40.845356 [error] [MainThread]: [[31mERROR[0m]: in seed 5000_sales_records (seeds\5000_sales_records.csv)
[0m12:29:40.845870 [error] [MainThread]:   Database Error in seed 5000_sales_records (seeds\5000_sales_records.csv)
  ('42000', "[42000] [Microsoft][ODBC Driver 18 for SQL Server][SQL Server]Incorrect syntax near 'varchar'. (102) (SQLExecDirectW)")
[0m12:29:40.846282 [info ] [MainThread]: 
[0m12:29:40.846705 [info ] [MainThread]: Done. PASS=0 WARN=0 ERROR=1 SKIP=0 NO-OP=0 REUSED=0 TOTAL=1
[0m12:29:40.848000 [debug] [MainThread]: Command `dbt seed` failed at 12:29:40.847910 after 1.83 seconds
[0m12:29:40.848303 [debug] [MainThread]: Sending event: {'category': 'dbt', 'action': 'invocation', 'label': 'end', 'context': [<snowplow_tracker.self_describing_json.SelfDescribingJson object at 0x0000025DEEF65D30>, <snowplow_tracker.self_describing_json.SelfDescribingJson object at 0x0000025DE7FB9450>, <snowplow_tracker.self_describing_json.SelfDescribingJson object at 0x0000025DEEBA3070>]}
[0m12:29:40.848574 [debug] [MainThread]: Flushing usage events
[0m12:29:42.238411 [debug] [MainThread]: An error was encountered while trying to flush usage events
[0m12:38:18.521850 [debug] [MainThread]: Sending event: {'category': 'dbt', 'action': 'invocation', 'label': 'start', 'context': [<snowplow_tracker.self_describing_json.SelfDescribingJson object at 0x000001E8BB121D30>, <snowplow_tracker.self_describing_json.SelfDescribingJson object at 0x000001E8B8CCCB90>, <snowplow_tracker.self_describing_json.SelfDescribingJson object at 0x000001E8BDADB890>]}


============================== 12:38:18.525636 | 781c55fa-1b1f-4448-a98e-713a1fb4fca0 ==============================
[0m12:38:18.525636 [info ] [MainThread]: Running with dbt=1.12.5
[0m12:38:18.526233 [debug] [MainThread]: running dbt with arguments {'maximum_seed_size_mib': '1', 'no_print': 'None', 'static_parser': 'True', 'target_path': 'None', 'version_check': 'True', 'warn_error_options': 'WarnErrorOptionsV2(error=[], warn=[], silence=[])', 'printer_width': '80', 'write_json': 'True', 'introspect': 'True', 'log_cache_events': 'False', 'empty': 'False', 'cache_selected_only': 'False', 'fail_fast': 'False', 'debug': 'False', 'log_format': 'default', 'partial_parse': 'True', 'send_anonymous_usage_stats': 'True', 'quiet': 'False', 'warn_error': 'None', 'profiles_dir': 'C:\\Users\\nicjc\\.dbt', 'indirect_selection': 'eager', 'hints_enabled': 'True', 'invocation_command': 'dbt seed --profile sqlserver_profile', 'use_experimental_parser': 'False', 'use_colors': 'True', 'log_path': 'C:\\Users\\nicjc\\my_dbt_project\\logs'}
[0m12:38:18.731652 [debug] [MainThread]: Sending event: {'category': 'dbt', 'action': 'project_id', 'label': '781c55fa-1b1f-4448-a98e-713a1fb4fca0', 'context': [<snowplow_tracker.self_describing_json.SelfDescribingJson object at 0x000001E8BDB7FE10>]}
[0m12:38:18.789255 [debug] [MainThread]: Sending event: {'category': 'dbt', 'action': 'adapter_info', 'label': '781c55fa-1b1f-4448-a98e-713a1fb4fca0', 'context': [<snowplow_tracker.self_describing_json.SelfDescribingJson object at 0x000001E8BE083AC0>]}
[0m12:38:18.790058 [info ] [MainThread]: Registered adapter: sqlserver=1.12.0
[0m12:38:19.017128 [debug] [MainThread]: checksum: 84e6854b018826ad904eca26f98d7d902f51ac360469f424a309c73808fc198c, vars: {}, profile: sqlserver_profile, target: dev, version: 1.12.5
[0m12:38:19.149129 [debug] [MainThread]: Partial parsing enabled: 0 files deleted, 0 files added, 1 files changed.
[0m12:38:19.149645 [debug] [MainThread]: Partial parsing: updated file: my_dbt_project://seeds\5000_sales_records.csv
[0m12:38:19.356113 [debug] [MainThread]: Sending event: {'category': 'dbt', 'action': 'load_project', 'label': '781c55fa-1b1f-4448-a98e-713a1fb4fca0', 'context': [<snowplow_tracker.self_describing_json.SelfDescribingJson object at 0x000001E8BE5FD450>]}
[0m12:38:19.434352 [debug] [MainThread]: Wrote artifact WritableManifest to C:\Users\nicjc\my_dbt_project\target\manifest.json
[0m12:38:19.437460 [debug] [MainThread]: Wrote artifact SemanticManifest to C:\Users\nicjc\my_dbt_project\target\semantic_manifest.json
[0m12:38:19.454202 [debug] [MainThread]: Wrote artifact OsiDocument to C:\Users\nicjc\my_dbt_project\target\osi_document.json
[0m12:38:19.462596 [debug] [MainThread]: Sending event: {'category': 'dbt', 'action': 'resource_counts', 'label': '781c55fa-1b1f-4448-a98e-713a1fb4fca0', 'context': [<snowplow_tracker.self_describing_json.SelfDescribingJson object at 0x000001E8BE7C35C0>]}
[0m12:38:19.462975 [info ] [MainThread]: Found 1 model, 1 test, 1 seed, 578 macros
[0m12:38:19.463392 [debug] [MainThread]: Sending event: {'category': 'dbt', 'action': 'runnable_timing', 'label': '781c55fa-1b1f-4448-a98e-713a1fb4fca0', 'context': [<snowplow_tracker.self_describing_json.SelfDescribingJson object at 0x000001E8BE7A6F90>]}
[0m12:38:19.465927 [info ] [MainThread]: 
[0m12:38:19.466355 [info ] [MainThread]: Concurrency: 1 threads (target='dev')
[0m12:38:19.466768 [info ] [MainThread]: 
[0m12:38:19.467338 [debug] [MainThread]: Acquiring new sqlserver connection 'master'
[0m12:38:19.468207 [debug] [ThreadPool]: Acquiring new sqlserver connection 'list_dbt_dev'
[0m12:38:19.485626 [debug] [ThreadPool]: dbt-sqlserver
[0m12:38:19.487840 [debug] [ThreadPool]: Using sqlserver connection "list_dbt_dev"
[0m12:38:19.488089 [debug] [ThreadPool]: On list_dbt_dev: /* {"app": "dbt", "dbt_version": "1.12.5", "profile_name": "sqlserver_profile", "target_name": "dev", "connection_name": "list_dbt_dev"} */
USE "dbt_dev";
    select  name as [schema]
    from sys.schemas with (nolock) 
    OPTION (LABEL = 'dbt-sqlserver');

  
[0m12:38:19.488302 [debug] [ThreadPool]: Opening a new connection, currently in state init
[0m12:38:19.491188 [debug] [ThreadPool]: sqlserver adapter: Using connection string: DRIVER={ODBC Driver 18 for SQL Server};SERVER=localhost,1433;Database=dbt_dev;UID=***;PWD=***;encrypt=No;TrustServerCertificate=Yes;APP=dbt-sqlserver/1.12.0;Pooling=true;SQL_ATTR_TRACE=SQL_OPT_TRACE_OFF;ConnectRetryCount=3;ConnectRetryInterval=10
[0m12:38:19.630971 [debug] [ThreadPool]: sqlserver adapter: Connected to db: dbt_dev
[0m12:38:19.633649 [debug] [ThreadPool]: SQL status: OK in 0.000 seconds
[0m12:38:19.634721 [debug] [ThreadPool]: On list_dbt_dev: Close
[0m12:38:19.636421 [debug] [ThreadPool]: Acquiring new sqlserver connection 'list_dbt_dev_dbo'
[0m12:38:19.640735 [debug] [ThreadPool]: dbt-sqlserver
[0m12:38:19.641221 [debug] [ThreadPool]: Using sqlserver connection "list_dbt_dev_dbo"
[0m12:38:19.641467 [debug] [ThreadPool]: On list_dbt_dev_dbo: BEGIN TRANSACTION
[0m12:38:19.641668 [debug] [ThreadPool]: Opening a new connection, currently in state init
[0m12:38:19.641976 [debug] [ThreadPool]: sqlserver adapter: Using connection string: DRIVER={ODBC Driver 18 for SQL Server};SERVER=localhost,1433;Database=dbt_dev;UID=***;PWD=***;encrypt=No;TrustServerCertificate=Yes;APP=dbt-sqlserver/1.12.0;Pooling=true;SQL_ATTR_TRACE=SQL_OPT_TRACE_OFF;ConnectRetryCount=3;ConnectRetryInterval=10
[0m12:38:19.642286 [debug] [ThreadPool]: sqlserver adapter: Connected to db: dbt_dev
[0m12:38:19.642995 [debug] [ThreadPool]: SQL status: OK in 0.000 seconds
[0m12:38:19.643232 [debug] [ThreadPool]: Using sqlserver connection "list_dbt_dev_dbo"
[0m12:38:19.643448 [debug] [ThreadPool]: On list_dbt_dev_dbo: /* {"app": "dbt", "dbt_version": "1.12.5", "profile_name": "sqlserver_profile", "target_name": "dev", "connection_name": "list_dbt_dev_dbo"} */
USE "dbt_dev";
    declare @schema_id int = schema_id('dbo');
    select
      DB_NAME() as [database],
      t.name as [name],
      'dbo' as [schema],
      'table' as table_type
    from sys.tables as t with (nolock)
    where t.schema_id = @schema_id
    union all
    select
      DB_NAME() as [database],
      v.name as [name],
      'dbo' as [schema],
      'view' as table_type
    from sys.views as v with (nolock)
    where v.schema_id = @schema_id
    
    OPTION (LABEL = 'dbt-sqlserver');

  
[0m12:38:19.671080 [debug] [ThreadPool]: SQL status: OK in 0.000 seconds
[0m12:38:19.672296 [debug] [ThreadPool]: On list_dbt_dev_dbo: ROLLBACK
[0m12:38:19.672967 [debug] [ThreadPool]: On list_dbt_dev_dbo: Close
[0m12:38:19.673879 [debug] [ThreadPool]: Re-using an available connection from the pool (formerly list_dbt_dev_dbo, now list_dbt_dev_dbo_seed_data)
[0m12:38:19.675407 [debug] [ThreadPool]: dbt-sqlserver
[0m12:38:19.675833 [debug] [ThreadPool]: Using sqlserver connection "list_dbt_dev_dbo_seed_data"
[0m12:38:19.676042 [debug] [ThreadPool]: On list_dbt_dev_dbo_seed_data: BEGIN TRANSACTION
[0m12:38:19.676235 [debug] [ThreadPool]: Opening a new connection, currently in state closed
[0m12:38:19.676878 [debug] [ThreadPool]: sqlserver adapter: Using connection string: DRIVER={ODBC Driver 18 for SQL Server};SERVER=localhost,1433;Database=dbt_dev;UID=***;PWD=***;encrypt=No;TrustServerCertificate=Yes;APP=dbt-sqlserver/1.12.0;Pooling=true;SQL_ATTR_TRACE=SQL_OPT_TRACE_OFF;ConnectRetryCount=3;ConnectRetryInterval=10
[0m12:38:19.677551 [debug] [ThreadPool]: sqlserver adapter: Connected to db: dbt_dev
[0m12:38:19.678356 [debug] [ThreadPool]: SQL status: OK in 0.000 seconds
[0m12:38:19.678592 [debug] [ThreadPool]: Using sqlserver connection "list_dbt_dev_dbo_seed_data"
[0m12:38:19.678808 [debug] [ThreadPool]: On list_dbt_dev_dbo_seed_data: /* {"app": "dbt", "dbt_version": "1.12.5", "profile_name": "sqlserver_profile", "target_name": "dev", "connection_name": "list_dbt_dev_dbo_seed_data"} */
USE "dbt_dev";
    declare @schema_id int = schema_id('dbo_seed_data');
    select
      DB_NAME() as [database],
      t.name as [name],
      'dbo_seed_data' as [schema],
      'table' as table_type
    from sys.tables as t with (nolock)
    where t.schema_id = @schema_id
    union all
    select
      DB_NAME() as [database],
      v.name as [name],
      'dbo_seed_data' as [schema],
      'view' as table_type
    from sys.views as v with (nolock)
    where v.schema_id = @schema_id
    
    OPTION (LABEL = 'dbt-sqlserver');

  
[0m12:38:19.702179 [debug] [ThreadPool]: SQL status: OK in 0.000 seconds
[0m12:38:19.703289 [debug] [ThreadPool]: On list_dbt_dev_dbo_seed_data: ROLLBACK
[0m12:38:19.703734 [debug] [ThreadPool]: On list_dbt_dev_dbo_seed_data: Close
[0m12:38:19.705070 [debug] [MainThread]: Sending event: {'category': 'dbt', 'action': 'runnable_timing', 'label': '781c55fa-1b1f-4448-a98e-713a1fb4fca0', 'context': [<snowplow_tracker.self_describing_json.SelfDescribingJson object at 0x000001E8BE8554A0>]}
[0m12:38:19.705507 [debug] [MainThread]: Using sqlserver connection "master"
[0m12:38:19.705766 [debug] [MainThread]: On master: BEGIN TRANSACTION
[0m12:38:19.705996 [debug] [MainThread]: Opening a new connection, currently in state init
[0m12:38:19.706302 [debug] [MainThread]: sqlserver adapter: Using connection string: DRIVER={ODBC Driver 18 for SQL Server};SERVER=localhost,1433;Database=dbt_dev;UID=***;PWD=***;encrypt=No;TrustServerCertificate=Yes;APP=dbt-sqlserver/1.12.0;Pooling=true;SQL_ATTR_TRACE=SQL_OPT_TRACE_OFF;ConnectRetryCount=3;ConnectRetryInterval=10
[0m12:38:19.706575 [debug] [MainThread]: sqlserver adapter: Connected to db: dbt_dev
[0m12:38:19.707198 [debug] [MainThread]: SQL status: OK in 0.000 seconds
[0m12:38:19.707490 [debug] [MainThread]: On master: COMMIT
[0m12:38:19.707742 [debug] [MainThread]: Using sqlserver connection "master"
[0m12:38:19.707957 [debug] [MainThread]: On master: IF @@TRANCOUNT > 0 COMMIT TRANSACTION
[0m12:38:19.708409 [debug] [MainThread]: SQL status: OK in 0.000 seconds
[0m12:38:19.708644 [debug] [MainThread]: On master: Close
[0m12:38:19.711336 [debug] [Thread-1 (]: Began running node seed.my_dbt_project.5000_sales_records
[0m12:38:19.711737 [info ] [Thread-1 (]: 1 of 1 START seed file dbo_seed_data.5000_sales_records ........................ [RUN]
[0m12:38:19.712338 [debug] [Thread-1 (]: Acquiring new sqlserver connection 'seed.my_dbt_project.5000_sales_records'
[0m12:38:19.712711 [debug] [Thread-1 (]: Began compiling node seed.my_dbt_project.5000_sales_records
[0m12:38:19.713022 [debug] [Thread-1 (]: Began executing node seed.my_dbt_project.5000_sales_records
[0m12:38:19.937936 [debug] [Thread-1 (]: Using sqlserver connection "seed.my_dbt_project.5000_sales_records"
[0m12:38:19.938322 [debug] [Thread-1 (]: On seed.my_dbt_project.5000_sales_records: BEGIN TRANSACTION
[0m12:38:19.938565 [debug] [Thread-1 (]: Opening a new connection, currently in state init
[0m12:38:19.938902 [debug] [Thread-1 (]: sqlserver adapter: Using connection string: DRIVER={ODBC Driver 18 for SQL Server};SERVER=localhost,1433;Database=dbt_dev;UID=***;PWD=***;encrypt=No;TrustServerCertificate=Yes;APP=dbt-sqlserver/1.12.0;Pooling=true;SQL_ATTR_TRACE=SQL_OPT_TRACE_OFF;ConnectRetryCount=3;ConnectRetryInterval=10
[0m12:38:20.034757 [debug] [Thread-1 (]: sqlserver adapter: Connected to db: dbt_dev
[0m12:38:20.036072 [debug] [Thread-1 (]: SQL status: OK in 0.000 seconds
[0m12:38:20.036360 [debug] [Thread-1 (]: Using sqlserver connection "seed.my_dbt_project.5000_sales_records"
[0m12:38:20.036620 [debug] [Thread-1 (]: On seed.my_dbt_project.5000_sales_records: /* {"app": "dbt", "dbt_version": "1.12.5", "profile_name": "sqlserver_profile", "target_name": "dev", "node_id": "seed.my_dbt_project.5000_sales_records"} */

    create table "dbt_dev"."dbo_seed_data"."5000_sales_records" (region varchar(33),country varchar(32),item_type varchar(16),sales_channel varchar(16),order_priority varchar(16),order_date varchar(16),order_id int,ship_date varchar(16),units_sold int,unit_price float,unit_cost float,total_revenue float,total_cost float,total_profit float)
  
[0m12:38:20.044451 [debug] [Thread-1 (]: SQL status: OK in 0.000 seconds
[0m12:38:20.057450 [debug] [Thread-1 (]: Inserting batches of 149 records
[0m12:38:20.287748 [debug] [Thread-1 (]: Using sqlserver connection "seed.my_dbt_project.5000_sales_records"
[0m12:38:20.288155 [debug] [Thread-1 (]: On seed.my_dbt_project.5000_sales_records: 
          insert into "dbt_dev"."dbo_seed_data"."5000_sales_records" (region, country, item_type, sales_channel, order_priority, order_date, order_id, ship_date, units_sold, unit_price, unit_cost, total_revenue, total_cost, total_profit) values (?, ?, ?, ?, ?, ?, ?, ?, ?, ?, ?, ?, ?, ?), (?, ?, ?, ?, ?, ?, ?, ?, ?, ?, ?, ?, ?, ?), (?, ?, ?, ?, ?, ?, ?, ?, ?, ?, ?, ?, ?, ?), (?, ?, ?, ?, ?, ?, ?, ?, ?, ?, ?, ?, ?, ?), (?, ?, ?, ?, ?, ?, ?, ?, ?, ?, ?, ?, ?, ?), (?, ?, ?, ?, ?, ?, ?, ?, ?, ?, ?, ?, ?, ?), (?...
[0m12:38:20.366484 [debug] [Thread-1 (]: SQL status: OK in 0.000 seconds
[0m12:38:20.597179 [debug] [Thread-1 (]: Using sqlserver connection "seed.my_dbt_project.5000_sales_records"
[0m12:38:20.597594 [debug] [Thread-1 (]: On seed.my_dbt_project.5000_sales_records: 
          insert into "dbt_dev"."dbo_seed_data"."5000_sales_records" (region, country, item_type, sales_channel, order_priority, order_date, order_id, ship_date, units_sold, unit_price, unit_cost, total_revenue, total_cost, total_profit) values (?, ?, ?, ?, ?, ?, ?, ?, ?, ?, ?, ?, ?, ?), (?, ?, ?, ?, ?, ?, ?, ?, ?, ?, ?, ?, ?, ?), (?, ?, ?, ?, ?, ?, ?, ?, ?, ?, ?, ?, ?, ?), (?, ?, ?, ?, ?, ?, ?, ?, ?, ?, ?, ?, ?, ?), (?, ?, ?, ?, ?, ?, ?, ?, ?, ?, ?, ?, ?, ?), (?, ?, ?, ?, ?, ?, ?, ?, ?, ?, ?, ?, ?, ?), (?...
[0m12:38:20.671940 [debug] [Thread-1 (]: SQL status: OK in 0.000 seconds
[0m12:38:20.972464 [debug] [Thread-1 (]: Using sqlserver connection "seed.my_dbt_project.5000_sales_records"
[0m12:38:20.972864 [debug] [Thread-1 (]: On seed.my_dbt_project.5000_sales_records: 
          insert into "dbt_dev"."dbo_seed_data"."5000_sales_records" (region, country, item_type, sales_channel, order_priority, order_date, order_id, ship_date, units_sold, unit_price, unit_cost, total_revenue, total_cost, total_profit) values (?, ?, ?, ?, ?, ?, ?, ?, ?, ?, ?, ?, ?, ?), (?, ?, ?, ?, ?, ?, ?, ?, ?, ?, ?, ?, ?, ?), (?, ?, ?, ?, ?, ?, ?, ?, ?, ?, ?, ?, ?, ?), (?, ?, ?, ?, ?, ?, ?, ?, ?, ?, ?, ?, ?, ?), (?, ?, ?, ?, ?, ?, ?, ?, ?, ?, ?, ?, ?, ?), (?, ?, ?, ?, ?, ?, ?, ?, ?, ?, ?, ?, ?, ?), (?...
[0m12:38:21.051029 [debug] [Thread-1 (]: SQL status: OK in 0.000 seconds
[0m12:38:21.278965 [debug] [Thread-1 (]: Using sqlserver connection "seed.my_dbt_project.5000_sales_records"
[0m12:38:21.279372 [debug] [Thread-1 (]: On seed.my_dbt_project.5000_sales_records: 
          insert into "dbt_dev"."dbo_seed_data"."5000_sales_records" (region, country, item_type, sales_channel, order_priority, order_date, order_id, ship_date, units_sold, unit_price, unit_cost, total_revenue, total_cost, total_profit) values (?, ?, ?, ?, ?, ?, ?, ?, ?, ?, ?, ?, ?, ?), (?, ?, ?, ?, ?, ?, ?, ?, ?, ?, ?, ?, ?, ?), (?, ?, ?, ?, ?, ?, ?, ?, ?, ?, ?, ?, ?, ?), (?, ?, ?, ?, ?, ?, ?, ?, ?, ?, ?, ?, ?, ?), (?, ?, ?, ?, ?, ?, ?, ?, ?, ?, ?, ?, ?, ?), (?, ?, ?, ?, ?, ?, ?, ?, ?, ?, ?, ?, ?, ?), (?...
[0m12:38:21.346828 [debug] [Thread-1 (]: SQL status: OK in 0.000 seconds
[0m12:38:21.575818 [debug] [Thread-1 (]: Using sqlserver connection "seed.my_dbt_project.5000_sales_records"
[0m12:38:21.576231 [debug] [Thread-1 (]: On seed.my_dbt_project.5000_sales_records: 
          insert into "dbt_dev"."dbo_seed_data"."5000_sales_records" (region, country, item_type, sales_channel, order_priority, order_date, order_id, ship_date, units_sold, unit_price, unit_cost, total_revenue, total_cost, total_profit) values (?, ?, ?, ?, ?, ?, ?, ?, ?, ?, ?, ?, ?, ?), (?, ?, ?, ?, ?, ?, ?, ?, ?, ?, ?, ?, ?, ?), (?, ?, ?, ?, ?, ?, ?, ?, ?, ?, ?, ?, ?, ?), (?, ?, ?, ?, ?, ?, ?, ?, ?, ?, ?, ?, ?, ?), (?, ?, ?, ?, ?, ?, ?, ?, ?, ?, ?, ?, ?, ?), (?, ?, ?, ?, ?, ?, ?, ?, ?, ?, ?, ?, ?, ?), (?...
[0m12:38:21.644155 [debug] [Thread-1 (]: SQL status: OK in 0.000 seconds
[0m12:38:21.872240 [debug] [Thread-1 (]: Using sqlserver connection "seed.my_dbt_project.5000_sales_records"
[0m12:38:21.872640 [debug] [Thread-1 (]: On seed.my_dbt_project.5000_sales_records: 
          insert into "dbt_dev"."dbo_seed_data"."5000_sales_records" (region, country, item_type, sales_channel, order_priority, order_date, order_id, ship_date, units_sold, unit_price, unit_cost, total_revenue, total_cost, total_profit) values (?, ?, ?, ?, ?, ?, ?, ?, ?, ?, ?, ?, ?, ?), (?, ?, ?, ?, ?, ?, ?, ?, ?, ?, ?, ?, ?, ?), (?, ?, ?, ?, ?, ?, ?, ?, ?, ?, ?, ?, ?, ?), (?, ?, ?, ?, ?, ?, ?, ?, ?, ?, ?, ?, ?, ?), (?, ?, ?, ?, ?, ?, ?, ?, ?, ?, ?, ?, ?, ?), (?, ?, ?, ?, ?, ?, ?, ?, ?, ?, ?, ?, ?, ?), (?...
[0m12:38:21.941510 [debug] [Thread-1 (]: SQL status: OK in 0.000 seconds
[0m12:38:22.169504 [debug] [Thread-1 (]: Using sqlserver connection "seed.my_dbt_project.5000_sales_records"
[0m12:38:22.169888 [debug] [Thread-1 (]: On seed.my_dbt_project.5000_sales_records: 
          insert into "dbt_dev"."dbo_seed_data"."5000_sales_records" (region, country, item_type, sales_channel, order_priority, order_date, order_id, ship_date, units_sold, unit_price, unit_cost, total_revenue, total_cost, total_profit) values (?, ?, ?, ?, ?, ?, ?, ?, ?, ?, ?, ?, ?, ?), (?, ?, ?, ?, ?, ?, ?, ?, ?, ?, ?, ?, ?, ?), (?, ?, ?, ?, ?, ?, ?, ?, ?, ?, ?, ?, ?, ?), (?, ?, ?, ?, ?, ?, ?, ?, ?, ?, ?, ?, ?, ?), (?, ?, ?, ?, ?, ?, ?, ?, ?, ?, ?, ?, ?, ?), (?, ?, ?, ?, ?, ?, ?, ?, ?, ?, ?, ?, ?, ?), (?...
[0m12:38:22.238421 [debug] [Thread-1 (]: SQL status: OK in 0.000 seconds
[0m12:38:22.466247 [debug] [Thread-1 (]: Using sqlserver connection "seed.my_dbt_project.5000_sales_records"
[0m12:38:22.466644 [debug] [Thread-1 (]: On seed.my_dbt_project.5000_sales_records: 
          insert into "dbt_dev"."dbo_seed_data"."5000_sales_records" (region, country, item_type, sales_channel, order_priority, order_date, order_id, ship_date, units_sold, unit_price, unit_cost, total_revenue, total_cost, total_profit) values (?, ?, ?, ?, ?, ?, ?, ?, ?, ?, ?, ?, ?, ?), (?, ?, ?, ?, ?, ?, ?, ?, ?, ?, ?, ?, ?, ?), (?, ?, ?, ?, ?, ?, ?, ?, ?, ?, ?, ?, ?, ?), (?, ?, ?, ?, ?, ?, ?, ?, ?, ?, ?, ?, ?, ?), (?, ?, ?, ?, ?, ?, ?, ?, ?, ?, ?, ?, ?, ?), (?, ?, ?, ?, ?, ?, ?, ?, ?, ?, ?, ?, ?, ?), (?...
[0m12:38:22.534790 [debug] [Thread-1 (]: SQL status: OK in 0.000 seconds
[0m12:38:22.762273 [debug] [Thread-1 (]: Using sqlserver connection "seed.my_dbt_project.5000_sales_records"
[0m12:38:22.762667 [debug] [Thread-1 (]: On seed.my_dbt_project.5000_sales_records: 
          insert into "dbt_dev"."dbo_seed_data"."5000_sales_records" (region, country, item_type, sales_channel, order_priority, order_date, order_id, ship_date, units_sold, unit_price, unit_cost, total_revenue, total_cost, total_profit) values (?, ?, ?, ?, ?, ?, ?, ?, ?, ?, ?, ?, ?, ?), (?, ?, ?, ?, ?, ?, ?, ?, ?, ?, ?, ?, ?, ?), (?, ?, ?, ?, ?, ?, ?, ?, ?, ?, ?, ?, ?, ?), (?, ?, ?, ?, ?, ?, ?, ?, ?, ?, ?, ?, ?, ?), (?, ?, ?, ?, ?, ?, ?, ?, ?, ?, ?, ?, ?, ?), (?, ?, ?, ?, ?, ?, ?, ?, ?, ?, ?, ?, ?, ?), (?...
[0m12:38:22.831720 [debug] [Thread-1 (]: SQL status: OK in 0.000 seconds
[0m12:38:23.060315 [debug] [Thread-1 (]: Using sqlserver connection "seed.my_dbt_project.5000_sales_records"
[0m12:38:23.060716 [debug] [Thread-1 (]: On seed.my_dbt_project.5000_sales_records: 
          insert into "dbt_dev"."dbo_seed_data"."5000_sales_records" (region, country, item_type, sales_channel, order_priority, order_date, order_id, ship_date, units_sold, unit_price, unit_cost, total_revenue, total_cost, total_profit) values (?, ?, ?, ?, ?, ?, ?, ?, ?, ?, ?, ?, ?, ?), (?, ?, ?, ?, ?, ?, ?, ?, ?, ?, ?, ?, ?, ?), (?, ?, ?, ?, ?, ?, ?, ?, ?, ?, ?, ?, ?, ?), (?, ?, ?, ?, ?, ?, ?, ?, ?, ?, ?, ?, ?, ?), (?, ?, ?, ?, ?, ?, ?, ?, ?, ?, ?, ?, ?, ?), (?, ?, ?, ?, ?, ?, ?, ?, ?, ?, ?, ?, ?, ?), (?...
[0m12:38:23.129030 [debug] [Thread-1 (]: SQL status: OK in 0.000 seconds
[0m12:38:23.359114 [debug] [Thread-1 (]: Using sqlserver connection "seed.my_dbt_project.5000_sales_records"
[0m12:38:23.359532 [debug] [Thread-1 (]: On seed.my_dbt_project.5000_sales_records: 
          insert into "dbt_dev"."dbo_seed_data"."5000_sales_records" (region, country, item_type, sales_channel, order_priority, order_date, order_id, ship_date, units_sold, unit_price, unit_cost, total_revenue, total_cost, total_profit) values (?, ?, ?, ?, ?, ?, ?, ?, ?, ?, ?, ?, ?, ?), (?, ?, ?, ?, ?, ?, ?, ?, ?, ?, ?, ?, ?, ?), (?, ?, ?, ?, ?, ?, ?, ?, ?, ?, ?, ?, ?, ?), (?, ?, ?, ?, ?, ?, ?, ?, ?, ?, ?, ?, ?, ?), (?, ?, ?, ?, ?, ?, ?, ?, ?, ?, ?, ?, ?, ?), (?, ?, ?, ?, ?, ?, ?, ?, ?, ?, ?, ?, ?, ?), (?...
[0m12:38:23.451701 [debug] [Thread-1 (]: SQL status: OK in 0.000 seconds
[0m12:38:23.679954 [debug] [Thread-1 (]: Using sqlserver connection "seed.my_dbt_project.5000_sales_records"
[0m12:38:23.680354 [debug] [Thread-1 (]: On seed.my_dbt_project.5000_sales_records: 
          insert into "dbt_dev"."dbo_seed_data"."5000_sales_records" (region, country, item_type, sales_channel, order_priority, order_date, order_id, ship_date, units_sold, unit_price, unit_cost, total_revenue, total_cost, total_profit) values (?, ?, ?, ?, ?, ?, ?, ?, ?, ?, ?, ?, ?, ?), (?, ?, ?, ?, ?, ?, ?, ?, ?, ?, ?, ?, ?, ?), (?, ?, ?, ?, ?, ?, ?, ?, ?, ?, ?, ?, ?, ?), (?, ?, ?, ?, ?, ?, ?, ?, ?, ?, ?, ?, ?, ?), (?, ?, ?, ?, ?, ?, ?, ?, ?, ?, ?, ?, ?, ?), (?, ?, ?, ?, ?, ?, ?, ?, ?, ?, ?, ?, ?, ?), (?...
[0m12:38:23.748989 [debug] [Thread-1 (]: SQL status: OK in 0.000 seconds
[0m12:38:23.977281 [debug] [Thread-1 (]: Using sqlserver connection "seed.my_dbt_project.5000_sales_records"
[0m12:38:23.977681 [debug] [Thread-1 (]: On seed.my_dbt_project.5000_sales_records: 
          insert into "dbt_dev"."dbo_seed_data"."5000_sales_records" (region, country, item_type, sales_channel, order_priority, order_date, order_id, ship_date, units_sold, unit_price, unit_cost, total_revenue, total_cost, total_profit) values (?, ?, ?, ?, ?, ?, ?, ?, ?, ?, ?, ?, ?, ?), (?, ?, ?, ?, ?, ?, ?, ?, ?, ?, ?, ?, ?, ?), (?, ?, ?, ?, ?, ?, ?, ?, ?, ?, ?, ?, ?, ?), (?, ?, ?, ?, ?, ?, ?, ?, ?, ?, ?, ?, ?, ?), (?, ?, ?, ?, ?, ?, ?, ?, ?, ?, ?, ?, ?, ?), (?, ?, ?, ?, ?, ?, ?, ?, ?, ?, ?, ?, ?, ?), (?...
[0m12:38:24.044616 [debug] [Thread-1 (]: SQL status: OK in 0.000 seconds
[0m12:38:24.274627 [debug] [Thread-1 (]: Using sqlserver connection "seed.my_dbt_project.5000_sales_records"
[0m12:38:24.275032 [debug] [Thread-1 (]: On seed.my_dbt_project.5000_sales_records: 
          insert into "dbt_dev"."dbo_seed_data"."5000_sales_records" (region, country, item_type, sales_channel, order_priority, order_date, order_id, ship_date, units_sold, unit_price, unit_cost, total_revenue, total_cost, total_profit) values (?, ?, ?, ?, ?, ?, ?, ?, ?, ?, ?, ?, ?, ?), (?, ?, ?, ?, ?, ?, ?, ?, ?, ?, ?, ?, ?, ?), (?, ?, ?, ?, ?, ?, ?, ?, ?, ?, ?, ?, ?, ?), (?, ?, ?, ?, ?, ?, ?, ?, ?, ?, ?, ?, ?, ?), (?, ?, ?, ?, ?, ?, ?, ?, ?, ?, ?, ?, ?, ?), (?, ?, ?, ?, ?, ?, ?, ?, ?, ?, ?, ?, ?, ?), (?...
[0m12:38:24.341768 [debug] [Thread-1 (]: SQL status: OK in 0.000 seconds
[0m12:38:24.572819 [debug] [Thread-1 (]: Using sqlserver connection "seed.my_dbt_project.5000_sales_records"
[0m12:38:24.573224 [debug] [Thread-1 (]: On seed.my_dbt_project.5000_sales_records: 
          insert into "dbt_dev"."dbo_seed_data"."5000_sales_records" (region, country, item_type, sales_channel, order_priority, order_date, order_id, ship_date, units_sold, unit_price, unit_cost, total_revenue, total_cost, total_profit) values (?, ?, ?, ?, ?, ?, ?, ?, ?, ?, ?, ?, ?, ?), (?, ?, ?, ?, ?, ?, ?, ?, ?, ?, ?, ?, ?, ?), (?, ?, ?, ?, ?, ?, ?, ?, ?, ?, ?, ?, ?, ?), (?, ?, ?, ?, ?, ?, ?, ?, ?, ?, ?, ?, ?, ?), (?, ?, ?, ?, ?, ?, ?, ?, ?, ?, ?, ?, ?, ?), (?, ?, ?, ?, ?, ?, ?, ?, ?, ?, ?, ?, ?, ?), (?...
[0m12:38:24.640951 [debug] [Thread-1 (]: SQL status: OK in 0.000 seconds
[0m12:38:24.869968 [debug] [Thread-1 (]: Using sqlserver connection "seed.my_dbt_project.5000_sales_records"
[0m12:38:24.870358 [debug] [Thread-1 (]: On seed.my_dbt_project.5000_sales_records: 
          insert into "dbt_dev"."dbo_seed_data"."5000_sales_records" (region, country, item_type, sales_channel, order_priority, order_date, order_id, ship_date, units_sold, unit_price, unit_cost, total_revenue, total_cost, total_profit) values (?, ?, ?, ?, ?, ?, ?, ?, ?, ?, ?, ?, ?, ?), (?, ?, ?, ?, ?, ?, ?, ?, ?, ?, ?, ?, ?, ?), (?, ?, ?, ?, ?, ?, ?, ?, ?, ?, ?, ?, ?, ?), (?, ?, ?, ?, ?, ?, ?, ?, ?, ?, ?, ?, ?, ?), (?, ?, ?, ?, ?, ?, ?, ?, ?, ?, ?, ?, ?, ?), (?, ?, ?, ?, ?, ?, ?, ?, ?, ?, ?, ?, ?, ?), (?...
[0m12:38:24.936998 [debug] [Thread-1 (]: SQL status: OK in 0.000 seconds
[0m12:38:25.165816 [debug] [Thread-1 (]: Using sqlserver connection "seed.my_dbt_project.5000_sales_records"
[0m12:38:25.166208 [debug] [Thread-1 (]: On seed.my_dbt_project.5000_sales_records: 
          insert into "dbt_dev"."dbo_seed_data"."5000_sales_records" (region, country, item_type, sales_channel, order_priority, order_date, order_id, ship_date, units_sold, unit_price, unit_cost, total_revenue, total_cost, total_profit) values (?, ?, ?, ?, ?, ?, ?, ?, ?, ?, ?, ?, ?, ?), (?, ?, ?, ?, ?, ?, ?, ?, ?, ?, ?, ?, ?, ?), (?, ?, ?, ?, ?, ?, ?, ?, ?, ?, ?, ?, ?, ?), (?, ?, ?, ?, ?, ?, ?, ?, ?, ?, ?, ?, ?, ?), (?, ?, ?, ?, ?, ?, ?, ?, ?, ?, ?, ?, ?, ?), (?, ?, ?, ?, ?, ?, ?, ?, ?, ?, ?, ?, ?, ?), (?...
[0m12:38:25.231332 [debug] [Thread-1 (]: SQL status: OK in 0.000 seconds
[0m12:38:25.460367 [debug] [Thread-1 (]: Using sqlserver connection "seed.my_dbt_project.5000_sales_records"
[0m12:38:25.460757 [debug] [Thread-1 (]: On seed.my_dbt_project.5000_sales_records: 
          insert into "dbt_dev"."dbo_seed_data"."5000_sales_records" (region, country, item_type, sales_channel, order_priority, order_date, order_id, ship_date, units_sold, unit_price, unit_cost, total_revenue, total_cost, total_profit) values (?, ?, ?, ?, ?, ?, ?, ?, ?, ?, ?, ?, ?, ?), (?, ?, ?, ?, ?, ?, ?, ?, ?, ?, ?, ?, ?, ?), (?, ?, ?, ?, ?, ?, ?, ?, ?, ?, ?, ?, ?, ?), (?, ?, ?, ?, ?, ?, ?, ?, ?, ?, ?, ?, ?, ?), (?, ?, ?, ?, ?, ?, ?, ?, ?, ?, ?, ?, ?, ?), (?, ?, ?, ?, ?, ?, ?, ?, ?, ?, ?, ?, ?, ?), (?...
[0m12:38:25.528201 [debug] [Thread-1 (]: SQL status: OK in 0.000 seconds
[0m12:38:25.756956 [debug] [Thread-1 (]: Using sqlserver connection "seed.my_dbt_project.5000_sales_records"
[0m12:38:25.757343 [debug] [Thread-1 (]: On seed.my_dbt_project.5000_sales_records: 
          insert into "dbt_dev"."dbo_seed_data"."5000_sales_records" (region, country, item_type, sales_channel, order_priority, order_date, order_id, ship_date, units_sold, unit_price, unit_cost, total_revenue, total_cost, total_profit) values (?, ?, ?, ?, ?, ?, ?, ?, ?, ?, ?, ?, ?, ?), (?, ?, ?, ?, ?, ?, ?, ?, ?, ?, ?, ?, ?, ?), (?, ?, ?, ?, ?, ?, ?, ?, ?, ?, ?, ?, ?, ?), (?, ?, ?, ?, ?, ?, ?, ?, ?, ?, ?, ?, ?, ?), (?, ?, ?, ?, ?, ?, ?, ?, ?, ?, ?, ?, ?, ?), (?, ?, ?, ?, ?, ?, ?, ?, ?, ?, ?, ?, ?, ?), (?...
[0m12:38:25.823796 [debug] [Thread-1 (]: SQL status: OK in 0.000 seconds
[0m12:38:26.053571 [debug] [Thread-1 (]: Using sqlserver connection "seed.my_dbt_project.5000_sales_records"
[0m12:38:26.053987 [debug] [Thread-1 (]: On seed.my_dbt_project.5000_sales_records: 
          insert into "dbt_dev"."dbo_seed_data"."5000_sales_records" (region, country, item_type, sales_channel, order_priority, order_date, order_id, ship_date, units_sold, unit_price, unit_cost, total_revenue, total_cost, total_profit) values (?, ?, ?, ?, ?, ?, ?, ?, ?, ?, ?, ?, ?, ?), (?, ?, ?, ?, ?, ?, ?, ?, ?, ?, ?, ?, ?, ?), (?, ?, ?, ?, ?, ?, ?, ?, ?, ?, ?, ?, ?, ?), (?, ?, ?, ?, ?, ?, ?, ?, ?, ?, ?, ?, ?, ?), (?, ?, ?, ?, ?, ?, ?, ?, ?, ?, ?, ?, ?, ?), (?, ?, ?, ?, ?, ?, ?, ?, ?, ?, ?, ?, ?, ?), (?...
[0m12:38:26.121689 [debug] [Thread-1 (]: SQL status: OK in 0.000 seconds
[0m12:38:26.349648 [debug] [Thread-1 (]: Using sqlserver connection "seed.my_dbt_project.5000_sales_records"
[0m12:38:26.350043 [debug] [Thread-1 (]: On seed.my_dbt_project.5000_sales_records: 
          insert into "dbt_dev"."dbo_seed_data"."5000_sales_records" (region, country, item_type, sales_channel, order_priority, order_date, order_id, ship_date, units_sold, unit_price, unit_cost, total_revenue, total_cost, total_profit) values (?, ?, ?, ?, ?, ?, ?, ?, ?, ?, ?, ?, ?, ?), (?, ?, ?, ?, ?, ?, ?, ?, ?, ?, ?, ?, ?, ?), (?, ?, ?, ?, ?, ?, ?, ?, ?, ?, ?, ?, ?, ?), (?, ?, ?, ?, ?, ?, ?, ?, ?, ?, ?, ?, ?, ?), (?, ?, ?, ?, ?, ?, ?, ?, ?, ?, ?, ?, ?, ?), (?, ?, ?, ?, ?, ?, ?, ?, ?, ?, ?, ?, ?, ?), (?...
[0m12:38:26.418078 [debug] [Thread-1 (]: SQL status: OK in 0.000 seconds
[0m12:38:26.647557 [debug] [Thread-1 (]: Using sqlserver connection "seed.my_dbt_project.5000_sales_records"
[0m12:38:26.647971 [debug] [Thread-1 (]: On seed.my_dbt_project.5000_sales_records: 
          insert into "dbt_dev"."dbo_seed_data"."5000_sales_records" (region, country, item_type, sales_channel, order_priority, order_date, order_id, ship_date, units_sold, unit_price, unit_cost, total_revenue, total_cost, total_profit) values (?, ?, ?, ?, ?, ?, ?, ?, ?, ?, ?, ?, ?, ?), (?, ?, ?, ?, ?, ?, ?, ?, ?, ?, ?, ?, ?, ?), (?, ?, ?, ?, ?, ?, ?, ?, ?, ?, ?, ?, ?, ?), (?, ?, ?, ?, ?, ?, ?, ?, ?, ?, ?, ?, ?, ?), (?, ?, ?, ?, ?, ?, ?, ?, ?, ?, ?, ?, ?, ?), (?, ?, ?, ?, ?, ?, ?, ?, ?, ?, ?, ?, ?, ?), (?...
[0m12:38:26.717843 [debug] [Thread-1 (]: SQL status: OK in 0.000 seconds
[0m12:38:26.946709 [debug] [Thread-1 (]: Using sqlserver connection "seed.my_dbt_project.5000_sales_records"
[0m12:38:26.947086 [debug] [Thread-1 (]: On seed.my_dbt_project.5000_sales_records: 
          insert into "dbt_dev"."dbo_seed_data"."5000_sales_records" (region, country, item_type, sales_channel, order_priority, order_date, order_id, ship_date, units_sold, unit_price, unit_cost, total_revenue, total_cost, total_profit) values (?, ?, ?, ?, ?, ?, ?, ?, ?, ?, ?, ?, ?, ?), (?, ?, ?, ?, ?, ?, ?, ?, ?, ?, ?, ?, ?, ?), (?, ?, ?, ?, ?, ?, ?, ?, ?, ?, ?, ?, ?, ?), (?, ?, ?, ?, ?, ?, ?, ?, ?, ?, ?, ?, ?, ?), (?, ?, ?, ?, ?, ?, ?, ?, ?, ?, ?, ?, ?, ?), (?, ?, ?, ?, ?, ?, ?, ?, ?, ?, ?, ?, ?, ?), (?...
[0m12:38:27.015086 [debug] [Thread-1 (]: SQL status: OK in 0.000 seconds
[0m12:38:27.244630 [debug] [Thread-1 (]: Using sqlserver connection "seed.my_dbt_project.5000_sales_records"
[0m12:38:27.245054 [debug] [Thread-1 (]: On seed.my_dbt_project.5000_sales_records: 
          insert into "dbt_dev"."dbo_seed_data"."5000_sales_records" (region, country, item_type, sales_channel, order_priority, order_date, order_id, ship_date, units_sold, unit_price, unit_cost, total_revenue, total_cost, total_profit) values (?, ?, ?, ?, ?, ?, ?, ?, ?, ?, ?, ?, ?, ?), (?, ?, ?, ?, ?, ?, ?, ?, ?, ?, ?, ?, ?, ?), (?, ?, ?, ?, ?, ?, ?, ?, ?, ?, ?, ?, ?, ?), (?, ?, ?, ?, ?, ?, ?, ?, ?, ?, ?, ?, ?, ?), (?, ?, ?, ?, ?, ?, ?, ?, ?, ?, ?, ?, ?, ?), (?, ?, ?, ?, ?, ?, ?, ?, ?, ?, ?, ?, ?, ?), (?...
[0m12:38:27.312214 [debug] [Thread-1 (]: SQL status: OK in 0.000 seconds
[0m12:38:27.544408 [debug] [Thread-1 (]: Using sqlserver connection "seed.my_dbt_project.5000_sales_records"
[0m12:38:27.544820 [debug] [Thread-1 (]: On seed.my_dbt_project.5000_sales_records: 
          insert into "dbt_dev"."dbo_seed_data"."5000_sales_records" (region, country, item_type, sales_channel, order_priority, order_date, order_id, ship_date, units_sold, unit_price, unit_cost, total_revenue, total_cost, total_profit) values (?, ?, ?, ?, ?, ?, ?, ?, ?, ?, ?, ?, ?, ?), (?, ?, ?, ?, ?, ?, ?, ?, ?, ?, ?, ?, ?, ?), (?, ?, ?, ?, ?, ?, ?, ?, ?, ?, ?, ?, ?, ?), (?, ?, ?, ?, ?, ?, ?, ?, ?, ?, ?, ?, ?, ?), (?, ?, ?, ?, ?, ?, ?, ?, ?, ?, ?, ?, ?, ?), (?, ?, ?, ?, ?, ?, ?, ?, ?, ?, ?, ?, ?, ?), (?...
[0m12:38:27.613341 [debug] [Thread-1 (]: SQL status: OK in 0.000 seconds
[0m12:38:27.842723 [debug] [Thread-1 (]: Using sqlserver connection "seed.my_dbt_project.5000_sales_records"
[0m12:38:27.843117 [debug] [Thread-1 (]: On seed.my_dbt_project.5000_sales_records: 
          insert into "dbt_dev"."dbo_seed_data"."5000_sales_records" (region, country, item_type, sales_channel, order_priority, order_date, order_id, ship_date, units_sold, unit_price, unit_cost, total_revenue, total_cost, total_profit) values (?, ?, ?, ?, ?, ?, ?, ?, ?, ?, ?, ?, ?, ?), (?, ?, ?, ?, ?, ?, ?, ?, ?, ?, ?, ?, ?, ?), (?, ?, ?, ?, ?, ?, ?, ?, ?, ?, ?, ?, ?, ?), (?, ?, ?, ?, ?, ?, ?, ?, ?, ?, ?, ?, ?, ?), (?, ?, ?, ?, ?, ?, ?, ?, ?, ?, ?, ?, ?, ?), (?, ?, ?, ?, ?, ?, ?, ?, ?, ?, ?, ?, ?, ?), (?...
[0m12:38:27.911997 [debug] [Thread-1 (]: SQL status: OK in 0.000 seconds
[0m12:38:28.142797 [debug] [Thread-1 (]: Using sqlserver connection "seed.my_dbt_project.5000_sales_records"
[0m12:38:28.143211 [debug] [Thread-1 (]: On seed.my_dbt_project.5000_sales_records: 
          insert into "dbt_dev"."dbo_seed_data"."5000_sales_records" (region, country, item_type, sales_channel, order_priority, order_date, order_id, ship_date, units_sold, unit_price, unit_cost, total_revenue, total_cost, total_profit) values (?, ?, ?, ?, ?, ?, ?, ?, ?, ?, ?, ?, ?, ?), (?, ?, ?, ?, ?, ?, ?, ?, ?, ?, ?, ?, ?, ?), (?, ?, ?, ?, ?, ?, ?, ?, ?, ?, ?, ?, ?, ?), (?, ?, ?, ?, ?, ?, ?, ?, ?, ?, ?, ?, ?, ?), (?, ?, ?, ?, ?, ?, ?, ?, ?, ?, ?, ?, ?, ?), (?, ?, ?, ?, ?, ?, ?, ?, ?, ?, ?, ?, ?, ?), (?...
[0m12:38:28.215334 [debug] [Thread-1 (]: SQL status: OK in 0.000 seconds
[0m12:38:28.446208 [debug] [Thread-1 (]: Using sqlserver connection "seed.my_dbt_project.5000_sales_records"
[0m12:38:28.446607 [debug] [Thread-1 (]: On seed.my_dbt_project.5000_sales_records: 
          insert into "dbt_dev"."dbo_seed_data"."5000_sales_records" (region, country, item_type, sales_channel, order_priority, order_date, order_id, ship_date, units_sold, unit_price, unit_cost, total_revenue, total_cost, total_profit) values (?, ?, ?, ?, ?, ?, ?, ?, ?, ?, ?, ?, ?, ?), (?, ?, ?, ?, ?, ?, ?, ?, ?, ?, ?, ?, ?, ?), (?, ?, ?, ?, ?, ?, ?, ?, ?, ?, ?, ?, ?, ?), (?, ?, ?, ?, ?, ?, ?, ?, ?, ?, ?, ?, ?, ?), (?, ?, ?, ?, ?, ?, ?, ?, ?, ?, ?, ?, ?, ?), (?, ?, ?, ?, ?, ?, ?, ?, ?, ?, ?, ?, ?, ?), (?...
[0m12:38:28.518950 [debug] [Thread-1 (]: SQL status: OK in 0.000 seconds
[0m12:38:28.748236 [debug] [Thread-1 (]: Using sqlserver connection "seed.my_dbt_project.5000_sales_records"
[0m12:38:28.748670 [debug] [Thread-1 (]: On seed.my_dbt_project.5000_sales_records: 
          insert into "dbt_dev"."dbo_seed_data"."5000_sales_records" (region, country, item_type, sales_channel, order_priority, order_date, order_id, ship_date, units_sold, unit_price, unit_cost, total_revenue, total_cost, total_profit) values (?, ?, ?, ?, ?, ?, ?, ?, ?, ?, ?, ?, ?, ?), (?, ?, ?, ?, ?, ?, ?, ?, ?, ?, ?, ?, ?, ?), (?, ?, ?, ?, ?, ?, ?, ?, ?, ?, ?, ?, ?, ?), (?, ?, ?, ?, ?, ?, ?, ?, ?, ?, ?, ?, ?, ?), (?, ?, ?, ?, ?, ?, ?, ?, ?, ?, ?, ?, ?, ?), (?, ?, ?, ?, ?, ?, ?, ?, ?, ?, ?, ?, ?, ?), (?...
[0m12:38:28.821936 [debug] [Thread-1 (]: SQL status: OK in 0.000 seconds
[0m12:38:29.052541 [debug] [Thread-1 (]: Using sqlserver connection "seed.my_dbt_project.5000_sales_records"
[0m12:38:29.052924 [debug] [Thread-1 (]: On seed.my_dbt_project.5000_sales_records: 
          insert into "dbt_dev"."dbo_seed_data"."5000_sales_records" (region, country, item_type, sales_channel, order_priority, order_date, order_id, ship_date, units_sold, unit_price, unit_cost, total_revenue, total_cost, total_profit) values (?, ?, ?, ?, ?, ?, ?, ?, ?, ?, ?, ?, ?, ?), (?, ?, ?, ?, ?, ?, ?, ?, ?, ?, ?, ?, ?, ?), (?, ?, ?, ?, ?, ?, ?, ?, ?, ?, ?, ?, ?, ?), (?, ?, ?, ?, ?, ?, ?, ?, ?, ?, ?, ?, ?, ?), (?, ?, ?, ?, ?, ?, ?, ?, ?, ?, ?, ?, ?, ?), (?, ?, ?, ?, ?, ?, ?, ?, ?, ?, ?, ?, ?, ?), (?...
[0m12:38:29.123442 [debug] [Thread-1 (]: SQL status: OK in 0.000 seconds
[0m12:38:29.353304 [debug] [Thread-1 (]: Using sqlserver connection "seed.my_dbt_project.5000_sales_records"
[0m12:38:29.353698 [debug] [Thread-1 (]: On seed.my_dbt_project.5000_sales_records: 
          insert into "dbt_dev"."dbo_seed_data"."5000_sales_records" (region, country, item_type, sales_channel, order_priority, order_date, order_id, ship_date, units_sold, unit_price, unit_cost, total_revenue, total_cost, total_profit) values (?, ?, ?, ?, ?, ?, ?, ?, ?, ?, ?, ?, ?, ?), (?, ?, ?, ?, ?, ?, ?, ?, ?, ?, ?, ?, ?, ?), (?, ?, ?, ?, ?, ?, ?, ?, ?, ?, ?, ?, ?, ?), (?, ?, ?, ?, ?, ?, ?, ?, ?, ?, ?, ?, ?, ?), (?, ?, ?, ?, ?, ?, ?, ?, ?, ?, ?, ?, ?, ?), (?, ?, ?, ?, ?, ?, ?, ?, ?, ?, ?, ?, ?, ?), (?...
[0m12:38:29.425971 [debug] [Thread-1 (]: SQL status: OK in 0.000 seconds
[0m12:38:29.654532 [debug] [Thread-1 (]: Using sqlserver connection "seed.my_dbt_project.5000_sales_records"
[0m12:38:29.654920 [debug] [Thread-1 (]: On seed.my_dbt_project.5000_sales_records: 
          insert into "dbt_dev"."dbo_seed_data"."5000_sales_records" (region, country, item_type, sales_channel, order_priority, order_date, order_id, ship_date, units_sold, unit_price, unit_cost, total_revenue, total_cost, total_profit) values (?, ?, ?, ?, ?, ?, ?, ?, ?, ?, ?, ?, ?, ?), (?, ?, ?, ?, ?, ?, ?, ?, ?, ?, ?, ?, ?, ?), (?, ?, ?, ?, ?, ?, ?, ?, ?, ?, ?, ?, ?, ?), (?, ?, ?, ?, ?, ?, ?, ?, ?, ?, ?, ?, ?, ?), (?, ?, ?, ?, ?, ?, ?, ?, ?, ?, ?, ?, ?, ?), (?, ?, ?, ?, ?, ?, ?, ?, ?, ?, ?, ?, ?, ?), (?...
[0m12:38:29.722202 [debug] [Thread-1 (]: SQL status: OK in 0.000 seconds
[0m12:38:29.951719 [debug] [Thread-1 (]: Using sqlserver connection "seed.my_dbt_project.5000_sales_records"
[0m12:38:29.952134 [debug] [Thread-1 (]: On seed.my_dbt_project.5000_sales_records: 
          insert into "dbt_dev"."dbo_seed_data"."5000_sales_records" (region, country, item_type, sales_channel, order_priority, order_date, order_id, ship_date, units_sold, unit_price, unit_cost, total_revenue, total_cost, total_profit) values (?, ?, ?, ?, ?, ?, ?, ?, ?, ?, ?, ?, ?, ?), (?, ?, ?, ?, ?, ?, ?, ?, ?, ?, ?, ?, ?, ?), (?, ?, ?, ?, ?, ?, ?, ?, ?, ?, ?, ?, ?, ?), (?, ?, ?, ?, ?, ?, ?, ?, ?, ?, ?, ?, ?, ?), (?, ?, ?, ?, ?, ?, ?, ?, ?, ?, ?, ?, ?, ?), (?, ?, ?, ?, ?, ?, ?, ?, ?, ?, ?, ?, ?, ?), (?...
[0m12:38:30.019806 [debug] [Thread-1 (]: SQL status: OK in 0.000 seconds
[0m12:38:30.148892 [debug] [Thread-1 (]: Using sqlserver connection "seed.my_dbt_project.5000_sales_records"
[0m12:38:30.149272 [debug] [Thread-1 (]: On seed.my_dbt_project.5000_sales_records: 
          insert into "dbt_dev"."dbo_seed_data"."5000_sales_records" (region, country, item_type, sales_channel, order_priority, order_date, order_id, ship_date, units_sold, unit_price, unit_cost, total_revenue, total_cost, total_profit) values (?, ?, ?, ?, ?, ?, ?, ?, ?, ?, ?, ?, ?, ?), (?, ?, ?, ?, ?, ?, ?, ?, ?, ?, ?, ?, ?, ?), (?, ?, ?, ?, ?, ?, ?, ?, ?, ?, ?, ?, ?, ?), (?, ?, ?, ?, ?, ?, ?, ?, ?, ?, ?, ?, ?, ?), (?, ?, ?, ?, ?, ?, ?, ?, ?, ?, ?, ?, ?, ?), (?, ?, ?, ?, ?, ?, ?, ?, ?, ?, ?, ?, ?, ?), (?...
[0m12:38:30.186671 [debug] [Thread-1 (]: SQL status: OK in 0.000 seconds
[0m12:38:30.191762 [debug] [Thread-1 (]: Writing runtime SQL for node "seed.my_dbt_project.5000_sales_records"
[0m12:38:30.216571 [debug] [Thread-1 (]: On seed.my_dbt_project.5000_sales_records: COMMIT
[0m12:38:30.216924 [debug] [Thread-1 (]: Using sqlserver connection "seed.my_dbt_project.5000_sales_records"
[0m12:38:30.217173 [debug] [Thread-1 (]: On seed.my_dbt_project.5000_sales_records: IF @@TRANCOUNT > 0 COMMIT TRANSACTION
[0m12:38:30.224014 [debug] [Thread-1 (]: SQL status: OK in 0.000 seconds
[0m12:38:30.225811 [debug] [Thread-1 (]: On seed.my_dbt_project.5000_sales_records: Close
[0m12:38:30.227224 [debug] [Thread-1 (]: Sending event: {'category': 'dbt', 'action': 'run_model', 'label': '781c55fa-1b1f-4448-a98e-713a1fb4fca0', 'context': [<snowplow_tracker.self_describing_json.SelfDescribingJson object at 0x000001E8BE7B50D0>]}
[0m12:38:30.227630 [info ] [Thread-1 (]: 1 of 1 OK loaded seed file dbo_seed_data.5000_sales_records .................... [[32mINSERT 5000[0m in 10.51s]
[0m12:38:30.228256 [debug] [Thread-1 (]: Finished running node seed.my_dbt_project.5000_sales_records
[0m12:38:30.229543 [debug] [MainThread]: Using sqlserver connection "master"
[0m12:38:30.229817 [debug] [MainThread]: On master: BEGIN TRANSACTION
[0m12:38:30.230049 [debug] [MainThread]: Opening a new connection, currently in state closed
[0m12:38:30.230389 [debug] [MainThread]: sqlserver adapter: Using connection string: DRIVER={ODBC Driver 18 for SQL Server};SERVER=localhost,1433;Database=dbt_dev;UID=***;PWD=***;encrypt=No;TrustServerCertificate=Yes;APP=dbt-sqlserver/1.12.0;Pooling=true;SQL_ATTR_TRACE=SQL_OPT_TRACE_OFF;ConnectRetryCount=3;ConnectRetryInterval=10
[0m12:38:30.230683 [debug] [MainThread]: sqlserver adapter: Connected to db: dbt_dev
[0m12:38:30.231521 [debug] [MainThread]: SQL status: OK in 0.000 seconds
[0m12:38:30.232014 [debug] [MainThread]: On master: COMMIT
[0m12:38:30.232456 [debug] [MainThread]: Using sqlserver connection "master"
[0m12:38:30.232643 [debug] [MainThread]: On master: IF @@TRANCOUNT > 0 COMMIT TRANSACTION
[0m12:38:30.232952 [debug] [MainThread]: SQL status: OK in 0.000 seconds
[0m12:38:30.233172 [debug] [MainThread]: On master: Close
[0m12:38:30.233439 [debug] [MainThread]: Connection 'master' was properly closed.
[0m12:38:30.233627 [debug] [MainThread]: Connection 'list_dbt_dev' was properly closed.
[0m12:38:30.233799 [debug] [MainThread]: Connection 'list_dbt_dev_dbo_seed_data' was properly closed.
[0m12:38:30.233970 [debug] [MainThread]: Connection 'seed.my_dbt_project.5000_sales_records' was properly closed.
[0m12:38:30.234172 [info ] [MainThread]: 
[0m12:38:30.234513 [info ] [MainThread]: Finished running 1 seed in 0 hours 0 minutes and 10.77 seconds (10.77s).
[0m12:38:30.235121 [debug] [MainThread]: Command end result
[0m12:38:30.264314 [debug] [MainThread]: Wrote artifact WritableManifest to C:\Users\nicjc\my_dbt_project\target\manifest.json
[0m12:38:30.267380 [debug] [MainThread]: Wrote artifact SemanticManifest to C:\Users\nicjc\my_dbt_project\target\semantic_manifest.json
[0m12:38:30.270174 [debug] [MainThread]: Wrote artifact OsiDocument to C:\Users\nicjc\my_dbt_project\target\osi_document.json
[0m12:38:30.275813 [debug] [MainThread]: Wrote artifact RunExecutionResult to C:\Users\nicjc\my_dbt_project\target\run_results.json
[0m12:38:30.276041 [info ] [MainThread]: 
[0m12:38:30.276550 [info ] [MainThread]: [32mCompleted successfully[0m
[0m12:38:30.277006 [info ] [MainThread]: 
[0m12:38:30.277389 [info ] [MainThread]: Done. PASS=1 WARN=0 ERROR=0 SKIP=0 NO-OP=0 REUSED=0 TOTAL=1
[0m12:38:30.278497 [debug] [MainThread]: Command `dbt seed` succeeded at 12:38:30.278372 after 11.89 seconds
[0m12:38:30.278951 [debug] [MainThread]: Sending event: {'category': 'dbt', 'action': 'invocation', 'label': 'end', 'context': [<snowplow_tracker.self_describing_json.SelfDescribingJson object at 0x000001E8BE877EE0>, <snowplow_tracker.self_describing_json.SelfDescribingJson object at 0x000001E8B7449450>, <snowplow_tracker.self_describing_json.SelfDescribingJson object at 0x000001E8BE0A14F0>]}
[0m12:38:30.279289 [debug] [MainThread]: Flushing usage events
[0m12:38:31.531790 [debug] [MainThread]: An error was encountered while trying to flush usage events
[0m12:44:10.541298 [debug] [MainThread]: Sending event: {'category': 'dbt', 'action': 'invocation', 'label': 'start', 'context': [<snowplow_tracker.self_describing_json.SelfDescribingJson object at 0x0000023D15285D30>, <snowplow_tracker.self_describing_json.SelfDescribingJson object at 0x0000023D12E2CB90>, <snowplow_tracker.self_describing_json.SelfDescribingJson object at 0x0000023D17C3B890>]}


============================== 12:44:10.544573 | d876689a-e9fc-4166-8238-6b4027983d96 ==============================
[0m12:44:10.544573 [info ] [MainThread]: Running with dbt=1.12.5
[0m12:44:10.545072 [debug] [MainThread]: running dbt with arguments {'version_check': 'True', 'no_print': 'None', 'maximum_seed_size_mib': '1', 'warn_error_options': 'WarnErrorOptionsV2(error=[], warn=[], silence=[])', 'target_path': 'None', 'static_parser': 'True', 'printer_width': '80', 'write_json': 'True', 'empty': 'None', 'log_cache_events': 'False', 'introspect': 'True', 'cache_selected_only': 'False', 'fail_fast': 'False', 'debug': 'False', 'log_format': 'default', 'profiles_dir': 'C:\\Users\\nicjc\\.dbt', 'send_anonymous_usage_stats': 'True', 'quiet': 'False', 'warn_error': 'None', 'partial_parse': 'True', 'invocation_command': 'dbt test --profile sqlserver_profile', 'hints_enabled': 'True', 'use_colors': 'True', 'use_experimental_parser': 'False', 'indirect_selection': 'eager', 'log_path': 'C:\\Users\\nicjc\\my_dbt_project\\logs'}
[0m12:44:10.761846 [debug] [MainThread]: Sending event: {'category': 'dbt', 'action': 'project_id', 'label': 'd876689a-e9fc-4166-8238-6b4027983d96', 'context': [<snowplow_tracker.self_describing_json.SelfDescribingJson object at 0x0000023D17CDFE10>]}
[0m12:44:10.820631 [debug] [MainThread]: Sending event: {'category': 'dbt', 'action': 'adapter_info', 'label': 'd876689a-e9fc-4166-8238-6b4027983d96', 'context': [<snowplow_tracker.self_describing_json.SelfDescribingJson object at 0x0000023D181B7AC0>]}
[0m12:44:10.821477 [info ] [MainThread]: Registered adapter: sqlserver=1.12.0
[0m12:44:11.037229 [debug] [MainThread]: checksum: 84e6854b018826ad904eca26f98d7d902f51ac360469f424a309c73808fc198c, vars: {}, profile: sqlserver_profile, target: dev, version: 1.12.5
[0m12:44:11.173702 [debug] [MainThread]: Partial parsing enabled: 0 files deleted, 1 files added, 0 files changed.
[0m12:44:11.174224 [debug] [MainThread]: Partial parsing: added file: my_dbt_project://seeds\5000_sales_records.yaml
[0m12:44:11.386528 [debug] [MainThread]: Sending event: {'category': 'dbt', 'action': 'load_project', 'label': 'd876689a-e9fc-4166-8238-6b4027983d96', 'context': [<snowplow_tracker.self_describing_json.SelfDescribingJson object at 0x0000023D18725350>]}
[0m12:44:11.463782 [debug] [MainThread]: Wrote artifact WritableManifest to C:\Users\nicjc\my_dbt_project\target\manifest.json
[0m12:44:11.466841 [debug] [MainThread]: Wrote artifact SemanticManifest to C:\Users\nicjc\my_dbt_project\target\semantic_manifest.json
[0m12:44:11.483412 [debug] [MainThread]: Wrote artifact OsiDocument to C:\Users\nicjc\my_dbt_project\target\osi_document.json
[0m12:44:11.499044 [debug] [MainThread]: Sending event: {'category': 'dbt', 'action': 'resource_counts', 'label': 'd876689a-e9fc-4166-8238-6b4027983d96', 'context': [<snowplow_tracker.self_describing_json.SelfDescribingJson object at 0x0000023D18981A90>]}
[0m12:44:11.499439 [info ] [MainThread]: Found 1 model, 3 data tests, 1 seed, 578 macros
[0m12:44:11.499842 [debug] [MainThread]: Sending event: {'category': 'dbt', 'action': 'runnable_timing', 'label': 'd876689a-e9fc-4166-8238-6b4027983d96', 'context': [<snowplow_tracker.self_describing_json.SelfDescribingJson object at 0x0000023D18A27690>]}
[0m12:44:11.501949 [info ] [MainThread]: 
[0m12:44:11.502462 [info ] [MainThread]: Concurrency: 1 threads (target='dev')
[0m12:44:11.502991 [info ] [MainThread]: 
[0m12:44:11.503611 [debug] [MainThread]: Acquiring new sqlserver connection 'master'
[0m12:44:11.504572 [debug] [ThreadPool]: Acquiring new sqlserver connection 'list_dbt_dev_dbo'
[0m12:44:11.523009 [debug] [ThreadPool]: dbt-sqlserver
[0m12:44:11.525169 [debug] [ThreadPool]: Using sqlserver connection "list_dbt_dev_dbo"
[0m12:44:11.525438 [debug] [ThreadPool]: On list_dbt_dev_dbo: BEGIN TRANSACTION
[0m12:44:11.525671 [debug] [ThreadPool]: Opening a new connection, currently in state init
[0m12:44:11.528978 [debug] [ThreadPool]: sqlserver adapter: Using connection string: DRIVER={ODBC Driver 18 for SQL Server};SERVER=localhost,1433;Database=dbt_dev;UID=***;PWD=***;encrypt=No;TrustServerCertificate=Yes;APP=dbt-sqlserver/1.12.0;Pooling=true;SQL_ATTR_TRACE=SQL_OPT_TRACE_OFF;ConnectRetryCount=3;ConnectRetryInterval=10
[0m12:44:11.682379 [debug] [ThreadPool]: sqlserver adapter: Connected to db: dbt_dev
[0m12:44:11.683176 [debug] [ThreadPool]: SQL status: OK in 0.000 seconds
[0m12:44:11.683443 [debug] [ThreadPool]: Using sqlserver connection "list_dbt_dev_dbo"
[0m12:44:11.683722 [debug] [ThreadPool]: On list_dbt_dev_dbo: /* {"app": "dbt", "dbt_version": "1.12.5", "profile_name": "sqlserver_profile", "target_name": "dev", "connection_name": "list_dbt_dev_dbo"} */
USE "dbt_dev";
    declare @schema_id int = schema_id('dbo');
    select
      DB_NAME() as [database],
      t.name as [name],
      'dbo' as [schema],
      'table' as table_type
    from sys.tables as t with (nolock)
    where t.schema_id = @schema_id
    union all
    select
      DB_NAME() as [database],
      v.name as [name],
      'dbo' as [schema],
      'view' as table_type
    from sys.views as v with (nolock)
    where v.schema_id = @schema_id
    
    OPTION (LABEL = 'dbt-sqlserver');

  
[0m12:44:11.732106 [debug] [ThreadPool]: SQL status: OK in 0.000 seconds
[0m12:44:11.734134 [debug] [ThreadPool]: On list_dbt_dev_dbo: ROLLBACK
[0m12:44:11.734783 [debug] [ThreadPool]: On list_dbt_dev_dbo: Close
[0m12:44:11.735270 [debug] [ThreadPool]: Re-using an available connection from the pool (formerly list_dbt_dev_dbo, now list_dbt_dev_dbo_seed_data)
[0m12:44:11.737417 [debug] [ThreadPool]: dbt-sqlserver
[0m12:44:11.737937 [debug] [ThreadPool]: Using sqlserver connection "list_dbt_dev_dbo_seed_data"
[0m12:44:11.738203 [debug] [ThreadPool]: On list_dbt_dev_dbo_seed_data: BEGIN TRANSACTION
[0m12:44:11.738443 [debug] [ThreadPool]: Opening a new connection, currently in state closed
[0m12:44:11.738799 [debug] [ThreadPool]: sqlserver adapter: Using connection string: DRIVER={ODBC Driver 18 for SQL Server};SERVER=localhost,1433;Database=dbt_dev;UID=***;PWD=***;encrypt=No;TrustServerCertificate=Yes;APP=dbt-sqlserver/1.12.0;Pooling=true;SQL_ATTR_TRACE=SQL_OPT_TRACE_OFF;ConnectRetryCount=3;ConnectRetryInterval=10
[0m12:44:11.739150 [debug] [ThreadPool]: sqlserver adapter: Connected to db: dbt_dev
[0m12:44:11.740423 [debug] [ThreadPool]: SQL status: OK in 0.000 seconds
[0m12:44:11.740795 [debug] [ThreadPool]: Using sqlserver connection "list_dbt_dev_dbo_seed_data"
[0m12:44:11.741117 [debug] [ThreadPool]: On list_dbt_dev_dbo_seed_data: /* {"app": "dbt", "dbt_version": "1.12.5", "profile_name": "sqlserver_profile", "target_name": "dev", "connection_name": "list_dbt_dev_dbo_seed_data"} */
USE "dbt_dev";
    declare @schema_id int = schema_id('dbo_seed_data');
    select
      DB_NAME() as [database],
      t.name as [name],
      'dbo_seed_data' as [schema],
      'table' as table_type
    from sys.tables as t with (nolock)
    where t.schema_id = @schema_id
    union all
    select
      DB_NAME() as [database],
      v.name as [name],
      'dbo_seed_data' as [schema],
      'view' as table_type
    from sys.views as v with (nolock)
    where v.schema_id = @schema_id
    
    OPTION (LABEL = 'dbt-sqlserver');

  
[0m12:44:11.766110 [debug] [ThreadPool]: SQL status: OK in 0.000 seconds
[0m12:44:11.767481 [debug] [ThreadPool]: On list_dbt_dev_dbo_seed_data: ROLLBACK
[0m12:44:11.768034 [debug] [ThreadPool]: On list_dbt_dev_dbo_seed_data: Close
[0m12:44:11.769341 [debug] [MainThread]: Sending event: {'category': 'dbt', 'action': 'runnable_timing', 'label': 'd876689a-e9fc-4166-8238-6b4027983d96', 'context': [<snowplow_tracker.self_describing_json.SelfDescribingJson object at 0x0000023D18B54D50>]}
[0m12:44:11.769762 [debug] [MainThread]: Using sqlserver connection "master"
[0m12:44:11.770007 [debug] [MainThread]: On master: BEGIN TRANSACTION
[0m12:44:11.770226 [debug] [MainThread]: Opening a new connection, currently in state init
[0m12:44:11.770554 [debug] [MainThread]: sqlserver adapter: Using connection string: DRIVER={ODBC Driver 18 for SQL Server};SERVER=localhost,1433;Database=dbt_dev;UID=***;PWD=***;encrypt=No;TrustServerCertificate=Yes;APP=dbt-sqlserver/1.12.0;Pooling=true;SQL_ATTR_TRACE=SQL_OPT_TRACE_OFF;ConnectRetryCount=3;ConnectRetryInterval=10
[0m12:44:11.770865 [debug] [MainThread]: sqlserver adapter: Connected to db: dbt_dev
[0m12:44:11.771444 [debug] [MainThread]: SQL status: OK in 0.000 seconds
[0m12:44:11.771688 [debug] [MainThread]: On master: COMMIT
[0m12:44:11.771906 [debug] [MainThread]: Using sqlserver connection "master"
[0m12:44:11.772123 [debug] [MainThread]: On master: IF @@TRANCOUNT > 0 COMMIT TRANSACTION
[0m12:44:11.772717 [debug] [MainThread]: SQL status: OK in 0.000 seconds
[0m12:44:11.773011 [debug] [MainThread]: On master: Close
[0m12:44:11.775987 [debug] [Thread-1 (]: Began running node test.my_dbt_project.not_null_5000_sales_records_order_id.43d1bdc498
[0m12:44:11.776330 [info ] [Thread-1 (]: 1 of 3 START test not_null_5000_sales_records_order_id ......................... [RUN]
[0m12:44:11.776883 [debug] [Thread-1 (]: Acquiring new sqlserver connection 'test.my_dbt_project.not_null_5000_sales_records_order_id.43d1bdc498'
[0m12:44:11.777198 [debug] [Thread-1 (]: Began compiling node test.my_dbt_project.not_null_5000_sales_records_order_id.43d1bdc498
[0m12:44:11.795841 [debug] [Thread-1 (]: Writing injected SQL for node "test.my_dbt_project.not_null_5000_sales_records_order_id.43d1bdc498"
[0m12:44:11.797510 [debug] [Thread-1 (]: Began executing node test.my_dbt_project.not_null_5000_sales_records_order_id.43d1bdc498
[0m12:44:11.820269 [debug] [Thread-1 (]: Writing runtime sql for node "test.my_dbt_project.not_null_5000_sales_records_order_id.43d1bdc498"
[0m12:44:11.821663 [debug] [Thread-1 (]: Using sqlserver connection "test.my_dbt_project.not_null_5000_sales_records_order_id.43d1bdc498"
[0m12:44:11.821975 [debug] [Thread-1 (]: On test.my_dbt_project.not_null_5000_sales_records_order_id.43d1bdc498: BEGIN TRANSACTION
[0m12:44:11.822230 [debug] [Thread-1 (]: Opening a new connection, currently in state init
[0m12:44:11.822640 [debug] [Thread-1 (]: sqlserver adapter: Using connection string: DRIVER={ODBC Driver 18 for SQL Server};SERVER=localhost,1433;Database=dbt_dev;UID=***;PWD=***;encrypt=No;TrustServerCertificate=Yes;APP=dbt-sqlserver/1.12.0;Pooling=true;SQL_ATTR_TRACE=SQL_OPT_TRACE_OFF;ConnectRetryCount=3;ConnectRetryInterval=10
[0m12:44:11.958792 [debug] [Thread-1 (]: sqlserver adapter: Connected to db: dbt_dev
[0m12:44:11.959906 [debug] [Thread-1 (]: SQL status: OK in 0.000 seconds
[0m12:44:11.960227 [debug] [Thread-1 (]: Using sqlserver connection "test.my_dbt_project.not_null_5000_sales_records_order_id.43d1bdc498"
[0m12:44:11.960540 [debug] [Thread-1 (]: On test.my_dbt_project.not_null_5000_sales_records_order_id.43d1bdc498: /* {"app": "dbt", "dbt_version": "1.12.5", "profile_name": "sqlserver_profile", "target_name": "dev", "node_id": "test.my_dbt_project.not_null_5000_sales_records_order_id.43d1bdc498"} */

    
    -- Create target schema if it does not exist
  USE "dbt_dev";
  DECLARE @dbt_schema_lock int;
  EXEC @dbt_schema_lock = sp_getapplock
    @Resource = 'dbt_create_schema_dbo',
    @LockMode = 'Exclusive',
    @LockOwner = 'Session',
    @LockTimeout = 30000;
  BEGIN TRY
    IF NOT EXISTS (SELECT * FROM sys.schemas WHERE name = 'dbo')
    BEGIN
      EXEC('CREATE SCHEMA "dbo"')
    END
  END TRY
  BEGIN CATCH
    IF @dbt_schema_lock >= 0
      EXEC sp_releaseapplock @Resource = 'dbt_create_schema_dbo', @LockOwner = 'Session';
    THROW;
  END CATCH
  IF @dbt_schema_lock >= 0
    EXEC sp_releaseapplock @Resource = 'dbt_create_schema_dbo', @LockOwner = 'Session';

  
  

  
  EXEC('create view 
    "dbo"."testview_99705c1a53dae9391ec2657fa18eb36c_5062"
   as 
    
    
    



select order_id
from "dbt_dev"."dbo_seed_data"."5000_sales_records"
where order_id is null



  ;')
  select
    
    count(*) as failures,
    case when count(*) != 0
      then 'true' else 'false' end as should_warn,
    case when count(*) != 0
      then 'true' else 'false' end as should_error
  from (
    select * from 
    "dbo"."testview_99705c1a53dae9391ec2657fa18eb36c_5062"
  
  ) dbt_internal_test;

  EXEC('drop view 
    "dbo"."testview_99705c1a53dae9391ec2657fa18eb36c_5062"
  ;')
[0m12:44:11.979599 [debug] [Thread-1 (]: SQL status: OK in 0.000 seconds
[0m12:44:11.983472 [debug] [Thread-1 (]: On test.my_dbt_project.not_null_5000_sales_records_order_id.43d1bdc498: ROLLBACK
[0m12:44:11.984478 [debug] [Thread-1 (]: On test.my_dbt_project.not_null_5000_sales_records_order_id.43d1bdc498: Close
[0m12:44:11.985042 [info ] [Thread-1 (]: 1 of 3 PASS not_null_5000_sales_records_order_id ............................... [[32mPASS[0m in 0.21s]
[0m12:44:11.985778 [debug] [Thread-1 (]: Finished running node test.my_dbt_project.not_null_5000_sales_records_order_id.43d1bdc498
[0m12:44:11.986185 [debug] [Thread-1 (]: Began running node test.my_dbt_project.not_null_example_name.2acc64819d
[0m12:44:11.986588 [info ] [Thread-1 (]: 2 of 3 START test not_null_example_name ........................................ [RUN]
[0m12:44:11.987081 [debug] [Thread-1 (]: Re-using an available connection from the pool (formerly test.my_dbt_project.not_null_5000_sales_records_order_id.43d1bdc498, now test.my_dbt_project.not_null_example_name.2acc64819d)
[0m12:44:11.987423 [debug] [Thread-1 (]: Began compiling node test.my_dbt_project.not_null_example_name.2acc64819d
[0m12:44:11.993300 [debug] [Thread-1 (]: Writing injected SQL for node "test.my_dbt_project.not_null_example_name.2acc64819d"
[0m12:44:11.994197 [debug] [Thread-1 (]: Began executing node test.my_dbt_project.not_null_example_name.2acc64819d
[0m12:44:11.996396 [debug] [Thread-1 (]: Writing runtime sql for node "test.my_dbt_project.not_null_example_name.2acc64819d"
[0m12:44:11.997232 [debug] [Thread-1 (]: Using sqlserver connection "test.my_dbt_project.not_null_example_name.2acc64819d"
[0m12:44:11.997524 [debug] [Thread-1 (]: On test.my_dbt_project.not_null_example_name.2acc64819d: BEGIN TRANSACTION
[0m12:44:11.997770 [debug] [Thread-1 (]: Opening a new connection, currently in state closed
[0m12:44:11.998121 [debug] [Thread-1 (]: sqlserver adapter: Using connection string: DRIVER={ODBC Driver 18 for SQL Server};SERVER=localhost,1433;Database=dbt_dev;UID=***;PWD=***;encrypt=No;TrustServerCertificate=Yes;APP=dbt-sqlserver/1.12.0;Pooling=true;SQL_ATTR_TRACE=SQL_OPT_TRACE_OFF;ConnectRetryCount=3;ConnectRetryInterval=10
[0m12:44:11.998468 [debug] [Thread-1 (]: sqlserver adapter: Connected to db: dbt_dev
[0m12:44:11.999469 [debug] [Thread-1 (]: SQL status: OK in 0.000 seconds
[0m12:44:11.999825 [debug] [Thread-1 (]: Using sqlserver connection "test.my_dbt_project.not_null_example_name.2acc64819d"
[0m12:44:12.000175 [debug] [Thread-1 (]: On test.my_dbt_project.not_null_example_name.2acc64819d: /* {"app": "dbt", "dbt_version": "1.12.5", "profile_name": "sqlserver_profile", "target_name": "dev", "node_id": "test.my_dbt_project.not_null_example_name.2acc64819d"} */

    
    -- Create target schema if it does not exist
  USE "dbt_dev";
  DECLARE @dbt_schema_lock int;
  EXEC @dbt_schema_lock = sp_getapplock
    @Resource = 'dbt_create_schema_dbo',
    @LockMode = 'Exclusive',
    @LockOwner = 'Session',
    @LockTimeout = 30000;
  BEGIN TRY
    IF NOT EXISTS (SELECT * FROM sys.schemas WHERE name = 'dbo')
    BEGIN
      EXEC('CREATE SCHEMA "dbo"')
    END
  END TRY
  BEGIN CATCH
    IF @dbt_schema_lock >= 0
      EXEC sp_releaseapplock @Resource = 'dbt_create_schema_dbo', @LockOwner = 'Session';
    THROW;
  END CATCH
  IF @dbt_schema_lock >= 0
    EXEC sp_releaseapplock @Resource = 'dbt_create_schema_dbo', @LockOwner = 'Session';

  
  

  
  EXEC('create view 
    "dbo"."testview_38081adf8e57c0d5c023c1299171b961_5809"
   as 
    
    
    



select name
from "dbt_dev"."dbo"."example"
where name is null



  ;')
  select
    
    count(*) as failures,
    case when count(*) != 0
      then 'true' else 'false' end as should_warn,
    case when count(*) != 0
      then 'true' else 'false' end as should_error
  from (
    select * from 
    "dbo"."testview_38081adf8e57c0d5c023c1299171b961_5809"
  
  ) dbt_internal_test;

  EXEC('drop view 
    "dbo"."testview_38081adf8e57c0d5c023c1299171b961_5809"
  ;')
[0m12:44:12.022748 [debug] [Thread-1 (]: SQL status: OK in 0.000 seconds
[0m12:44:12.024586 [debug] [Thread-1 (]: On test.my_dbt_project.not_null_example_name.2acc64819d: ROLLBACK
[0m12:44:12.025553 [debug] [Thread-1 (]: On test.my_dbt_project.not_null_example_name.2acc64819d: Close
[0m12:44:12.026233 [info ] [Thread-1 (]: 2 of 3 PASS not_null_example_name .............................................. [[32mPASS[0m in 0.04s]
[0m12:44:12.026809 [debug] [Thread-1 (]: Finished running node test.my_dbt_project.not_null_example_name.2acc64819d
[0m12:44:12.027164 [debug] [Thread-1 (]: Began running node test.my_dbt_project.unique_5000_sales_records_order_id.3c03e51cfd
[0m12:44:12.027527 [info ] [Thread-1 (]: 3 of 3 START test unique_5000_sales_records_order_id ........................... [RUN]
[0m12:44:12.028041 [debug] [Thread-1 (]: Re-using an available connection from the pool (formerly test.my_dbt_project.not_null_example_name.2acc64819d, now test.my_dbt_project.unique_5000_sales_records_order_id.3c03e51cfd)
[0m12:44:12.028363 [debug] [Thread-1 (]: Began compiling node test.my_dbt_project.unique_5000_sales_records_order_id.3c03e51cfd
[0m12:44:12.035797 [debug] [Thread-1 (]: Writing injected SQL for node "test.my_dbt_project.unique_5000_sales_records_order_id.3c03e51cfd"
[0m12:44:12.037435 [debug] [Thread-1 (]: Began executing node test.my_dbt_project.unique_5000_sales_records_order_id.3c03e51cfd
[0m12:44:12.039794 [debug] [Thread-1 (]: Writing runtime sql for node "test.my_dbt_project.unique_5000_sales_records_order_id.3c03e51cfd"
[0m12:44:12.041244 [debug] [Thread-1 (]: Using sqlserver connection "test.my_dbt_project.unique_5000_sales_records_order_id.3c03e51cfd"
[0m12:44:12.041544 [debug] [Thread-1 (]: On test.my_dbt_project.unique_5000_sales_records_order_id.3c03e51cfd: BEGIN TRANSACTION
[0m12:44:12.041821 [debug] [Thread-1 (]: Opening a new connection, currently in state closed
[0m12:44:12.042196 [debug] [Thread-1 (]: sqlserver adapter: Using connection string: DRIVER={ODBC Driver 18 for SQL Server};SERVER=localhost,1433;Database=dbt_dev;UID=***;PWD=***;encrypt=No;TrustServerCertificate=Yes;APP=dbt-sqlserver/1.12.0;Pooling=true;SQL_ATTR_TRACE=SQL_OPT_TRACE_OFF;ConnectRetryCount=3;ConnectRetryInterval=10
[0m12:44:12.042556 [debug] [Thread-1 (]: sqlserver adapter: Connected to db: dbt_dev
[0m12:44:12.043631 [debug] [Thread-1 (]: SQL status: OK in 0.000 seconds
[0m12:44:12.044007 [debug] [Thread-1 (]: Using sqlserver connection "test.my_dbt_project.unique_5000_sales_records_order_id.3c03e51cfd"
[0m12:44:12.044320 [debug] [Thread-1 (]: On test.my_dbt_project.unique_5000_sales_records_order_id.3c03e51cfd: /* {"app": "dbt", "dbt_version": "1.12.5", "profile_name": "sqlserver_profile", "target_name": "dev", "node_id": "test.my_dbt_project.unique_5000_sales_records_order_id.3c03e51cfd"} */

    
    -- Create target schema if it does not exist
  USE "dbt_dev";
  DECLARE @dbt_schema_lock int;
  EXEC @dbt_schema_lock = sp_getapplock
    @Resource = 'dbt_create_schema_dbo',
    @LockMode = 'Exclusive',
    @LockOwner = 'Session',
    @LockTimeout = 30000;
  BEGIN TRY
    IF NOT EXISTS (SELECT * FROM sys.schemas WHERE name = 'dbo')
    BEGIN
      EXEC('CREATE SCHEMA "dbo"')
    END
  END TRY
  BEGIN CATCH
    IF @dbt_schema_lock >= 0
      EXEC sp_releaseapplock @Resource = 'dbt_create_schema_dbo', @LockOwner = 'Session';
    THROW;
  END CATCH
  IF @dbt_schema_lock >= 0
    EXEC sp_releaseapplock @Resource = 'dbt_create_schema_dbo', @LockOwner = 'Session';

  
  

  
  EXEC('create view 
    "dbo"."testview_e702087be14d5b969a02f16ea006454b_10486"
   as 
    
    
    

select
    order_id as unique_field,
    count(*) as n_records

from "dbt_dev"."dbo_seed_data"."5000_sales_records"
where order_id is not null
group by order_id
having count(*) > 1



  ;')
  select
    
    count(*) as failures,
    case when count(*) != 0
      then 'true' else 'false' end as should_warn,
    case when count(*) != 0
      then 'true' else 'false' end as should_error
  from (
    select * from 
    "dbo"."testview_e702087be14d5b969a02f16ea006454b_10486"
  
  ) dbt_internal_test;

  EXEC('drop view 
    "dbo"."testview_e702087be14d5b969a02f16ea006454b_10486"
  ;')
[0m12:44:12.053100 [debug] [Thread-1 (]: SQL status: OK in 0.000 seconds
[0m12:44:12.054638 [debug] [Thread-1 (]: On test.my_dbt_project.unique_5000_sales_records_order_id.3c03e51cfd: ROLLBACK
[0m12:44:12.055350 [debug] [Thread-1 (]: On test.my_dbt_project.unique_5000_sales_records_order_id.3c03e51cfd: Close
[0m12:44:12.055875 [info ] [Thread-1 (]: 3 of 3 PASS unique_5000_sales_records_order_id ................................. [[32mPASS[0m in 0.03s]
[0m12:44:12.056456 [debug] [Thread-1 (]: Finished running node test.my_dbt_project.unique_5000_sales_records_order_id.3c03e51cfd
[0m12:44:12.057637 [debug] [MainThread]: Using sqlserver connection "master"
[0m12:44:12.057901 [debug] [MainThread]: On master: BEGIN TRANSACTION
[0m12:44:12.058127 [debug] [MainThread]: Opening a new connection, currently in state closed
[0m12:44:12.058461 [debug] [MainThread]: sqlserver adapter: Using connection string: DRIVER={ODBC Driver 18 for SQL Server};SERVER=localhost,1433;Database=dbt_dev;UID=***;PWD=***;encrypt=No;TrustServerCertificate=Yes;APP=dbt-sqlserver/1.12.0;Pooling=true;SQL_ATTR_TRACE=SQL_OPT_TRACE_OFF;ConnectRetryCount=3;ConnectRetryInterval=10
[0m12:44:12.058854 [debug] [MainThread]: sqlserver adapter: Connected to db: dbt_dev
[0m12:44:12.059649 [debug] [MainThread]: SQL status: OK in 0.000 seconds
[0m12:44:12.059891 [debug] [MainThread]: On master: COMMIT
[0m12:44:12.060107 [debug] [MainThread]: Using sqlserver connection "master"
[0m12:44:12.060328 [debug] [MainThread]: On master: IF @@TRANCOUNT > 0 COMMIT TRANSACTION
[0m12:44:12.060730 [debug] [MainThread]: SQL status: OK in 0.000 seconds
[0m12:44:12.060978 [debug] [MainThread]: On master: Close
[0m12:44:12.061283 [debug] [MainThread]: Connection 'master' was properly closed.
[0m12:44:12.061480 [debug] [MainThread]: Connection 'list_dbt_dev_dbo_seed_data' was properly closed.
[0m12:44:12.061685 [debug] [MainThread]: Connection 'test.my_dbt_project.unique_5000_sales_records_order_id.3c03e51cfd' was properly closed.
[0m12:44:12.061954 [info ] [MainThread]: 
[0m12:44:12.062273 [info ] [MainThread]: Finished running 3 data tests in 0 hours 0 minutes and 0.56 seconds (0.56s).
[0m12:44:12.063098 [debug] [MainThread]: Command end result
[0m12:44:12.096387 [debug] [MainThread]: Wrote artifact WritableManifest to C:\Users\nicjc\my_dbt_project\target\manifest.json
[0m12:44:12.099895 [debug] [MainThread]: Wrote artifact SemanticManifest to C:\Users\nicjc\my_dbt_project\target\semantic_manifest.json
[0m12:44:12.103065 [debug] [MainThread]: Wrote artifact OsiDocument to C:\Users\nicjc\my_dbt_project\target\osi_document.json
[0m12:44:12.110759 [debug] [MainThread]: Wrote artifact RunExecutionResult to C:\Users\nicjc\my_dbt_project\target\run_results.json
[0m12:44:12.111104 [info ] [MainThread]: 
[0m12:44:12.111531 [info ] [MainThread]: [32mCompleted successfully[0m
[0m12:44:12.111967 [info ] [MainThread]: 
[0m12:44:12.112332 [info ] [MainThread]: Done. PASS=3 WARN=0 ERROR=0 SKIP=0 NO-OP=0 REUSED=0 TOTAL=3
[0m12:44:12.113348 [debug] [MainThread]: Command `dbt test` succeeded at 12:44:12.113249 after 1.71 seconds
[0m12:44:12.113687 [debug] [MainThread]: Sending event: {'category': 'dbt', 'action': 'invocation', 'label': 'end', 'context': [<snowplow_tracker.self_describing_json.SelfDescribingJson object at 0x0000023D18A710D0>, <snowplow_tracker.self_describing_json.SelfDescribingJson object at 0x0000023D18B6A780>, <snowplow_tracker.self_describing_json.SelfDescribingJson object at 0x0000023D18B6A6D0>]}
[0m12:44:12.114041 [debug] [MainThread]: Flushing usage events
[0m12:44:13.658729 [debug] [MainThread]: An error was encountered while trying to flush usage events
[0m13:40:56.808113 [debug] [MainThread]: Sending event: {'category': 'dbt', 'action': 'invocation', 'label': 'start', 'context': [<snowplow_tracker.self_describing_json.SelfDescribingJson object at 0x00000236C7145D30>, <snowplow_tracker.self_describing_json.SelfDescribingJson object at 0x00000236C4CECB90>, <snowplow_tracker.self_describing_json.SelfDescribingJson object at 0x00000236C9AFB890>]}


============================== 13:40:56.812478 | 443c70a8-d435-4988-86d9-0ae37ae5f68e ==============================
[0m13:40:56.812478 [info ] [MainThread]: Running with dbt=1.12.5
[0m13:40:56.813016 [debug] [MainThread]: running dbt with arguments {'static_parser': 'True', 'no_print': 'None', 'version_check': 'True', 'warn_error_options': 'WarnErrorOptionsV2(error=[], warn=[], silence=[])', 'target_path': 'None', 'maximum_seed_size_mib': '1', 'printer_width': '80', 'write_json': 'True', 'introspect': 'True', 'log_cache_events': 'False', 'empty': 'False', 'cache_selected_only': 'False', 'fail_fast': 'False', 'debug': 'False', 'log_format': 'default', 'profiles_dir': 'C:\\Users\\nicjc\\.dbt', 'send_anonymous_usage_stats': 'True', 'quiet': 'False', 'warn_error': 'None', 'partial_parse': 'True', 'use_colors': 'True', 'hints_enabled': 'True', 'indirect_selection': 'eager', 'use_experimental_parser': 'False', 'invocation_command': 'dbt run --select dim_geography', 'log_path': 'C:\\Users\\nicjc\\my_dbt_project\\logs'}
[0m13:40:57.081402 [debug] [MainThread]: Sending event: {'category': 'dbt', 'action': 'project_id', 'label': '443c70a8-d435-4988-86d9-0ae37ae5f68e', 'context': [<snowplow_tracker.self_describing_json.SelfDescribingJson object at 0x00000236C9B9FE10>]}
[0m13:40:57.139541 [debug] [MainThread]: Sending event: {'category': 'dbt', 'action': 'adapter_info', 'label': '443c70a8-d435-4988-86d9-0ae37ae5f68e', 'context': [<snowplow_tracker.self_describing_json.SelfDescribingJson object at 0x00000236CA053AC0>]}
[0m13:40:57.140288 [info ] [MainThread]: Registered adapter: sqlserver=1.12.0
[0m13:40:57.404068 [debug] [MainThread]: checksum: 84e6854b018826ad904eca26f98d7d902f51ac360469f424a309c73808fc198c, vars: {}, profile: sqlserver_profile, target: dev, version: 1.12.5
[0m13:40:57.497245 [info ] [MainThread]: Unable to do partial parsing because a project config has changed
[0m13:40:57.497793 [debug] [MainThread]: Sending event: {'category': 'dbt', 'action': 'partial_parser', 'label': '443c70a8-d435-4988-86d9-0ae37ae5f68e', 'context': [<snowplow_tracker.self_describing_json.SelfDescribingJson object at 0x00000236CA5E8B50>]}
[0m13:40:58.904275 [error] [MainThread]: [[31mERROR[0m]: Encountered an error:
Compilation Error
  Model 'model.my_dbt_project.dim_geography' (models\dimensions\dim_geography.sql) depends on a node named 'stg_sales' which was not found
[0m13:40:58.905440 [debug] [MainThread]: Command `dbt run` failed at 13:40:58.905190 after 2.23 seconds
[0m13:40:58.906299 [debug] [MainThread]: Sending event: {'category': 'dbt', 'action': 'invocation', 'label': 'end', 'context': [<snowplow_tracker.self_describing_json.SelfDescribingJson object at 0x00000236CA75D400>, <snowplow_tracker.self_describing_json.SelfDescribingJson object at 0x00000236CAA8C230>, <snowplow_tracker.self_describing_json.SelfDescribingJson object at 0x00000236C9A54210>]}
[0m13:40:58.906710 [debug] [MainThread]: Flushing usage events
[0m13:41:00.256772 [debug] [MainThread]: An error was encountered while trying to flush usage events
[0m13:47:21.394551 [debug] [MainThread]: Sending event: {'category': 'dbt', 'action': 'invocation', 'label': 'start', 'context': [<snowplow_tracker.self_describing_json.SelfDescribingJson object at 0x0000023BD2CF5D30>, <snowplow_tracker.self_describing_json.SelfDescribingJson object at 0x0000023BD088CB90>, <snowplow_tracker.self_describing_json.SelfDescribingJson object at 0x0000023BD56AB890>]}


============================== 13:47:21.397872 | 79442c58-81f9-48e7-9639-a1242088d6c4 ==============================
[0m13:47:21.397872 [info ] [MainThread]: Running with dbt=1.12.5
[0m13:47:21.398425 [debug] [MainThread]: running dbt with arguments {'maximum_seed_size_mib': '1', 'no_print': 'None', 'version_check': 'True', 'target_path': 'None', 'warn_error_options': 'WarnErrorOptionsV2(error=[], warn=[], silence=[])', 'static_parser': 'True', 'printer_width': '80', 'write_json': 'True', 'empty': 'False', 'log_cache_events': 'False', 'introspect': 'True', 'cache_selected_only': 'False', 'fail_fast': 'False', 'debug': 'False', 'log_format': 'default', 'profiles_dir': 'C:\\Users\\nicjc\\.dbt', 'send_anonymous_usage_stats': 'True', 'quiet': 'False', 'warn_error': 'None', 'partial_parse': 'True', 'use_colors': 'True', 'hints_enabled': 'True', 'indirect_selection': 'eager', 'use_experimental_parser': 'False', 'invocation_command': 'dbt run --select dim_geography', 'log_path': 'C:\\Users\\nicjc\\my_dbt_project\\logs'}
[0m13:47:21.623606 [debug] [MainThread]: Sending event: {'category': 'dbt', 'action': 'project_id', 'label': '79442c58-81f9-48e7-9639-a1242088d6c4', 'context': [<snowplow_tracker.self_describing_json.SelfDescribingJson object at 0x0000023BD574FE10>]}
[0m13:47:21.691541 [debug] [MainThread]: Sending event: {'category': 'dbt', 'action': 'adapter_info', 'label': '79442c58-81f9-48e7-9639-a1242088d6c4', 'context': [<snowplow_tracker.self_describing_json.SelfDescribingJson object at 0x0000023BD5C53AC0>]}
[0m13:47:21.692562 [info ] [MainThread]: Registered adapter: sqlserver=1.12.0
[0m13:47:21.936300 [debug] [MainThread]: checksum: 84e6854b018826ad904eca26f98d7d902f51ac360469f424a309c73808fc198c, vars: {}, profile: sqlserver_profile, target: dev, version: 1.12.5
[0m13:47:22.036489 [info ] [MainThread]: Unable to do partial parsing because a project config has changed
[0m13:47:22.037785 [debug] [MainThread]: Sending event: {'category': 'dbt', 'action': 'partial_parser', 'label': '79442c58-81f9-48e7-9639-a1242088d6c4', 'context': [<snowplow_tracker.self_describing_json.SelfDescribingJson object at 0x0000023BD61E8B50>]}
[0m13:47:23.452556 [error] [MainThread]: [[31mERROR[0m]: Encountered an error:
Compilation Error
  Model 'model.my_dbt_project.stg_sales' (models\staging\stg_sales.sql) depends on a node named 'sales_seed' which was not found
[0m13:47:23.454085 [debug] [MainThread]: Command `dbt run` failed at 13:47:23.453930 after 2.19 seconds
[0m13:47:23.454496 [debug] [MainThread]: Sending event: {'category': 'dbt', 'action': 'invocation', 'label': 'end', 'context': [<snowplow_tracker.self_describing_json.SelfDescribingJson object at 0x0000023BD662E210>, <snowplow_tracker.self_describing_json.SelfDescribingJson object at 0x0000023BD662DD60>, <snowplow_tracker.self_describing_json.SelfDescribingJson object at 0x0000023BD5604210>]}
[0m13:47:23.454946 [debug] [MainThread]: Flushing usage events
[0m13:47:25.077273 [debug] [MainThread]: An error was encountered while trying to flush usage events
[0m13:48:16.037762 [debug] [MainThread]: Sending event: {'category': 'dbt', 'action': 'invocation', 'label': 'start', 'context': [<snowplow_tracker.self_describing_json.SelfDescribingJson object at 0x00000229353D5D30>, <snowplow_tracker.self_describing_json.SelfDescribingJson object at 0x0000022932F7CB90>, <snowplow_tracker.self_describing_json.SelfDescribingJson object at 0x0000022937D1F890>]}


============================== 13:48:16.041276 | 9d6004c2-703c-46de-9988-61c74f6523de ==============================
[0m13:48:16.041276 [info ] [MainThread]: Running with dbt=1.12.5
[0m13:48:16.041874 [debug] [MainThread]: running dbt with arguments {'version_check': 'True', 'no_print': 'None', 'maximum_seed_size_mib': '1', 'target_path': 'None', 'static_parser': 'True', 'warn_error_options': 'WarnErrorOptionsV2(error=[], warn=[], silence=[])', 'printer_width': '80', 'write_json': 'True', 'introspect': 'True', 'log_cache_events': 'False', 'empty': 'None', 'cache_selected_only': 'False', 'log_format': 'default', 'debug': 'False', 'fail_fast': 'False', 'profiles_dir': 'C:\\Users\\nicjc\\.dbt', 'send_anonymous_usage_stats': 'True', 'quiet': 'False', 'warn_error': 'None', 'partial_parse': 'True', 'indirect_selection': 'eager', 'hints_enabled': 'True', 'invocation_command': 'dbt ls --resource-type seed', 'use_experimental_parser': 'False', 'use_colors': 'True', 'log_path': 'C:\\Users\\nicjc\\my_dbt_project\\logs'}
[0m13:48:16.249219 [debug] [MainThread]: Sending event: {'category': 'dbt', 'action': 'project_id', 'label': '9d6004c2-703c-46de-9988-61c74f6523de', 'context': [<snowplow_tracker.self_describing_json.SelfDescribingJson object at 0x0000022937DB63F0>]}
[0m13:48:16.308143 [debug] [MainThread]: Sending event: {'category': 'dbt', 'action': 'adapter_info', 'label': '9d6004c2-703c-46de-9988-61c74f6523de', 'context': [<snowplow_tracker.self_describing_json.SelfDescribingJson object at 0x000002293382A470>]}
[0m13:48:16.308922 [info ] [MainThread]: Registered adapter: sqlserver=1.12.0
[0m13:48:16.533889 [debug] [MainThread]: checksum: 84e6854b018826ad904eca26f98d7d902f51ac360469f424a309c73808fc198c, vars: {}, profile: sqlserver_profile, target: dev, version: 1.12.5
[0m13:48:16.628127 [info ] [MainThread]: Unable to do partial parsing because a project config has changed
[0m13:48:16.628680 [debug] [MainThread]: Sending event: {'category': 'dbt', 'action': 'partial_parser', 'label': '9d6004c2-703c-46de-9988-61c74f6523de', 'context': [<snowplow_tracker.self_describing_json.SelfDescribingJson object at 0x0000022938597250>]}
[0m13:48:18.048367 [error] [MainThread]: [[31mERROR[0m]: Encountered an error:
Compilation Error
  Model 'model.my_dbt_project.stg_sales' (models\staging\stg_sales.sql) depends on a node named 'sales_seed' which was not found
[0m13:48:18.049682 [debug] [MainThread]: Command `dbt ls` failed at 13:48:18.049562 after 2.14 seconds
[0m13:48:18.050037 [debug] [MainThread]: Sending event: {'category': 'dbt', 'action': 'invocation', 'label': 'end', 'context': [<snowplow_tracker.self_describing_json.SelfDescribingJson object at 0x00000229389BA6C0>, <snowplow_tracker.self_describing_json.SelfDescribingJson object at 0x00000229389BB5C0>, <snowplow_tracker.self_describing_json.SelfDescribingJson object at 0x0000022937CE4C90>]}
[0m13:48:18.050380 [debug] [MainThread]: Flushing usage events
[0m13:48:19.409301 [debug] [MainThread]: An error was encountered while trying to flush usage events
[0m13:49:51.580937 [debug] [MainThread]: Sending event: {'category': 'dbt', 'action': 'invocation', 'label': 'start', 'context': [<snowplow_tracker.self_describing_json.SelfDescribingJson object at 0x00000209B5C75D30>, <snowplow_tracker.self_describing_json.SelfDescribingJson object at 0x00000209B381CB90>, <snowplow_tracker.self_describing_json.SelfDescribingJson object at 0x00000209B862B890>]}


============================== 13:49:51.584248 | ba5d9b27-a792-4cdc-b23d-f6a5e8ef3212 ==============================
[0m13:49:51.584248 [info ] [MainThread]: Running with dbt=1.12.5
[0m13:49:51.584751 [debug] [MainThread]: running dbt with arguments {'version_check': 'True', 'no_print': 'None', 'static_parser': 'True', 'target_path': 'None', 'warn_error_options': 'WarnErrorOptionsV2(error=[], warn=[], silence=[])', 'maximum_seed_size_mib': '1', 'printer_width': '80', 'write_json': 'True', 'empty': 'False', 'log_cache_events': 'False', 'introspect': 'True', 'cache_selected_only': 'False', 'fail_fast': 'False', 'debug': 'False', 'log_format': 'default', 'profiles_dir': 'C:\\Users\\nicjc\\.dbt', 'send_anonymous_usage_stats': 'True', 'quiet': 'False', 'warn_error': 'None', 'partial_parse': 'True', 'invocation_command': 'dbt run --select dim_geography', 'hints_enabled': 'True', 'indirect_selection': 'eager', 'use_experimental_parser': 'False', 'use_colors': 'True', 'log_path': 'C:\\Users\\nicjc\\my_dbt_project\\logs'}
[0m13:49:51.789079 [debug] [MainThread]: Sending event: {'category': 'dbt', 'action': 'project_id', 'label': 'ba5d9b27-a792-4cdc-b23d-f6a5e8ef3212', 'context': [<snowplow_tracker.self_describing_json.SelfDescribingJson object at 0x00000209B86CFE10>]}
[0m13:49:51.846439 [debug] [MainThread]: Sending event: {'category': 'dbt', 'action': 'adapter_info', 'label': 'ba5d9b27-a792-4cdc-b23d-f6a5e8ef3212', 'context': [<snowplow_tracker.self_describing_json.SelfDescribingJson object at 0x00000209B8B63AC0>]}
[0m13:49:51.847211 [info ] [MainThread]: Registered adapter: sqlserver=1.12.0
[0m13:49:52.063727 [debug] [MainThread]: checksum: 84e6854b018826ad904eca26f98d7d902f51ac360469f424a309c73808fc198c, vars: {}, profile: sqlserver_profile, target: dev, version: 1.12.5
[0m13:49:52.156393 [info ] [MainThread]: Unable to do partial parsing because a project config has changed
[0m13:49:52.157286 [debug] [MainThread]: Sending event: {'category': 'dbt', 'action': 'partial_parser', 'label': 'ba5d9b27-a792-4cdc-b23d-f6a5e8ef3212', 'context': [<snowplow_tracker.self_describing_json.SelfDescribingJson object at 0x00000209B90FCB50>]}
[0m13:49:53.537553 [error] [MainThread]: [[31mERROR[0m]: Encountered an error:
Compilation Error
  Model 'model.my_dbt_project.stg_sales' (models\staging\stg_sales.sql) depends on a node named 'sales_seed' which was not found
[0m13:49:53.539200 [debug] [MainThread]: Command `dbt run` failed at 13:49:53.538948 after 2.07 seconds
[0m13:49:53.539942 [debug] [MainThread]: Sending event: {'category': 'dbt', 'action': 'invocation', 'label': 'end', 'context': [<snowplow_tracker.self_describing_json.SelfDescribingJson object at 0x00000209B953E210>, <snowplow_tracker.self_describing_json.SelfDescribingJson object at 0x00000209B953DD60>, <snowplow_tracker.self_describing_json.SelfDescribingJson object at 0x00000209B8584210>]}
[0m13:49:53.540335 [debug] [MainThread]: Flushing usage events
[0m13:49:55.005931 [debug] [MainThread]: An error was encountered while trying to flush usage events
[0m13:51:42.182507 [debug] [MainThread]: Sending event: {'category': 'dbt', 'action': 'invocation', 'label': 'start', 'context': [<snowplow_tracker.self_describing_json.SelfDescribingJson object at 0x0000014EBE415D30>, <snowplow_tracker.self_describing_json.SelfDescribingJson object at 0x0000014EBBFACB90>, <snowplow_tracker.self_describing_json.SelfDescribingJson object at 0x0000014EC0DCB890>]}


============================== 13:51:42.186260 | 75de16a3-b355-4cb1-a133-ac213397eaa9 ==============================
[0m13:51:42.186260 [info ] [MainThread]: Running with dbt=1.12.5
[0m13:51:42.186857 [debug] [MainThread]: running dbt with arguments {'maximum_seed_size_mib': '1', 'no_print': 'None', 'static_parser': 'True', 'target_path': 'None', 'version_check': 'True', 'warn_error_options': 'WarnErrorOptionsV2(error=[], warn=[], silence=[])', 'printer_width': '80', 'write_json': 'True', 'introspect': 'True', 'log_cache_events': 'False', 'empty': 'False', 'cache_selected_only': 'False', 'fail_fast': 'False', 'debug': 'False', 'log_format': 'default', 'partial_parse': 'True', 'send_anonymous_usage_stats': 'True', 'quiet': 'False', 'warn_error': 'None', 'profiles_dir': 'C:\\Users\\nicjc\\.dbt', 'indirect_selection': 'eager', 'hints_enabled': 'True', 'invocation_command': 'dbt seed', 'use_experimental_parser': 'False', 'use_colors': 'True', 'log_path': 'C:\\Users\\nicjc\\my_dbt_project\\logs'}
[0m13:51:42.392293 [debug] [MainThread]: Sending event: {'category': 'dbt', 'action': 'project_id', 'label': '75de16a3-b355-4cb1-a133-ac213397eaa9', 'context': [<snowplow_tracker.self_describing_json.SelfDescribingJson object at 0x0000014EC0E6FE10>]}
[0m13:51:42.449705 [debug] [MainThread]: Sending event: {'category': 'dbt', 'action': 'adapter_info', 'label': '75de16a3-b355-4cb1-a133-ac213397eaa9', 'context': [<snowplow_tracker.self_describing_json.SelfDescribingJson object at 0x0000014EC13B3AC0>]}
[0m13:51:42.450457 [info ] [MainThread]: Registered adapter: sqlserver=1.12.0
[0m13:51:42.665462 [debug] [MainThread]: checksum: 84e6854b018826ad904eca26f98d7d902f51ac360469f424a309c73808fc198c, vars: {}, profile: sqlserver_profile, target: dev, version: 1.12.5
[0m13:51:42.760741 [info ] [MainThread]: Unable to do partial parsing because a project config has changed
[0m13:51:42.761766 [debug] [MainThread]: Sending event: {'category': 'dbt', 'action': 'partial_parser', 'label': '75de16a3-b355-4cb1-a133-ac213397eaa9', 'context': [<snowplow_tracker.self_describing_json.SelfDescribingJson object at 0x0000014EC1924B50>]}
[0m13:51:44.148604 [error] [MainThread]: [[31mERROR[0m]: Encountered an error:
Compilation Error
  Model 'model.my_dbt_project.dim_geography' (models\dimensions\dim_geography.sql) depends on a node named 'sales_seed' which was not found
[0m13:51:44.149926 [debug] [MainThread]: Command `dbt seed` failed at 13:51:44.149795 after 2.08 seconds
[0m13:51:44.150293 [debug] [MainThread]: Sending event: {'category': 'dbt', 'action': 'invocation', 'label': 'end', 'context': [<snowplow_tracker.self_describing_json.SelfDescribingJson object at 0x0000014EC1DE19A0>, <snowplow_tracker.self_describing_json.SelfDescribingJson object at 0x0000014EC1DE16D0>, <snowplow_tracker.self_describing_json.SelfDescribingJson object at 0x0000014EC0D24050>]}
[0m13:51:44.150631 [debug] [MainThread]: Flushing usage events
[0m13:51:45.487022 [debug] [MainThread]: An error was encountered while trying to flush usage events
[0m13:53:46.364858 [debug] [MainThread]: Sending event: {'category': 'dbt', 'action': 'invocation', 'label': 'start', 'context': [<snowplow_tracker.self_describing_json.SelfDescribingJson object at 0x0000027555711D30>, <snowplow_tracker.self_describing_json.SelfDescribingJson object at 0x00000275532ACB90>, <snowplow_tracker.self_describing_json.SelfDescribingJson object at 0x00000275580CB890>]}


============================== 13:53:46.368561 | 8588026b-49ef-4869-9014-90c50e52816e ==============================
[0m13:53:46.368561 [info ] [MainThread]: Running with dbt=1.12.5
[0m13:53:46.369041 [debug] [MainThread]: running dbt with arguments {'maximum_seed_size_mib': '1', 'no_print': 'None', 'version_check': 'True', 'warn_error_options': 'WarnErrorOptionsV2(error=[], warn=[], silence=[])', 'target_path': 'None', 'static_parser': 'True', 'printer_width': '80', 'write_json': 'True', 'empty': 'False', 'log_cache_events': 'False', 'introspect': 'True', 'cache_selected_only': 'False', 'log_format': 'default', 'debug': 'False', 'fail_fast': 'False', 'profiles_dir': 'C:\\Users\\nicjc\\.dbt', 'send_anonymous_usage_stats': 'True', 'quiet': 'False', 'warn_error': 'None', 'partial_parse': 'True', 'use_colors': 'True', 'hints_enabled': 'True', 'indirect_selection': 'eager', 'use_experimental_parser': 'False', 'invocation_command': 'dbt seed', 'log_path': 'C:\\Users\\nicjc\\my_dbt_project\\logs'}
[0m13:53:46.570721 [debug] [MainThread]: Sending event: {'category': 'dbt', 'action': 'project_id', 'label': '8588026b-49ef-4869-9014-90c50e52816e', 'context': [<snowplow_tracker.self_describing_json.SelfDescribingJson object at 0x000002755816FE10>]}
[0m13:53:46.628696 [debug] [MainThread]: Sending event: {'category': 'dbt', 'action': 'adapter_info', 'label': '8588026b-49ef-4869-9014-90c50e52816e', 'context': [<snowplow_tracker.self_describing_json.SelfDescribingJson object at 0x0000027558603AC0>]}
[0m13:53:46.629475 [info ] [MainThread]: Registered adapter: sqlserver=1.12.0
[0m13:53:46.842304 [debug] [MainThread]: checksum: 84e6854b018826ad904eca26f98d7d902f51ac360469f424a309c73808fc198c, vars: {}, profile: sqlserver_profile, target: dev, version: 1.12.5
[0m13:53:46.935308 [info ] [MainThread]: Unable to do partial parsing because a project config has changed
[0m13:53:46.935848 [debug] [MainThread]: Sending event: {'category': 'dbt', 'action': 'partial_parser', 'label': '8588026b-49ef-4869-9014-90c50e52816e', 'context': [<snowplow_tracker.self_describing_json.SelfDescribingJson object at 0x0000027558B98B50>]}
[0m13:53:48.309139 [error] [MainThread]: [[31mERROR[0m]: Encountered an error:
Compilation Error
  Model 'model.my_dbt_project.stg_sales' (models\staging\stg_sales.sql) depends on a node named 'sales_seed' which was not found
[0m13:53:48.310474 [debug] [MainThread]: Command `dbt seed` failed at 13:53:48.310344 after 2.06 seconds
[0m13:53:48.310841 [debug] [MainThread]: Sending event: {'category': 'dbt', 'action': 'invocation', 'label': 'end', 'context': [<snowplow_tracker.self_describing_json.SelfDescribingJson object at 0x00000275590319A0>, <snowplow_tracker.self_describing_json.SelfDescribingJson object at 0x00000275590316D0>, <snowplow_tracker.self_describing_json.SelfDescribingJson object at 0x0000027558024050>]}
[0m13:53:48.311683 [debug] [MainThread]: Flushing usage events
[0m13:53:49.809805 [debug] [MainThread]: An error was encountered while trying to flush usage events
[0m13:55:46.231419 [debug] [MainThread]: Sending event: {'category': 'dbt', 'action': 'invocation', 'label': 'start', 'context': [<snowplow_tracker.self_describing_json.SelfDescribingJson object at 0x000001C781965D30>, <snowplow_tracker.self_describing_json.SelfDescribingJson object at 0x000001C7FF4FCB90>, <snowplow_tracker.self_describing_json.SelfDescribingJson object at 0x000001C78431B890>]}


============================== 13:55:46.235306 | e20e1f58-c8c9-49ad-a63e-1617bc1de131 ==============================
[0m13:55:46.235306 [info ] [MainThread]: Running with dbt=1.12.5
[0m13:55:46.235892 [debug] [MainThread]: running dbt with arguments {'maximum_seed_size_mib': '1', 'no_print': 'None', 'static_parser': 'True', 'target_path': 'None', 'version_check': 'True', 'warn_error_options': 'WarnErrorOptionsV2(error=[], warn=[], silence=[])', 'printer_width': '80', 'write_json': 'True', 'introspect': 'True', 'log_cache_events': 'False', 'empty': 'False', 'cache_selected_only': 'False', 'log_format': 'default', 'debug': 'False', 'fail_fast': 'False', 'partial_parse': 'True', 'send_anonymous_usage_stats': 'True', 'quiet': 'False', 'warn_error': 'None', 'profiles_dir': 'C:\\Users\\nicjc\\.dbt', 'invocation_command': 'dbt seed', 'hints_enabled': 'True', 'use_colors': 'True', 'use_experimental_parser': 'False', 'indirect_selection': 'eager', 'log_path': 'C:\\Users\\nicjc\\my_dbt_project\\logs'}
[0m13:55:46.440586 [debug] [MainThread]: Sending event: {'category': 'dbt', 'action': 'project_id', 'label': 'e20e1f58-c8c9-49ad-a63e-1617bc1de131', 'context': [<snowplow_tracker.self_describing_json.SelfDescribingJson object at 0x000001C7843BFE10>]}
[0m13:55:46.500508 [debug] [MainThread]: Sending event: {'category': 'dbt', 'action': 'adapter_info', 'label': 'e20e1f58-c8c9-49ad-a63e-1617bc1de131', 'context': [<snowplow_tracker.self_describing_json.SelfDescribingJson object at 0x000001C784873AC0>]}
[0m13:55:46.501366 [info ] [MainThread]: Registered adapter: sqlserver=1.12.0
[0m13:55:46.721535 [debug] [MainThread]: checksum: 84e6854b018826ad904eca26f98d7d902f51ac360469f424a309c73808fc198c, vars: {}, profile: sqlserver_profile, target: dev, version: 1.12.5
[0m13:55:46.821492 [info ] [MainThread]: Unable to do partial parsing because a project config has changed
[0m13:55:46.822021 [debug] [MainThread]: Sending event: {'category': 'dbt', 'action': 'partial_parser', 'label': 'e20e1f58-c8c9-49ad-a63e-1617bc1de131', 'context': [<snowplow_tracker.self_describing_json.SelfDescribingJson object at 0x000001C784DE8B50>]}
[0m13:55:48.341740 [debug] [MainThread]: Sending event: {'category': 'dbt', 'action': 'load_project', 'label': 'e20e1f58-c8c9-49ad-a63e-1617bc1de131', 'context': [<snowplow_tracker.self_describing_json.SelfDescribingJson object at 0x000001C785251400>]}
[0m13:55:48.425997 [debug] [MainThread]: Wrote artifact WritableManifest to C:\Users\nicjc\my_dbt_project\target\manifest.json
[0m13:55:48.435959 [debug] [MainThread]: Wrote artifact SemanticManifest to C:\Users\nicjc\my_dbt_project\target\semantic_manifest.json
[0m13:55:48.460848 [debug] [MainThread]: Wrote artifact OsiDocument to C:\Users\nicjc\my_dbt_project\target\osi_document.json
[0m13:55:48.474070 [debug] [MainThread]: Sending event: {'category': 'dbt', 'action': 'resource_counts', 'label': 'e20e1f58-c8c9-49ad-a63e-1617bc1de131', 'context': [<snowplow_tracker.self_describing_json.SelfDescribingJson object at 0x000001C7853C4E50>]}
[0m13:55:48.474521 [info ] [MainThread]: Found 3 models, 1 seed, 6 data tests, 579 macros
[0m13:55:48.474905 [debug] [MainThread]: Sending event: {'category': 'dbt', 'action': 'runnable_timing', 'label': 'e20e1f58-c8c9-49ad-a63e-1617bc1de131', 'context': [<snowplow_tracker.self_describing_json.SelfDescribingJson object at 0x000001C78541FD40>]}
[0m13:55:48.477224 [info ] [MainThread]: 
[0m13:55:48.477600 [info ] [MainThread]: Concurrency: 1 threads (target='dev')
[0m13:55:48.477937 [info ] [MainThread]: 
[0m13:55:48.478890 [debug] [MainThread]: Acquiring new sqlserver connection 'master'
[0m13:55:48.479850 [debug] [ThreadPool]: Acquiring new sqlserver connection 'list_dbt_dev'
[0m13:55:48.497745 [debug] [ThreadPool]: dbt-sqlserver
[0m13:55:48.500017 [debug] [ThreadPool]: Using sqlserver connection "list_dbt_dev"
[0m13:55:48.500297 [debug] [ThreadPool]: On list_dbt_dev: /* {"app": "dbt", "dbt_version": "1.12.5", "profile_name": "sqlserver_profile", "target_name": "dev", "connection_name": "list_dbt_dev"} */
USE "dbt_dev";
    select  name as [schema]
    from sys.schemas with (nolock) 
    OPTION (LABEL = 'dbt-sqlserver');

  
[0m13:55:48.500515 [debug] [ThreadPool]: Opening a new connection, currently in state init
[0m13:55:48.505546 [debug] [ThreadPool]: sqlserver adapter: Using connection string: DRIVER={ODBC Driver 18 for SQL Server};SERVER=localhost,1433;Database=dbt_dev;UID=***;PWD=***;encrypt=No;TrustServerCertificate=Yes;APP=dbt-sqlserver/1.12.0;Pooling=true;SQL_ATTR_TRACE=SQL_OPT_TRACE_OFF;ConnectRetryCount=3;ConnectRetryInterval=10
[0m13:55:48.685079 [debug] [ThreadPool]: sqlserver adapter: Connected to db: dbt_dev
[0m13:55:48.690528 [debug] [ThreadPool]: SQL status: OK in 0.000 seconds
[0m13:55:48.692617 [debug] [ThreadPool]: On list_dbt_dev: Close
[0m13:55:48.693352 [debug] [ThreadPool]: Re-using an available connection from the pool (formerly list_dbt_dev, now create_dbt_dev_dbo_dbo)
[0m13:55:48.693779 [debug] [ThreadPool]: Creating schema "database: "dbt_dev"
schema: "dbo_dbo"
"
[0m13:55:48.700743 [debug] [ThreadPool]: Using sqlserver connection "create_dbt_dev_dbo_dbo"
[0m13:55:48.701021 [debug] [ThreadPool]: On create_dbt_dev_dbo_dbo: BEGIN TRANSACTION
[0m13:55:48.701233 [debug] [ThreadPool]: Opening a new connection, currently in state closed
[0m13:55:48.701551 [debug] [ThreadPool]: sqlserver adapter: Using connection string: DRIVER={ODBC Driver 18 for SQL Server};SERVER=localhost,1433;Database=dbt_dev;UID=***;PWD=***;encrypt=No;TrustServerCertificate=Yes;APP=dbt-sqlserver/1.12.0;Pooling=true;SQL_ATTR_TRACE=SQL_OPT_TRACE_OFF;ConnectRetryCount=3;ConnectRetryInterval=10
[0m13:55:48.701844 [debug] [ThreadPool]: sqlserver adapter: Connected to db: dbt_dev
[0m13:55:48.702888 [debug] [ThreadPool]: SQL status: OK in 0.000 seconds
[0m13:55:48.703421 [debug] [ThreadPool]: Using sqlserver connection "create_dbt_dev_dbo_dbo"
[0m13:55:48.703746 [debug] [ThreadPool]: On create_dbt_dev_dbo_dbo: /* {"app": "dbt", "dbt_version": "1.12.5", "profile_name": "sqlserver_profile", "target_name": "dev", "connection_name": "create_dbt_dev_dbo_dbo"} */
USE "dbt_dev";
    DECLARE @dbt_schema_lock int;
  EXEC @dbt_schema_lock = sp_getapplock
    @Resource = 'dbt_create_schema_dbo_dbo',
    @LockMode = 'Exclusive',
    @LockOwner = 'Session',
    @LockTimeout = 30000;
  BEGIN TRY
    IF NOT EXISTS (SELECT * FROM sys.schemas WHERE name = 'dbo_dbo')
    BEGIN
      EXEC('CREATE SCHEMA "dbo_dbo"')
    END
  END TRY
  BEGIN CATCH
    IF @dbt_schema_lock >= 0
      EXEC sp_releaseapplock @Resource = 'dbt_create_schema_dbo_dbo', @LockOwner = 'Session';
    THROW;
  END CATCH
  IF @dbt_schema_lock >= 0
    EXEC sp_releaseapplock @Resource = 'dbt_create_schema_dbo_dbo', @LockOwner = 'Session';
  
[0m13:55:48.708577 [debug] [ThreadPool]: SQL status: OK in 0.000 seconds
[0m13:55:48.709377 [debug] [ThreadPool]: On create_dbt_dev_dbo_dbo: COMMIT
[0m13:55:48.709610 [debug] [ThreadPool]: Using sqlserver connection "create_dbt_dev_dbo_dbo"
[0m13:55:48.709813 [debug] [ThreadPool]: On create_dbt_dev_dbo_dbo: IF @@TRANCOUNT > 0 COMMIT TRANSACTION
[0m13:55:48.710668 [debug] [ThreadPool]: SQL status: OK in 0.000 seconds
[0m13:55:48.711233 [debug] [ThreadPool]: On create_dbt_dev_dbo_dbo: Close
[0m13:55:48.716967 [debug] [ThreadPool]: Acquiring new sqlserver connection 'list_dbt_dev_dbo_dbo'
[0m13:55:48.721315 [debug] [ThreadPool]: dbt-sqlserver
[0m13:55:48.721736 [debug] [ThreadPool]: Using sqlserver connection "list_dbt_dev_dbo_dbo"
[0m13:55:48.721970 [debug] [ThreadPool]: On list_dbt_dev_dbo_dbo: BEGIN TRANSACTION
[0m13:55:48.722172 [debug] [ThreadPool]: Opening a new connection, currently in state init
[0m13:55:48.722470 [debug] [ThreadPool]: sqlserver adapter: Using connection string: DRIVER={ODBC Driver 18 for SQL Server};SERVER=localhost,1433;Database=dbt_dev;UID=***;PWD=***;encrypt=No;TrustServerCertificate=Yes;APP=dbt-sqlserver/1.12.0;Pooling=true;SQL_ATTR_TRACE=SQL_OPT_TRACE_OFF;ConnectRetryCount=3;ConnectRetryInterval=10
[0m13:55:48.722769 [debug] [ThreadPool]: sqlserver adapter: Connected to db: dbt_dev
[0m13:55:48.723506 [debug] [ThreadPool]: SQL status: OK in 0.000 seconds
[0m13:55:48.723741 [debug] [ThreadPool]: Using sqlserver connection "list_dbt_dev_dbo_dbo"
[0m13:55:48.723977 [debug] [ThreadPool]: On list_dbt_dev_dbo_dbo: /* {"app": "dbt", "dbt_version": "1.12.5", "profile_name": "sqlserver_profile", "target_name": "dev", "connection_name": "list_dbt_dev_dbo_dbo"} */
USE "dbt_dev";
    declare @schema_id int = schema_id('dbo_dbo');
    select
      DB_NAME() as [database],
      t.name as [name],
      'dbo_dbo' as [schema],
      'table' as table_type
    from sys.tables as t with (nolock)
    where t.schema_id = @schema_id
    union all
    select
      DB_NAME() as [database],
      v.name as [name],
      'dbo_dbo' as [schema],
      'view' as table_type
    from sys.views as v with (nolock)
    where v.schema_id = @schema_id
    
    OPTION (LABEL = 'dbt-sqlserver');

  
[0m13:55:48.759035 [debug] [ThreadPool]: SQL status: OK in 0.000 seconds
[0m13:55:48.760164 [debug] [ThreadPool]: On list_dbt_dev_dbo_dbo: ROLLBACK
[0m13:55:48.760768 [debug] [ThreadPool]: On list_dbt_dev_dbo_dbo: Close
[0m13:55:48.761207 [debug] [ThreadPool]: Re-using an available connection from the pool (formerly list_dbt_dev_dbo_dbo, now list_dbt_dev_dbo)
[0m13:55:48.762331 [debug] [ThreadPool]: dbt-sqlserver
[0m13:55:48.762728 [debug] [ThreadPool]: Using sqlserver connection "list_dbt_dev_dbo"
[0m13:55:48.762942 [debug] [ThreadPool]: On list_dbt_dev_dbo: BEGIN TRANSACTION
[0m13:55:48.763135 [debug] [ThreadPool]: Opening a new connection, currently in state closed
[0m13:55:48.763431 [debug] [ThreadPool]: sqlserver adapter: Using connection string: DRIVER={ODBC Driver 18 for SQL Server};SERVER=localhost,1433;Database=dbt_dev;UID=***;PWD=***;encrypt=No;TrustServerCertificate=Yes;APP=dbt-sqlserver/1.12.0;Pooling=true;SQL_ATTR_TRACE=SQL_OPT_TRACE_OFF;ConnectRetryCount=3;ConnectRetryInterval=10
[0m13:55:48.763710 [debug] [ThreadPool]: sqlserver adapter: Connected to db: dbt_dev
[0m13:55:48.764273 [debug] [ThreadPool]: SQL status: OK in 0.000 seconds
[0m13:55:48.764495 [debug] [ThreadPool]: Using sqlserver connection "list_dbt_dev_dbo"
[0m13:55:48.764709 [debug] [ThreadPool]: On list_dbt_dev_dbo: /* {"app": "dbt", "dbt_version": "1.12.5", "profile_name": "sqlserver_profile", "target_name": "dev", "connection_name": "list_dbt_dev_dbo"} */
USE "dbt_dev";
    declare @schema_id int = schema_id('dbo');
    select
      DB_NAME() as [database],
      t.name as [name],
      'dbo' as [schema],
      'table' as table_type
    from sys.tables as t with (nolock)
    where t.schema_id = @schema_id
    union all
    select
      DB_NAME() as [database],
      v.name as [name],
      'dbo' as [schema],
      'view' as table_type
    from sys.views as v with (nolock)
    where v.schema_id = @schema_id
    
    OPTION (LABEL = 'dbt-sqlserver');

  
[0m13:55:48.789668 [debug] [ThreadPool]: SQL status: OK in 0.000 seconds
[0m13:55:48.790956 [debug] [ThreadPool]: On list_dbt_dev_dbo: ROLLBACK
[0m13:55:48.791384 [debug] [ThreadPool]: On list_dbt_dev_dbo: Close
[0m13:55:48.792278 [debug] [MainThread]: Sending event: {'category': 'dbt', 'action': 'runnable_timing', 'label': 'e20e1f58-c8c9-49ad-a63e-1617bc1de131', 'context': [<snowplow_tracker.self_describing_json.SelfDescribingJson object at 0x000001C7853B28D0>]}
[0m13:55:48.792746 [debug] [MainThread]: Using sqlserver connection "master"
[0m13:55:48.792969 [debug] [MainThread]: On master: BEGIN TRANSACTION
[0m13:55:48.793219 [debug] [MainThread]: Opening a new connection, currently in state init
[0m13:55:48.793576 [debug] [MainThread]: sqlserver adapter: Using connection string: DRIVER={ODBC Driver 18 for SQL Server};SERVER=localhost,1433;Database=dbt_dev;UID=***;PWD=***;encrypt=No;TrustServerCertificate=Yes;APP=dbt-sqlserver/1.12.0;Pooling=true;SQL_ATTR_TRACE=SQL_OPT_TRACE_OFF;ConnectRetryCount=3;ConnectRetryInterval=10
[0m13:55:48.793909 [debug] [MainThread]: sqlserver adapter: Connected to db: dbt_dev
[0m13:55:48.794643 [debug] [MainThread]: SQL status: OK in 0.000 seconds
[0m13:55:48.794993 [debug] [MainThread]: On master: COMMIT
[0m13:55:48.795363 [debug] [MainThread]: Using sqlserver connection "master"
[0m13:55:48.795711 [debug] [MainThread]: On master: IF @@TRANCOUNT > 0 COMMIT TRANSACTION
[0m13:55:48.796180 [debug] [MainThread]: SQL status: OK in 0.000 seconds
[0m13:55:48.796419 [debug] [MainThread]: On master: Close
[0m13:55:48.801694 [debug] [Thread-1 (]: Began running node seed.my_dbt_project.5000_sales_records
[0m13:55:48.802190 [info ] [Thread-1 (]: 1 of 1 START seed file dbo_dbo.5000_sales_records .............................. [RUN]
[0m13:55:48.802750 [debug] [Thread-1 (]: Acquiring new sqlserver connection 'seed.my_dbt_project.5000_sales_records'
[0m13:55:48.803022 [debug] [Thread-1 (]: Began compiling node seed.my_dbt_project.5000_sales_records
[0m13:55:48.803295 [debug] [Thread-1 (]: Began executing node seed.my_dbt_project.5000_sales_records
[0m13:55:49.039999 [debug] [Thread-1 (]: Using sqlserver connection "seed.my_dbt_project.5000_sales_records"
[0m13:55:49.040397 [debug] [Thread-1 (]: On seed.my_dbt_project.5000_sales_records: BEGIN TRANSACTION
[0m13:55:49.040641 [debug] [Thread-1 (]: Opening a new connection, currently in state init
[0m13:55:49.040998 [debug] [Thread-1 (]: sqlserver adapter: Using connection string: DRIVER={ODBC Driver 18 for SQL Server};SERVER=localhost,1433;Database=dbt_dev;UID=***;PWD=***;encrypt=No;TrustServerCertificate=Yes;APP=dbt-sqlserver/1.12.0;Pooling=true;SQL_ATTR_TRACE=SQL_OPT_TRACE_OFF;ConnectRetryCount=3;ConnectRetryInterval=10
[0m13:55:49.041342 [debug] [Thread-1 (]: sqlserver adapter: Connected to db: dbt_dev
[0m13:55:49.042190 [debug] [Thread-1 (]: SQL status: OK in 0.000 seconds
[0m13:55:49.042534 [debug] [Thread-1 (]: Using sqlserver connection "seed.my_dbt_project.5000_sales_records"
[0m13:55:49.042851 [debug] [Thread-1 (]: On seed.my_dbt_project.5000_sales_records: /* {"app": "dbt", "dbt_version": "1.12.5", "profile_name": "sqlserver_profile", "target_name": "dev", "node_id": "seed.my_dbt_project.5000_sales_records"} */

    create table "dbt_dev"."dbo_dbo"."5000_sales_records" (region varchar(33),country varchar(32),item_type varchar(16),sales_channel varchar(16),order_priority varchar(16),order_date varchar(16),order_id int,ship_date varchar(16),units_sold int,unit_price float,unit_cost float,total_revenue float,total_cost float,total_profit float)
  
[0m13:55:49.052504 [debug] [Thread-1 (]: SQL status: OK in 0.000 seconds
[0m13:55:49.066103 [debug] [Thread-1 (]: Inserting batches of 149 records
[0m13:55:49.304423 [debug] [Thread-1 (]: Using sqlserver connection "seed.my_dbt_project.5000_sales_records"
[0m13:55:49.304832 [debug] [Thread-1 (]: On seed.my_dbt_project.5000_sales_records: 
          insert into "dbt_dev"."dbo_dbo"."5000_sales_records" (region, country, item_type, sales_channel, order_priority, order_date, order_id, ship_date, units_sold, unit_price, unit_cost, total_revenue, total_cost, total_profit) values (?, ?, ?, ?, ?, ?, ?, ?, ?, ?, ?, ?, ?, ?), (?, ?, ?, ?, ?, ?, ?, ?, ?, ?, ?, ?, ?, ?), (?, ?, ?, ?, ?, ?, ?, ?, ?, ?, ?, ?, ?, ?), (?, ?, ?, ?, ?, ?, ?, ?, ?, ?, ?, ?, ?, ?), (?, ?, ?, ?, ?, ?, ?, ?, ?, ?, ?, ?, ?, ?), (?, ?, ?, ?, ?, ?, ?, ?, ?, ?, ?, ?, ?, ?), (?, ?, ?...
[0m13:55:49.400480 [debug] [Thread-1 (]: SQL status: OK in 0.000 seconds
[0m13:55:49.549965 [debug] [Thread-1 (]: Using sqlserver connection "seed.my_dbt_project.5000_sales_records"
[0m13:55:49.550381 [debug] [Thread-1 (]: On seed.my_dbt_project.5000_sales_records: 
          insert into "dbt_dev"."dbo_dbo"."5000_sales_records" (region, country, item_type, sales_channel, order_priority, order_date, order_id, ship_date, units_sold, unit_price, unit_cost, total_revenue, total_cost, total_profit) values (?, ?, ?, ?, ?, ?, ?, ?, ?, ?, ?, ?, ?, ?), (?, ?, ?, ?, ?, ?, ?, ?, ?, ?, ?, ?, ?, ?), (?, ?, ?, ?, ?, ?, ?, ?, ?, ?, ?, ?, ?, ?), (?, ?, ?, ?, ?, ?, ?, ?, ?, ?, ?, ?, ?, ?), (?, ?, ?, ?, ?, ?, ?, ?, ?, ?, ?, ?, ?, ?), (?, ?, ?, ?, ?, ?, ?, ?, ?, ?, ?, ?, ?, ?), (?, ?, ?...
[0m13:55:49.627532 [debug] [Thread-1 (]: SQL status: OK in 0.000 seconds
[0m13:55:49.776472 [debug] [Thread-1 (]: Using sqlserver connection "seed.my_dbt_project.5000_sales_records"
[0m13:55:49.776879 [debug] [Thread-1 (]: On seed.my_dbt_project.5000_sales_records: 
          insert into "dbt_dev"."dbo_dbo"."5000_sales_records" (region, country, item_type, sales_channel, order_priority, order_date, order_id, ship_date, units_sold, unit_price, unit_cost, total_revenue, total_cost, total_profit) values (?, ?, ?, ?, ?, ?, ?, ?, ?, ?, ?, ?, ?, ?), (?, ?, ?, ?, ?, ?, ?, ?, ?, ?, ?, ?, ?, ?), (?, ?, ?, ?, ?, ?, ?, ?, ?, ?, ?, ?, ?, ?), (?, ?, ?, ?, ?, ?, ?, ?, ?, ?, ?, ?, ?, ?), (?, ?, ?, ?, ?, ?, ?, ?, ?, ?, ?, ?, ?, ?), (?, ?, ?, ?, ?, ?, ?, ?, ?, ?, ?, ?, ?, ?), (?, ?, ?...
[0m13:55:49.854590 [debug] [Thread-1 (]: SQL status: OK in 0.000 seconds
[0m13:55:50.003798 [debug] [Thread-1 (]: Using sqlserver connection "seed.my_dbt_project.5000_sales_records"
[0m13:55:50.004202 [debug] [Thread-1 (]: On seed.my_dbt_project.5000_sales_records: 
          insert into "dbt_dev"."dbo_dbo"."5000_sales_records" (region, country, item_type, sales_channel, order_priority, order_date, order_id, ship_date, units_sold, unit_price, unit_cost, total_revenue, total_cost, total_profit) values (?, ?, ?, ?, ?, ?, ?, ?, ?, ?, ?, ?, ?, ?), (?, ?, ?, ?, ?, ?, ?, ?, ?, ?, ?, ?, ?, ?), (?, ?, ?, ?, ?, ?, ?, ?, ?, ?, ?, ?, ?, ?), (?, ?, ?, ?, ?, ?, ?, ?, ?, ?, ?, ?, ?, ?), (?, ?, ?, ?, ?, ?, ?, ?, ?, ?, ?, ?, ?, ?), (?, ?, ?, ?, ?, ?, ?, ?, ?, ?, ?, ?, ?, ?), (?, ?, ?...
[0m13:55:50.076126 [debug] [Thread-1 (]: SQL status: OK in 0.000 seconds
[0m13:55:50.224094 [debug] [Thread-1 (]: Using sqlserver connection "seed.my_dbt_project.5000_sales_records"
[0m13:55:50.224519 [debug] [Thread-1 (]: On seed.my_dbt_project.5000_sales_records: 
          insert into "dbt_dev"."dbo_dbo"."5000_sales_records" (region, country, item_type, sales_channel, order_priority, order_date, order_id, ship_date, units_sold, unit_price, unit_cost, total_revenue, total_cost, total_profit) values (?, ?, ?, ?, ?, ?, ?, ?, ?, ?, ?, ?, ?, ?), (?, ?, ?, ?, ?, ?, ?, ?, ?, ?, ?, ?, ?, ?), (?, ?, ?, ?, ?, ?, ?, ?, ?, ?, ?, ?, ?, ?), (?, ?, ?, ?, ?, ?, ?, ?, ?, ?, ?, ?, ?, ?), (?, ?, ?, ?, ?, ?, ?, ?, ?, ?, ?, ?, ?, ?), (?, ?, ?, ?, ?, ?, ?, ?, ?, ?, ?, ?, ?, ?), (?, ?, ?...
[0m13:55:50.298969 [debug] [Thread-1 (]: SQL status: OK in 0.000 seconds
[0m13:55:50.450218 [debug] [Thread-1 (]: Using sqlserver connection "seed.my_dbt_project.5000_sales_records"
[0m13:55:50.450628 [debug] [Thread-1 (]: On seed.my_dbt_project.5000_sales_records: 
          insert into "dbt_dev"."dbo_dbo"."5000_sales_records" (region, country, item_type, sales_channel, order_priority, order_date, order_id, ship_date, units_sold, unit_price, unit_cost, total_revenue, total_cost, total_profit) values (?, ?, ?, ?, ?, ?, ?, ?, ?, ?, ?, ?, ?, ?), (?, ?, ?, ?, ?, ?, ?, ?, ?, ?, ?, ?, ?, ?), (?, ?, ?, ?, ?, ?, ?, ?, ?, ?, ?, ?, ?, ?), (?, ?, ?, ?, ?, ?, ?, ?, ?, ?, ?, ?, ?, ?), (?, ?, ?, ?, ?, ?, ?, ?, ?, ?, ?, ?, ?, ?), (?, ?, ?, ?, ?, ?, ?, ?, ?, ?, ?, ?, ?, ?), (?, ?, ?...
[0m13:55:50.535183 [debug] [Thread-1 (]: SQL status: OK in 0.000 seconds
[0m13:55:50.684193 [debug] [Thread-1 (]: Using sqlserver connection "seed.my_dbt_project.5000_sales_records"
[0m13:55:50.684618 [debug] [Thread-1 (]: On seed.my_dbt_project.5000_sales_records: 
          insert into "dbt_dev"."dbo_dbo"."5000_sales_records" (region, country, item_type, sales_channel, order_priority, order_date, order_id, ship_date, units_sold, unit_price, unit_cost, total_revenue, total_cost, total_profit) values (?, ?, ?, ?, ?, ?, ?, ?, ?, ?, ?, ?, ?, ?), (?, ?, ?, ?, ?, ?, ?, ?, ?, ?, ?, ?, ?, ?), (?, ?, ?, ?, ?, ?, ?, ?, ?, ?, ?, ?, ?, ?), (?, ?, ?, ?, ?, ?, ?, ?, ?, ?, ?, ?, ?, ?), (?, ?, ?, ?, ?, ?, ?, ?, ?, ?, ?, ?, ?, ?), (?, ?, ?, ?, ?, ?, ?, ?, ?, ?, ?, ?, ?, ?), (?, ?, ?...
[0m13:55:50.758841 [debug] [Thread-1 (]: SQL status: OK in 0.000 seconds
[0m13:55:50.905930 [debug] [Thread-1 (]: Using sqlserver connection "seed.my_dbt_project.5000_sales_records"
[0m13:55:50.906342 [debug] [Thread-1 (]: On seed.my_dbt_project.5000_sales_records: 
          insert into "dbt_dev"."dbo_dbo"."5000_sales_records" (region, country, item_type, sales_channel, order_priority, order_date, order_id, ship_date, units_sold, unit_price, unit_cost, total_revenue, total_cost, total_profit) values (?, ?, ?, ?, ?, ?, ?, ?, ?, ?, ?, ?, ?, ?), (?, ?, ?, ?, ?, ?, ?, ?, ?, ?, ?, ?, ?, ?), (?, ?, ?, ?, ?, ?, ?, ?, ?, ?, ?, ?, ?, ?), (?, ?, ?, ?, ?, ?, ?, ?, ?, ?, ?, ?, ?, ?), (?, ?, ?, ?, ?, ?, ?, ?, ?, ?, ?, ?, ?, ?), (?, ?, ?, ?, ?, ?, ?, ?, ?, ?, ?, ?, ?, ?), (?, ?, ?...
[0m13:55:50.979083 [debug] [Thread-1 (]: SQL status: OK in 0.000 seconds
[0m13:55:51.126749 [debug] [Thread-1 (]: Using sqlserver connection "seed.my_dbt_project.5000_sales_records"
[0m13:55:51.127153 [debug] [Thread-1 (]: On seed.my_dbt_project.5000_sales_records: 
          insert into "dbt_dev"."dbo_dbo"."5000_sales_records" (region, country, item_type, sales_channel, order_priority, order_date, order_id, ship_date, units_sold, unit_price, unit_cost, total_revenue, total_cost, total_profit) values (?, ?, ?, ?, ?, ?, ?, ?, ?, ?, ?, ?, ?, ?), (?, ?, ?, ?, ?, ?, ?, ?, ?, ?, ?, ?, ?, ?), (?, ?, ?, ?, ?, ?, ?, ?, ?, ?, ?, ?, ?, ?), (?, ?, ?, ?, ?, ?, ?, ?, ?, ?, ?, ?, ?, ?), (?, ?, ?, ?, ?, ?, ?, ?, ?, ?, ?, ?, ?, ?), (?, ?, ?, ?, ?, ?, ?, ?, ?, ?, ?, ?, ?, ?), (?, ?, ?...
[0m13:55:51.204244 [debug] [Thread-1 (]: SQL status: OK in 0.000 seconds
[0m13:55:51.354283 [debug] [Thread-1 (]: Using sqlserver connection "seed.my_dbt_project.5000_sales_records"
[0m13:55:51.354692 [debug] [Thread-1 (]: On seed.my_dbt_project.5000_sales_records: 
          insert into "dbt_dev"."dbo_dbo"."5000_sales_records" (region, country, item_type, sales_channel, order_priority, order_date, order_id, ship_date, units_sold, unit_price, unit_cost, total_revenue, total_cost, total_profit) values (?, ?, ?, ?, ?, ?, ?, ?, ?, ?, ?, ?, ?, ?), (?, ?, ?, ?, ?, ?, ?, ?, ?, ?, ?, ?, ?, ?), (?, ?, ?, ?, ?, ?, ?, ?, ?, ?, ?, ?, ?, ?), (?, ?, ?, ?, ?, ?, ?, ?, ?, ?, ?, ?, ?, ?), (?, ?, ?, ?, ?, ?, ?, ?, ?, ?, ?, ?, ?, ?), (?, ?, ?, ?, ?, ?, ?, ?, ?, ?, ?, ?, ?, ?), (?, ?, ?...
[0m13:55:51.428278 [debug] [Thread-1 (]: SQL status: OK in 0.000 seconds
[0m13:55:51.577178 [debug] [Thread-1 (]: Using sqlserver connection "seed.my_dbt_project.5000_sales_records"
[0m13:55:51.577583 [debug] [Thread-1 (]: On seed.my_dbt_project.5000_sales_records: 
          insert into "dbt_dev"."dbo_dbo"."5000_sales_records" (region, country, item_type, sales_channel, order_priority, order_date, order_id, ship_date, units_sold, unit_price, unit_cost, total_revenue, total_cost, total_profit) values (?, ?, ?, ?, ?, ?, ?, ?, ?, ?, ?, ?, ?, ?), (?, ?, ?, ?, ?, ?, ?, ?, ?, ?, ?, ?, ?, ?), (?, ?, ?, ?, ?, ?, ?, ?, ?, ?, ?, ?, ?, ?), (?, ?, ?, ?, ?, ?, ?, ?, ?, ?, ?, ?, ?, ?), (?, ?, ?, ?, ?, ?, ?, ?, ?, ?, ?, ?, ?, ?), (?, ?, ?, ?, ?, ?, ?, ?, ?, ?, ?, ?, ?, ?), (?, ?, ?...
[0m13:55:51.652173 [debug] [Thread-1 (]: SQL status: OK in 0.000 seconds
[0m13:55:51.800147 [debug] [Thread-1 (]: Using sqlserver connection "seed.my_dbt_project.5000_sales_records"
[0m13:55:51.800553 [debug] [Thread-1 (]: On seed.my_dbt_project.5000_sales_records: 
          insert into "dbt_dev"."dbo_dbo"."5000_sales_records" (region, country, item_type, sales_channel, order_priority, order_date, order_id, ship_date, units_sold, unit_price, unit_cost, total_revenue, total_cost, total_profit) values (?, ?, ?, ?, ?, ?, ?, ?, ?, ?, ?, ?, ?, ?), (?, ?, ?, ?, ?, ?, ?, ?, ?, ?, ?, ?, ?, ?), (?, ?, ?, ?, ?, ?, ?, ?, ?, ?, ?, ?, ?, ?), (?, ?, ?, ?, ?, ?, ?, ?, ?, ?, ?, ?, ?, ?), (?, ?, ?, ?, ?, ?, ?, ?, ?, ?, ?, ?, ?, ?), (?, ?, ?, ?, ?, ?, ?, ?, ?, ?, ?, ?, ?, ?), (?, ?, ?...
[0m13:55:51.880479 [debug] [Thread-1 (]: SQL status: OK in 0.000 seconds
[0m13:55:52.028562 [debug] [Thread-1 (]: Using sqlserver connection "seed.my_dbt_project.5000_sales_records"
[0m13:55:52.028968 [debug] [Thread-1 (]: On seed.my_dbt_project.5000_sales_records: 
          insert into "dbt_dev"."dbo_dbo"."5000_sales_records" (region, country, item_type, sales_channel, order_priority, order_date, order_id, ship_date, units_sold, unit_price, unit_cost, total_revenue, total_cost, total_profit) values (?, ?, ?, ?, ?, ?, ?, ?, ?, ?, ?, ?, ?, ?), (?, ?, ?, ?, ?, ?, ?, ?, ?, ?, ?, ?, ?, ?), (?, ?, ?, ?, ?, ?, ?, ?, ?, ?, ?, ?, ?, ?), (?, ?, ?, ?, ?, ?, ?, ?, ?, ?, ?, ?, ?, ?), (?, ?, ?, ?, ?, ?, ?, ?, ?, ?, ?, ?, ?, ?), (?, ?, ?, ?, ?, ?, ?, ?, ?, ?, ?, ?, ?, ?), (?, ?, ?...
[0m13:55:52.106890 [debug] [Thread-1 (]: SQL status: OK in 0.000 seconds
[0m13:55:52.256727 [debug] [Thread-1 (]: Using sqlserver connection "seed.my_dbt_project.5000_sales_records"
[0m13:55:52.257120 [debug] [Thread-1 (]: On seed.my_dbt_project.5000_sales_records: 
          insert into "dbt_dev"."dbo_dbo"."5000_sales_records" (region, country, item_type, sales_channel, order_priority, order_date, order_id, ship_date, units_sold, unit_price, unit_cost, total_revenue, total_cost, total_profit) values (?, ?, ?, ?, ?, ?, ?, ?, ?, ?, ?, ?, ?, ?), (?, ?, ?, ?, ?, ?, ?, ?, ?, ?, ?, ?, ?, ?), (?, ?, ?, ?, ?, ?, ?, ?, ?, ?, ?, ?, ?, ?), (?, ?, ?, ?, ?, ?, ?, ?, ?, ?, ?, ?, ?, ?), (?, ?, ?, ?, ?, ?, ?, ?, ?, ?, ?, ?, ?, ?), (?, ?, ?, ?, ?, ?, ?, ?, ?, ?, ?, ?, ?, ?), (?, ?, ?...
[0m13:55:52.331216 [debug] [Thread-1 (]: SQL status: OK in 0.000 seconds
[0m13:55:52.478842 [debug] [Thread-1 (]: Using sqlserver connection "seed.my_dbt_project.5000_sales_records"
[0m13:55:52.479248 [debug] [Thread-1 (]: On seed.my_dbt_project.5000_sales_records: 
          insert into "dbt_dev"."dbo_dbo"."5000_sales_records" (region, country, item_type, sales_channel, order_priority, order_date, order_id, ship_date, units_sold, unit_price, unit_cost, total_revenue, total_cost, total_profit) values (?, ?, ?, ?, ?, ?, ?, ?, ?, ?, ?, ?, ?, ?), (?, ?, ?, ?, ?, ?, ?, ?, ?, ?, ?, ?, ?, ?), (?, ?, ?, ?, ?, ?, ?, ?, ?, ?, ?, ?, ?, ?), (?, ?, ?, ?, ?, ?, ?, ?, ?, ?, ?, ?, ?, ?), (?, ?, ?, ?, ?, ?, ?, ?, ?, ?, ?, ?, ?, ?), (?, ?, ?, ?, ?, ?, ?, ?, ?, ?, ?, ?, ?, ?), (?, ?, ?...
[0m13:55:52.550569 [debug] [Thread-1 (]: SQL status: OK in 0.000 seconds
[0m13:55:52.698367 [debug] [Thread-1 (]: Using sqlserver connection "seed.my_dbt_project.5000_sales_records"
[0m13:55:52.698768 [debug] [Thread-1 (]: On seed.my_dbt_project.5000_sales_records: 
          insert into "dbt_dev"."dbo_dbo"."5000_sales_records" (region, country, item_type, sales_channel, order_priority, order_date, order_id, ship_date, units_sold, unit_price, unit_cost, total_revenue, total_cost, total_profit) values (?, ?, ?, ?, ?, ?, ?, ?, ?, ?, ?, ?, ?, ?), (?, ?, ?, ?, ?, ?, ?, ?, ?, ?, ?, ?, ?, ?), (?, ?, ?, ?, ?, ?, ?, ?, ?, ?, ?, ?, ?, ?), (?, ?, ?, ?, ?, ?, ?, ?, ?, ?, ?, ?, ?, ?), (?, ?, ?, ?, ?, ?, ?, ?, ?, ?, ?, ?, ?, ?), (?, ?, ?, ?, ?, ?, ?, ?, ?, ?, ?, ?, ?, ?), (?, ?, ?...
[0m13:55:52.769780 [debug] [Thread-1 (]: SQL status: OK in 0.000 seconds
[0m13:55:52.918187 [debug] [Thread-1 (]: Using sqlserver connection "seed.my_dbt_project.5000_sales_records"
[0m13:55:52.918585 [debug] [Thread-1 (]: On seed.my_dbt_project.5000_sales_records: 
          insert into "dbt_dev"."dbo_dbo"."5000_sales_records" (region, country, item_type, sales_channel, order_priority, order_date, order_id, ship_date, units_sold, unit_price, unit_cost, total_revenue, total_cost, total_profit) values (?, ?, ?, ?, ?, ?, ?, ?, ?, ?, ?, ?, ?, ?), (?, ?, ?, ?, ?, ?, ?, ?, ?, ?, ?, ?, ?, ?), (?, ?, ?, ?, ?, ?, ?, ?, ?, ?, ?, ?, ?, ?), (?, ?, ?, ?, ?, ?, ?, ?, ?, ?, ?, ?, ?, ?), (?, ?, ?, ?, ?, ?, ?, ?, ?, ?, ?, ?, ?, ?), (?, ?, ?, ?, ?, ?, ?, ?, ?, ?, ?, ?, ?, ?), (?, ?, ?...
[0m13:55:52.988885 [debug] [Thread-1 (]: SQL status: OK in 0.000 seconds
[0m13:55:53.139077 [debug] [Thread-1 (]: Using sqlserver connection "seed.my_dbt_project.5000_sales_records"
[0m13:55:53.139471 [debug] [Thread-1 (]: On seed.my_dbt_project.5000_sales_records: 
          insert into "dbt_dev"."dbo_dbo"."5000_sales_records" (region, country, item_type, sales_channel, order_priority, order_date, order_id, ship_date, units_sold, unit_price, unit_cost, total_revenue, total_cost, total_profit) values (?, ?, ?, ?, ?, ?, ?, ?, ?, ?, ?, ?, ?, ?), (?, ?, ?, ?, ?, ?, ?, ?, ?, ?, ?, ?, ?, ?), (?, ?, ?, ?, ?, ?, ?, ?, ?, ?, ?, ?, ?, ?), (?, ?, ?, ?, ?, ?, ?, ?, ?, ?, ?, ?, ?, ?), (?, ?, ?, ?, ?, ?, ?, ?, ?, ?, ?, ?, ?, ?), (?, ?, ?, ?, ?, ?, ?, ?, ?, ?, ?, ?, ?, ?), (?, ?, ?...
[0m13:55:53.211433 [debug] [Thread-1 (]: SQL status: OK in 0.000 seconds
[0m13:55:53.360377 [debug] [Thread-1 (]: Using sqlserver connection "seed.my_dbt_project.5000_sales_records"
[0m13:55:53.360794 [debug] [Thread-1 (]: On seed.my_dbt_project.5000_sales_records: 
          insert into "dbt_dev"."dbo_dbo"."5000_sales_records" (region, country, item_type, sales_channel, order_priority, order_date, order_id, ship_date, units_sold, unit_price, unit_cost, total_revenue, total_cost, total_profit) values (?, ?, ?, ?, ?, ?, ?, ?, ?, ?, ?, ?, ?, ?), (?, ?, ?, ?, ?, ?, ?, ?, ?, ?, ?, ?, ?, ?), (?, ?, ?, ?, ?, ?, ?, ?, ?, ?, ?, ?, ?, ?), (?, ?, ?, ?, ?, ?, ?, ?, ?, ?, ?, ?, ?, ?), (?, ?, ?, ?, ?, ?, ?, ?, ?, ?, ?, ?, ?, ?), (?, ?, ?, ?, ?, ?, ?, ?, ?, ?, ?, ?, ?, ?), (?, ?, ?...
[0m13:55:53.433900 [debug] [Thread-1 (]: SQL status: OK in 0.000 seconds
[0m13:55:53.582604 [debug] [Thread-1 (]: Using sqlserver connection "seed.my_dbt_project.5000_sales_records"
[0m13:55:53.582992 [debug] [Thread-1 (]: On seed.my_dbt_project.5000_sales_records: 
          insert into "dbt_dev"."dbo_dbo"."5000_sales_records" (region, country, item_type, sales_channel, order_priority, order_date, order_id, ship_date, units_sold, unit_price, unit_cost, total_revenue, total_cost, total_profit) values (?, ?, ?, ?, ?, ?, ?, ?, ?, ?, ?, ?, ?, ?), (?, ?, ?, ?, ?, ?, ?, ?, ?, ?, ?, ?, ?, ?), (?, ?, ?, ?, ?, ?, ?, ?, ?, ?, ?, ?, ?, ?), (?, ?, ?, ?, ?, ?, ?, ?, ?, ?, ?, ?, ?, ?), (?, ?, ?, ?, ?, ?, ?, ?, ?, ?, ?, ?, ?, ?), (?, ?, ?, ?, ?, ?, ?, ?, ?, ?, ?, ?, ?, ?), (?, ?, ?...
[0m13:55:53.661730 [debug] [Thread-1 (]: SQL status: OK in 0.000 seconds
[0m13:55:53.810535 [debug] [Thread-1 (]: Using sqlserver connection "seed.my_dbt_project.5000_sales_records"
[0m13:55:53.810927 [debug] [Thread-1 (]: On seed.my_dbt_project.5000_sales_records: 
          insert into "dbt_dev"."dbo_dbo"."5000_sales_records" (region, country, item_type, sales_channel, order_priority, order_date, order_id, ship_date, units_sold, unit_price, unit_cost, total_revenue, total_cost, total_profit) values (?, ?, ?, ?, ?, ?, ?, ?, ?, ?, ?, ?, ?, ?), (?, ?, ?, ?, ?, ?, ?, ?, ?, ?, ?, ?, ?, ?), (?, ?, ?, ?, ?, ?, ?, ?, ?, ?, ?, ?, ?, ?), (?, ?, ?, ?, ?, ?, ?, ?, ?, ?, ?, ?, ?, ?), (?, ?, ?, ?, ?, ?, ?, ?, ?, ?, ?, ?, ?, ?), (?, ?, ?, ?, ?, ?, ?, ?, ?, ?, ?, ?, ?, ?), (?, ?, ?...
[0m13:55:53.881044 [debug] [Thread-1 (]: SQL status: OK in 0.000 seconds
[0m13:55:54.029799 [debug] [Thread-1 (]: Using sqlserver connection "seed.my_dbt_project.5000_sales_records"
[0m13:55:54.030194 [debug] [Thread-1 (]: On seed.my_dbt_project.5000_sales_records: 
          insert into "dbt_dev"."dbo_dbo"."5000_sales_records" (region, country, item_type, sales_channel, order_priority, order_date, order_id, ship_date, units_sold, unit_price, unit_cost, total_revenue, total_cost, total_profit) values (?, ?, ?, ?, ?, ?, ?, ?, ?, ?, ?, ?, ?, ?), (?, ?, ?, ?, ?, ?, ?, ?, ?, ?, ?, ?, ?, ?), (?, ?, ?, ?, ?, ?, ?, ?, ?, ?, ?, ?, ?, ?), (?, ?, ?, ?, ?, ?, ?, ?, ?, ?, ?, ?, ?, ?), (?, ?, ?, ?, ?, ?, ?, ?, ?, ?, ?, ?, ?, ?), (?, ?, ?, ?, ?, ?, ?, ?, ?, ?, ?, ?, ?, ?), (?, ?, ?...
[0m13:55:54.103249 [debug] [Thread-1 (]: SQL status: OK in 0.000 seconds
[0m13:55:54.252066 [debug] [Thread-1 (]: Using sqlserver connection "seed.my_dbt_project.5000_sales_records"
[0m13:55:54.252455 [debug] [Thread-1 (]: On seed.my_dbt_project.5000_sales_records: 
          insert into "dbt_dev"."dbo_dbo"."5000_sales_records" (region, country, item_type, sales_channel, order_priority, order_date, order_id, ship_date, units_sold, unit_price, unit_cost, total_revenue, total_cost, total_profit) values (?, ?, ?, ?, ?, ?, ?, ?, ?, ?, ?, ?, ?, ?), (?, ?, ?, ?, ?, ?, ?, ?, ?, ?, ?, ?, ?, ?), (?, ?, ?, ?, ?, ?, ?, ?, ?, ?, ?, ?, ?, ?), (?, ?, ?, ?, ?, ?, ?, ?, ?, ?, ?, ?, ?, ?), (?, ?, ?, ?, ?, ?, ?, ?, ?, ?, ?, ?, ?, ?), (?, ?, ?, ?, ?, ?, ?, ?, ?, ?, ?, ?, ?, ?), (?, ?, ?...
[0m13:55:54.323541 [debug] [Thread-1 (]: SQL status: OK in 0.000 seconds
[0m13:55:54.473161 [debug] [Thread-1 (]: Using sqlserver connection "seed.my_dbt_project.5000_sales_records"
[0m13:55:54.473578 [debug] [Thread-1 (]: On seed.my_dbt_project.5000_sales_records: 
          insert into "dbt_dev"."dbo_dbo"."5000_sales_records" (region, country, item_type, sales_channel, order_priority, order_date, order_id, ship_date, units_sold, unit_price, unit_cost, total_revenue, total_cost, total_profit) values (?, ?, ?, ?, ?, ?, ?, ?, ?, ?, ?, ?, ?, ?), (?, ?, ?, ?, ?, ?, ?, ?, ?, ?, ?, ?, ?, ?), (?, ?, ?, ?, ?, ?, ?, ?, ?, ?, ?, ?, ?, ?), (?, ?, ?, ?, ?, ?, ?, ?, ?, ?, ?, ?, ?, ?), (?, ?, ?, ?, ?, ?, ?, ?, ?, ?, ?, ?, ?, ?), (?, ?, ?, ?, ?, ?, ?, ?, ?, ?, ?, ?, ?, ?), (?, ?, ?...
[0m13:55:54.546782 [debug] [Thread-1 (]: SQL status: OK in 0.000 seconds
[0m13:55:54.696496 [debug] [Thread-1 (]: Using sqlserver connection "seed.my_dbt_project.5000_sales_records"
[0m13:55:54.696899 [debug] [Thread-1 (]: On seed.my_dbt_project.5000_sales_records: 
          insert into "dbt_dev"."dbo_dbo"."5000_sales_records" (region, country, item_type, sales_channel, order_priority, order_date, order_id, ship_date, units_sold, unit_price, unit_cost, total_revenue, total_cost, total_profit) values (?, ?, ?, ?, ?, ?, ?, ?, ?, ?, ?, ?, ?, ?), (?, ?, ?, ?, ?, ?, ?, ?, ?, ?, ?, ?, ?, ?), (?, ?, ?, ?, ?, ?, ?, ?, ?, ?, ?, ?, ?, ?), (?, ?, ?, ?, ?, ?, ?, ?, ?, ?, ?, ?, ?, ?), (?, ?, ?, ?, ?, ?, ?, ?, ?, ?, ?, ?, ?, ?), (?, ?, ?, ?, ?, ?, ?, ?, ?, ?, ?, ?, ?, ?), (?, ?, ?...
[0m13:55:54.766303 [debug] [Thread-1 (]: SQL status: OK in 0.000 seconds
[0m13:55:54.914180 [debug] [Thread-1 (]: Using sqlserver connection "seed.my_dbt_project.5000_sales_records"
[0m13:55:54.914586 [debug] [Thread-1 (]: On seed.my_dbt_project.5000_sales_records: 
          insert into "dbt_dev"."dbo_dbo"."5000_sales_records" (region, country, item_type, sales_channel, order_priority, order_date, order_id, ship_date, units_sold, unit_price, unit_cost, total_revenue, total_cost, total_profit) values (?, ?, ?, ?, ?, ?, ?, ?, ?, ?, ?, ?, ?, ?), (?, ?, ?, ?, ?, ?, ?, ?, ?, ?, ?, ?, ?, ?), (?, ?, ?, ?, ?, ?, ?, ?, ?, ?, ?, ?, ?, ?), (?, ?, ?, ?, ?, ?, ?, ?, ?, ?, ?, ?, ?, ?), (?, ?, ?, ?, ?, ?, ?, ?, ?, ?, ?, ?, ?, ?), (?, ?, ?, ?, ?, ?, ?, ?, ?, ?, ?, ?, ?, ?), (?, ?, ?...
[0m13:55:54.985848 [debug] [Thread-1 (]: SQL status: OK in 0.000 seconds
[0m13:55:55.134740 [debug] [Thread-1 (]: Using sqlserver connection "seed.my_dbt_project.5000_sales_records"
[0m13:55:55.135137 [debug] [Thread-1 (]: On seed.my_dbt_project.5000_sales_records: 
          insert into "dbt_dev"."dbo_dbo"."5000_sales_records" (region, country, item_type, sales_channel, order_priority, order_date, order_id, ship_date, units_sold, unit_price, unit_cost, total_revenue, total_cost, total_profit) values (?, ?, ?, ?, ?, ?, ?, ?, ?, ?, ?, ?, ?, ?), (?, ?, ?, ?, ?, ?, ?, ?, ?, ?, ?, ?, ?, ?), (?, ?, ?, ?, ?, ?, ?, ?, ?, ?, ?, ?, ?, ?), (?, ?, ?, ?, ?, ?, ?, ?, ?, ?, ?, ?, ?, ?), (?, ?, ?, ?, ?, ?, ?, ?, ?, ?, ?, ?, ?, ?), (?, ?, ?, ?, ?, ?, ?, ?, ?, ?, ?, ?, ?, ?), (?, ?, ?...
[0m13:55:55.207232 [debug] [Thread-1 (]: SQL status: OK in 0.000 seconds
[0m13:55:55.356107 [debug] [Thread-1 (]: Using sqlserver connection "seed.my_dbt_project.5000_sales_records"
[0m13:55:55.356560 [debug] [Thread-1 (]: On seed.my_dbt_project.5000_sales_records: 
          insert into "dbt_dev"."dbo_dbo"."5000_sales_records" (region, country, item_type, sales_channel, order_priority, order_date, order_id, ship_date, units_sold, unit_price, unit_cost, total_revenue, total_cost, total_profit) values (?, ?, ?, ?, ?, ?, ?, ?, ?, ?, ?, ?, ?, ?), (?, ?, ?, ?, ?, ?, ?, ?, ?, ?, ?, ?, ?, ?), (?, ?, ?, ?, ?, ?, ?, ?, ?, ?, ?, ?, ?, ?), (?, ?, ?, ?, ?, ?, ?, ?, ?, ?, ?, ?, ?, ?), (?, ?, ?, ?, ?, ?, ?, ?, ?, ?, ?, ?, ?, ?), (?, ?, ?, ?, ?, ?, ?, ?, ?, ?, ?, ?, ?, ?), (?, ?, ?...
[0m13:55:55.456578 [debug] [Thread-1 (]: SQL status: OK in 0.000 seconds
[0m13:55:55.607023 [debug] [Thread-1 (]: Using sqlserver connection "seed.my_dbt_project.5000_sales_records"
[0m13:55:55.607424 [debug] [Thread-1 (]: On seed.my_dbt_project.5000_sales_records: 
          insert into "dbt_dev"."dbo_dbo"."5000_sales_records" (region, country, item_type, sales_channel, order_priority, order_date, order_id, ship_date, units_sold, unit_price, unit_cost, total_revenue, total_cost, total_profit) values (?, ?, ?, ?, ?, ?, ?, ?, ?, ?, ?, ?, ?, ?), (?, ?, ?, ?, ?, ?, ?, ?, ?, ?, ?, ?, ?, ?), (?, ?, ?, ?, ?, ?, ?, ?, ?, ?, ?, ?, ?, ?), (?, ?, ?, ?, ?, ?, ?, ?, ?, ?, ?, ?, ?, ?), (?, ?, ?, ?, ?, ?, ?, ?, ?, ?, ?, ?, ?, ?), (?, ?, ?, ?, ?, ?, ?, ?, ?, ?, ?, ?, ?, ?), (?, ?, ?...
[0m13:55:55.683323 [debug] [Thread-1 (]: SQL status: OK in 0.000 seconds
[0m13:55:55.832008 [debug] [Thread-1 (]: Using sqlserver connection "seed.my_dbt_project.5000_sales_records"
[0m13:55:55.832399 [debug] [Thread-1 (]: On seed.my_dbt_project.5000_sales_records: 
          insert into "dbt_dev"."dbo_dbo"."5000_sales_records" (region, country, item_type, sales_channel, order_priority, order_date, order_id, ship_date, units_sold, unit_price, unit_cost, total_revenue, total_cost, total_profit) values (?, ?, ?, ?, ?, ?, ?, ?, ?, ?, ?, ?, ?, ?), (?, ?, ?, ?, ?, ?, ?, ?, ?, ?, ?, ?, ?, ?), (?, ?, ?, ?, ?, ?, ?, ?, ?, ?, ?, ?, ?, ?), (?, ?, ?, ?, ?, ?, ?, ?, ?, ?, ?, ?, ?, ?), (?, ?, ?, ?, ?, ?, ?, ?, ?, ?, ?, ?, ?, ?), (?, ?, ?, ?, ?, ?, ?, ?, ?, ?, ?, ?, ?, ?), (?, ?, ?...
[0m13:55:55.901630 [debug] [Thread-1 (]: SQL status: OK in 0.000 seconds
[0m13:55:56.052236 [debug] [Thread-1 (]: Using sqlserver connection "seed.my_dbt_project.5000_sales_records"
[0m13:55:56.052651 [debug] [Thread-1 (]: On seed.my_dbt_project.5000_sales_records: 
          insert into "dbt_dev"."dbo_dbo"."5000_sales_records" (region, country, item_type, sales_channel, order_priority, order_date, order_id, ship_date, units_sold, unit_price, unit_cost, total_revenue, total_cost, total_profit) values (?, ?, ?, ?, ?, ?, ?, ?, ?, ?, ?, ?, ?, ?), (?, ?, ?, ?, ?, ?, ?, ?, ?, ?, ?, ?, ?, ?), (?, ?, ?, ?, ?, ?, ?, ?, ?, ?, ?, ?, ?, ?), (?, ?, ?, ?, ?, ?, ?, ?, ?, ?, ?, ?, ?, ?), (?, ?, ?, ?, ?, ?, ?, ?, ?, ?, ?, ?, ?, ?), (?, ?, ?, ?, ?, ?, ?, ?, ?, ?, ?, ?, ?, ?), (?, ?, ?...
[0m13:55:56.123734 [debug] [Thread-1 (]: SQL status: OK in 0.000 seconds
[0m13:55:56.272273 [debug] [Thread-1 (]: Using sqlserver connection "seed.my_dbt_project.5000_sales_records"
[0m13:55:56.272682 [debug] [Thread-1 (]: On seed.my_dbt_project.5000_sales_records: 
          insert into "dbt_dev"."dbo_dbo"."5000_sales_records" (region, country, item_type, sales_channel, order_priority, order_date, order_id, ship_date, units_sold, unit_price, unit_cost, total_revenue, total_cost, total_profit) values (?, ?, ?, ?, ?, ?, ?, ?, ?, ?, ?, ?, ?, ?), (?, ?, ?, ?, ?, ?, ?, ?, ?, ?, ?, ?, ?, ?), (?, ?, ?, ?, ?, ?, ?, ?, ?, ?, ?, ?, ?, ?), (?, ?, ?, ?, ?, ?, ?, ?, ?, ?, ?, ?, ?, ?), (?, ?, ?, ?, ?, ?, ?, ?, ?, ?, ?, ?, ?, ?), (?, ?, ?, ?, ?, ?, ?, ?, ?, ?, ?, ?, ?, ?), (?, ?, ?...
[0m13:55:56.342919 [debug] [Thread-1 (]: SQL status: OK in 0.000 seconds
[0m13:55:56.491617 [debug] [Thread-1 (]: Using sqlserver connection "seed.my_dbt_project.5000_sales_records"
[0m13:55:56.492015 [debug] [Thread-1 (]: On seed.my_dbt_project.5000_sales_records: 
          insert into "dbt_dev"."dbo_dbo"."5000_sales_records" (region, country, item_type, sales_channel, order_priority, order_date, order_id, ship_date, units_sold, unit_price, unit_cost, total_revenue, total_cost, total_profit) values (?, ?, ?, ?, ?, ?, ?, ?, ?, ?, ?, ?, ?, ?), (?, ?, ?, ?, ?, ?, ?, ?, ?, ?, ?, ?, ?, ?), (?, ?, ?, ?, ?, ?, ?, ?, ?, ?, ?, ?, ?, ?), (?, ?, ?, ?, ?, ?, ?, ?, ?, ?, ?, ?, ?, ?), (?, ?, ?, ?, ?, ?, ?, ?, ?, ?, ?, ?, ?, ?), (?, ?, ?, ?, ?, ?, ?, ?, ?, ?, ?, ?, ?, ?), (?, ?, ?...
[0m13:55:56.562666 [debug] [Thread-1 (]: SQL status: OK in 0.000 seconds
[0m13:55:56.646245 [debug] [Thread-1 (]: Using sqlserver connection "seed.my_dbt_project.5000_sales_records"
[0m13:55:56.646640 [debug] [Thread-1 (]: On seed.my_dbt_project.5000_sales_records: 
          insert into "dbt_dev"."dbo_dbo"."5000_sales_records" (region, country, item_type, sales_channel, order_priority, order_date, order_id, ship_date, units_sold, unit_price, unit_cost, total_revenue, total_cost, total_profit) values (?, ?, ?, ?, ?, ?, ?, ?, ?, ?, ?, ?, ?, ?), (?, ?, ?, ?, ?, ?, ?, ?, ?, ?, ?, ?, ?, ?), (?, ?, ?, ?, ?, ?, ?, ?, ?, ?, ?, ?, ?, ?), (?, ?, ?, ?, ?, ?, ?, ?, ?, ?, ?, ?, ?, ?), (?, ?, ?, ?, ?, ?, ?, ?, ?, ?, ?, ?, ?, ?), (?, ?, ?, ?, ?, ?, ?, ?, ?, ?, ?, ?, ?, ?), (?, ?, ?...
[0m13:55:56.679550 [debug] [Thread-1 (]: SQL status: OK in 0.000 seconds
[0m13:55:56.684902 [debug] [Thread-1 (]: Writing runtime SQL for node "seed.my_dbt_project.5000_sales_records"
[0m13:55:56.706183 [debug] [Thread-1 (]: On seed.my_dbt_project.5000_sales_records: COMMIT
[0m13:55:56.706541 [debug] [Thread-1 (]: Using sqlserver connection "seed.my_dbt_project.5000_sales_records"
[0m13:55:56.706796 [debug] [Thread-1 (]: On seed.my_dbt_project.5000_sales_records: IF @@TRANCOUNT > 0 COMMIT TRANSACTION
[0m13:55:56.707829 [debug] [Thread-1 (]: SQL status: OK in 0.000 seconds
[0m13:55:56.709252 [debug] [Thread-1 (]: On seed.my_dbt_project.5000_sales_records: Close
[0m13:55:56.710726 [debug] [Thread-1 (]: Sending event: {'category': 'dbt', 'action': 'run_model', 'label': 'e20e1f58-c8c9-49ad-a63e-1617bc1de131', 'context': [<snowplow_tracker.self_describing_json.SelfDescribingJson object at 0x000001C781E6C680>]}
[0m13:55:56.711139 [info ] [Thread-1 (]: 1 of 1 OK loaded seed file dbo_dbo.5000_sales_records .......................... [[32mINSERT 5000[0m in 7.91s]
[0m13:55:56.711833 [debug] [Thread-1 (]: Finished running node seed.my_dbt_project.5000_sales_records
[0m13:55:56.713169 [debug] [MainThread]: Using sqlserver connection "master"
[0m13:55:56.713418 [debug] [MainThread]: On master: BEGIN TRANSACTION
[0m13:55:56.713649 [debug] [MainThread]: Opening a new connection, currently in state closed
[0m13:55:56.714054 [debug] [MainThread]: sqlserver adapter: Using connection string: DRIVER={ODBC Driver 18 for SQL Server};SERVER=localhost,1433;Database=dbt_dev;UID=***;PWD=***;encrypt=No;TrustServerCertificate=Yes;APP=dbt-sqlserver/1.12.0;Pooling=true;SQL_ATTR_TRACE=SQL_OPT_TRACE_OFF;ConnectRetryCount=3;ConnectRetryInterval=10
[0m13:55:56.714377 [debug] [MainThread]: sqlserver adapter: Connected to db: dbt_dev
[0m13:55:56.715385 [debug] [MainThread]: SQL status: OK in 0.000 seconds
[0m13:55:56.715884 [debug] [MainThread]: On master: COMMIT
[0m13:55:56.716268 [debug] [MainThread]: Using sqlserver connection "master"
[0m13:55:56.716456 [debug] [MainThread]: On master: IF @@TRANCOUNT > 0 COMMIT TRANSACTION
[0m13:55:56.716877 [debug] [MainThread]: SQL status: OK in 0.000 seconds
[0m13:55:56.717209 [debug] [MainThread]: On master: Close
[0m13:55:56.717565 [debug] [MainThread]: Connection 'master' was properly closed.
[0m13:55:56.717821 [debug] [MainThread]: Connection 'create_dbt_dev_dbo_dbo' was properly closed.
[0m13:55:56.718045 [debug] [MainThread]: Connection 'list_dbt_dev_dbo' was properly closed.
[0m13:55:56.718221 [debug] [MainThread]: Connection 'seed.my_dbt_project.5000_sales_records' was properly closed.
[0m13:55:56.718427 [info ] [MainThread]: 
[0m13:55:56.718821 [info ] [MainThread]: Finished running 1 seed in 0 hours 0 minutes and 8.24 seconds (8.24s).
[0m13:55:56.719818 [debug] [MainThread]: Command end result
[0m13:55:56.750888 [debug] [MainThread]: Wrote artifact WritableManifest to C:\Users\nicjc\my_dbt_project\target\manifest.json
[0m13:55:56.754013 [debug] [MainThread]: Wrote artifact SemanticManifest to C:\Users\nicjc\my_dbt_project\target\semantic_manifest.json
[0m13:55:56.757117 [debug] [MainThread]: Wrote artifact OsiDocument to C:\Users\nicjc\my_dbt_project\target\osi_document.json
[0m13:55:56.762956 [debug] [MainThread]: Wrote artifact RunExecutionResult to C:\Users\nicjc\my_dbt_project\target\run_results.json
[0m13:55:56.763191 [info ] [MainThread]: 
[0m13:55:56.763878 [info ] [MainThread]: [32mCompleted successfully[0m
[0m13:55:56.764257 [info ] [MainThread]: 
[0m13:55:56.764585 [info ] [MainThread]: Done. PASS=1 WARN=0 ERROR=0 SKIP=0 NO-OP=0 REUSED=0 TOTAL=1
[0m13:55:56.765472 [debug] [MainThread]: Command `dbt seed` succeeded at 13:55:56.765383 after 10.66 seconds
[0m13:55:56.765788 [debug] [MainThread]: Sending event: {'category': 'dbt', 'action': 'invocation', 'label': 'end', 'context': [<snowplow_tracker.self_describing_json.SelfDescribingJson object at 0x000001C7853BD590>, <snowplow_tracker.self_describing_json.SelfDescribingJson object at 0x000001C784C70560>, <snowplow_tracker.self_describing_json.SelfDescribingJson object at 0x000001C78535F350>]}
[0m13:55:56.766098 [debug] [MainThread]: Flushing usage events
[0m13:55:58.326123 [debug] [MainThread]: An error was encountered while trying to flush usage events
[0m13:56:19.279013 [debug] [MainThread]: Sending event: {'category': 'dbt', 'action': 'invocation', 'label': 'start', 'context': [<snowplow_tracker.self_describing_json.SelfDescribingJson object at 0x0000013EAFFF1D30>, <snowplow_tracker.self_describing_json.SelfDescribingJson object at 0x0000013EADB9CB90>, <snowplow_tracker.self_describing_json.SelfDescribingJson object at 0x0000013EB29AB890>]}


============================== 13:56:19.282263 | f33e03ff-d053-4703-b93d-7d53771c7290 ==============================
[0m13:56:19.282263 [info ] [MainThread]: Running with dbt=1.12.5
[0m13:56:19.282749 [debug] [MainThread]: running dbt with arguments {'maximum_seed_size_mib': '1', 'no_print': 'None', 'version_check': 'True', 'warn_error_options': 'WarnErrorOptionsV2(error=[], warn=[], silence=[])', 'static_parser': 'True', 'target_path': 'None', 'printer_width': '80', 'write_json': 'True', 'empty': 'False', 'log_cache_events': 'False', 'introspect': 'True', 'cache_selected_only': 'False', 'fail_fast': 'False', 'debug': 'False', 'log_format': 'default', 'profiles_dir': 'C:\\Users\\nicjc\\.dbt', 'send_anonymous_usage_stats': 'True', 'quiet': 'False', 'warn_error': 'None', 'partial_parse': 'True', 'indirect_selection': 'eager', 'hints_enabled': 'True', 'use_colors': 'True', 'use_experimental_parser': 'False', 'invocation_command': 'dbt run --select stg_sales', 'log_path': 'C:\\Users\\nicjc\\my_dbt_project\\logs'}
[0m13:56:19.486982 [debug] [MainThread]: Sending event: {'category': 'dbt', 'action': 'project_id', 'label': 'f33e03ff-d053-4703-b93d-7d53771c7290', 'context': [<snowplow_tracker.self_describing_json.SelfDescribingJson object at 0x0000013EB2A4FE10>]}
[0m13:56:19.550998 [debug] [MainThread]: Sending event: {'category': 'dbt', 'action': 'adapter_info', 'label': 'f33e03ff-d053-4703-b93d-7d53771c7290', 'context': [<snowplow_tracker.self_describing_json.SelfDescribingJson object at 0x0000013EB2F23AC0>]}
[0m13:56:19.552077 [info ] [MainThread]: Registered adapter: sqlserver=1.12.0
[0m13:56:19.766055 [debug] [MainThread]: checksum: 84e6854b018826ad904eca26f98d7d902f51ac360469f424a309c73808fc198c, vars: {}, profile: sqlserver_profile, target: dev, version: 1.12.5
[0m13:56:19.899063 [debug] [MainThread]: Partial parsing enabled: 0 files deleted, 0 files added, 0 files changed.
[0m13:56:19.899421 [debug] [MainThread]: Nothing changed, skipping partial parsing.
[0m13:56:19.899627 [debug] [MainThread]: Partial parsing enabled, no changes found, skipping parsing
[0m13:56:19.907837 [debug] [MainThread]: Sending event: {'category': 'dbt', 'action': 'load_project', 'label': 'f33e03ff-d053-4703-b93d-7d53771c7290', 'context': [<snowplow_tracker.self_describing_json.SelfDescribingJson object at 0x0000013EB348D250>]}
[0m13:56:20.020224 [debug] [MainThread]: Wrote artifact WritableManifest to C:\Users\nicjc\my_dbt_project\target\manifest.json
[0m13:56:20.023188 [debug] [MainThread]: Wrote artifact SemanticManifest to C:\Users\nicjc\my_dbt_project\target\semantic_manifest.json
[0m13:56:20.039674 [debug] [MainThread]: Wrote artifact OsiDocument to C:\Users\nicjc\my_dbt_project\target\osi_document.json
[0m13:56:20.048006 [debug] [MainThread]: Sending event: {'category': 'dbt', 'action': 'resource_counts', 'label': 'f33e03ff-d053-4703-b93d-7d53771c7290', 'context': [<snowplow_tracker.self_describing_json.SelfDescribingJson object at 0x0000013EB3579A90>]}
[0m13:56:20.048372 [info ] [MainThread]: Found 3 models, 1 seed, 6 data tests, 579 macros
[0m13:56:20.048795 [debug] [MainThread]: Sending event: {'category': 'dbt', 'action': 'runnable_timing', 'label': 'f33e03ff-d053-4703-b93d-7d53771c7290', 'context': [<snowplow_tracker.self_describing_json.SelfDescribingJson object at 0x0000013EB35BEA50>]}
[0m13:56:20.050382 [info ] [MainThread]: 
[0m13:56:20.050756 [info ] [MainThread]: Concurrency: 1 threads (target='dev')
[0m13:56:20.051116 [info ] [MainThread]: 
[0m13:56:20.051614 [debug] [MainThread]: Acquiring new sqlserver connection 'master'
[0m13:56:20.052456 [debug] [ThreadPool]: Acquiring new sqlserver connection 'list_dbt_dev'
[0m13:56:20.074856 [debug] [ThreadPool]: dbt-sqlserver
[0m13:56:20.077184 [debug] [ThreadPool]: Using sqlserver connection "list_dbt_dev"
[0m13:56:20.077454 [debug] [ThreadPool]: On list_dbt_dev: /* {"app": "dbt", "dbt_version": "1.12.5", "profile_name": "sqlserver_profile", "target_name": "dev", "connection_name": "list_dbt_dev"} */
USE "dbt_dev";
    select  name as [schema]
    from sys.schemas with (nolock) 
    OPTION (LABEL = 'dbt-sqlserver');

  
[0m13:56:20.077676 [debug] [ThreadPool]: Opening a new connection, currently in state init
[0m13:56:20.080664 [debug] [ThreadPool]: sqlserver adapter: Using connection string: DRIVER={ODBC Driver 18 for SQL Server};SERVER=localhost,1433;Database=dbt_dev;UID=***;PWD=***;encrypt=No;TrustServerCertificate=Yes;APP=dbt-sqlserver/1.12.0;Pooling=true;SQL_ATTR_TRACE=SQL_OPT_TRACE_OFF;ConnectRetryCount=3;ConnectRetryInterval=10
[0m13:56:20.218376 [debug] [ThreadPool]: sqlserver adapter: Connected to db: dbt_dev
[0m13:56:20.222373 [debug] [ThreadPool]: SQL status: OK in 0.000 seconds
[0m13:56:20.224119 [debug] [ThreadPool]: On list_dbt_dev: Close
[0m13:56:20.229145 [debug] [ThreadPool]: Acquiring new sqlserver connection 'list_dbt_dev_dbo_dbo'
[0m13:56:20.233478 [debug] [ThreadPool]: dbt-sqlserver
[0m13:56:20.233886 [debug] [ThreadPool]: Using sqlserver connection "list_dbt_dev_dbo_dbo"
[0m13:56:20.234105 [debug] [ThreadPool]: On list_dbt_dev_dbo_dbo: BEGIN TRANSACTION
[0m13:56:20.234324 [debug] [ThreadPool]: Opening a new connection, currently in state init
[0m13:56:20.234662 [debug] [ThreadPool]: sqlserver adapter: Using connection string: DRIVER={ODBC Driver 18 for SQL Server};SERVER=localhost,1433;Database=dbt_dev;UID=***;PWD=***;encrypt=No;TrustServerCertificate=Yes;APP=dbt-sqlserver/1.12.0;Pooling=true;SQL_ATTR_TRACE=SQL_OPT_TRACE_OFF;ConnectRetryCount=3;ConnectRetryInterval=10
[0m13:56:20.234965 [debug] [ThreadPool]: sqlserver adapter: Connected to db: dbt_dev
[0m13:56:20.236035 [debug] [ThreadPool]: SQL status: OK in 0.000 seconds
[0m13:56:20.236619 [debug] [ThreadPool]: Using sqlserver connection "list_dbt_dev_dbo_dbo"
[0m13:56:20.236970 [debug] [ThreadPool]: On list_dbt_dev_dbo_dbo: /* {"app": "dbt", "dbt_version": "1.12.5", "profile_name": "sqlserver_profile", "target_name": "dev", "connection_name": "list_dbt_dev_dbo_dbo"} */
USE "dbt_dev";
    declare @schema_id int = schema_id('dbo_dbo');
    select
      DB_NAME() as [database],
      t.name as [name],
      'dbo_dbo' as [schema],
      'table' as table_type
    from sys.tables as t with (nolock)
    where t.schema_id = @schema_id
    union all
    select
      DB_NAME() as [database],
      v.name as [name],
      'dbo_dbo' as [schema],
      'view' as table_type
    from sys.views as v with (nolock)
    where v.schema_id = @schema_id
    
    OPTION (LABEL = 'dbt-sqlserver');

  
[0m13:56:20.264857 [debug] [ThreadPool]: SQL status: OK in 0.000 seconds
[0m13:56:20.266099 [debug] [ThreadPool]: On list_dbt_dev_dbo_dbo: ROLLBACK
[0m13:56:20.266678 [debug] [ThreadPool]: On list_dbt_dev_dbo_dbo: Close
[0m13:56:20.267576 [debug] [ThreadPool]: Re-using an available connection from the pool (formerly list_dbt_dev_dbo_dbo, now list_dbt_dev_dbo)
[0m13:56:20.269301 [debug] [ThreadPool]: dbt-sqlserver
[0m13:56:20.269685 [debug] [ThreadPool]: Using sqlserver connection "list_dbt_dev_dbo"
[0m13:56:20.269894 [debug] [ThreadPool]: On list_dbt_dev_dbo: BEGIN TRANSACTION
[0m13:56:20.270150 [debug] [ThreadPool]: Opening a new connection, currently in state closed
[0m13:56:20.270456 [debug] [ThreadPool]: sqlserver adapter: Using connection string: DRIVER={ODBC Driver 18 for SQL Server};SERVER=localhost,1433;Database=dbt_dev;UID=***;PWD=***;encrypt=No;TrustServerCertificate=Yes;APP=dbt-sqlserver/1.12.0;Pooling=true;SQL_ATTR_TRACE=SQL_OPT_TRACE_OFF;ConnectRetryCount=3;ConnectRetryInterval=10
[0m13:56:20.270740 [debug] [ThreadPool]: sqlserver adapter: Connected to db: dbt_dev
[0m13:56:20.271308 [debug] [ThreadPool]: SQL status: OK in 0.000 seconds
[0m13:56:20.271541 [debug] [ThreadPool]: Using sqlserver connection "list_dbt_dev_dbo"
[0m13:56:20.271757 [debug] [ThreadPool]: On list_dbt_dev_dbo: /* {"app": "dbt", "dbt_version": "1.12.5", "profile_name": "sqlserver_profile", "target_name": "dev", "connection_name": "list_dbt_dev_dbo"} */
USE "dbt_dev";
    declare @schema_id int = schema_id('dbo');
    select
      DB_NAME() as [database],
      t.name as [name],
      'dbo' as [schema],
      'table' as table_type
    from sys.tables as t with (nolock)
    where t.schema_id = @schema_id
    union all
    select
      DB_NAME() as [database],
      v.name as [name],
      'dbo' as [schema],
      'view' as table_type
    from sys.views as v with (nolock)
    where v.schema_id = @schema_id
    
    OPTION (LABEL = 'dbt-sqlserver');

  
[0m13:56:20.294641 [debug] [ThreadPool]: SQL status: OK in 0.000 seconds
[0m13:56:20.295923 [debug] [ThreadPool]: On list_dbt_dev_dbo: ROLLBACK
[0m13:56:20.296410 [debug] [ThreadPool]: On list_dbt_dev_dbo: Close
[0m13:56:20.297934 [debug] [MainThread]: Sending event: {'category': 'dbt', 'action': 'runnable_timing', 'label': 'f33e03ff-d053-4703-b93d-7d53771c7290', 'context': [<snowplow_tracker.self_describing_json.SelfDescribingJson object at 0x0000013EB35D69C0>]}
[0m13:56:20.298330 [debug] [MainThread]: Using sqlserver connection "master"
[0m13:56:20.298555 [debug] [MainThread]: On master: BEGIN TRANSACTION
[0m13:56:20.298762 [debug] [MainThread]: Opening a new connection, currently in state init
[0m13:56:20.299052 [debug] [MainThread]: sqlserver adapter: Using connection string: DRIVER={ODBC Driver 18 for SQL Server};SERVER=localhost,1433;Database=dbt_dev;UID=***;PWD=***;encrypt=No;TrustServerCertificate=Yes;APP=dbt-sqlserver/1.12.0;Pooling=true;SQL_ATTR_TRACE=SQL_OPT_TRACE_OFF;ConnectRetryCount=3;ConnectRetryInterval=10
[0m13:56:20.299327 [debug] [MainThread]: sqlserver adapter: Connected to db: dbt_dev
[0m13:56:20.299912 [debug] [MainThread]: SQL status: OK in 0.000 seconds
[0m13:56:20.300150 [debug] [MainThread]: On master: COMMIT
[0m13:56:20.300359 [debug] [MainThread]: Using sqlserver connection "master"
[0m13:56:20.300553 [debug] [MainThread]: On master: IF @@TRANCOUNT > 0 COMMIT TRANSACTION
[0m13:56:20.301013 [debug] [MainThread]: SQL status: OK in 0.000 seconds
[0m13:56:20.301251 [debug] [MainThread]: On master: Close
[0m13:56:20.303954 [debug] [Thread-1 (]: Began running node model.my_dbt_project.stg_sales
[0m13:56:20.304430 [info ] [Thread-1 (]: 1 of 1 START sql view model dbo.stg_sales ...................................... [RUN]
[0m13:56:20.304981 [debug] [Thread-1 (]: Acquiring new sqlserver connection 'model.my_dbt_project.stg_sales'
[0m13:56:20.305319 [debug] [Thread-1 (]: Began compiling node model.my_dbt_project.stg_sales
[0m13:56:20.310856 [debug] [Thread-1 (]: Writing injected SQL for node "model.my_dbt_project.stg_sales"
[0m13:56:20.312319 [debug] [Thread-1 (]: Began executing node model.my_dbt_project.stg_sales
[0m13:56:20.350288 [debug] [Thread-1 (]: Writing runtime sql for node "model.my_dbt_project.stg_sales"
[0m13:56:20.352099 [debug] [Thread-1 (]: Using sqlserver connection "model.my_dbt_project.stg_sales"
[0m13:56:20.352409 [debug] [Thread-1 (]: On model.my_dbt_project.stg_sales: BEGIN TRANSACTION
[0m13:56:20.352653 [debug] [Thread-1 (]: Opening a new connection, currently in state init
[0m13:56:20.353000 [debug] [Thread-1 (]: sqlserver adapter: Using connection string: DRIVER={ODBC Driver 18 for SQL Server};SERVER=localhost,1433;Database=dbt_dev;UID=***;PWD=***;encrypt=No;TrustServerCertificate=Yes;APP=dbt-sqlserver/1.12.0;Pooling=true;SQL_ATTR_TRACE=SQL_OPT_TRACE_OFF;ConnectRetryCount=3;ConnectRetryInterval=10
[0m13:56:20.449007 [debug] [Thread-1 (]: sqlserver adapter: Connected to db: dbt_dev
[0m13:56:20.450525 [debug] [Thread-1 (]: SQL status: OK in 0.000 seconds
[0m13:56:20.450810 [debug] [Thread-1 (]: Using sqlserver connection "model.my_dbt_project.stg_sales"
[0m13:56:20.451068 [debug] [Thread-1 (]: On model.my_dbt_project.stg_sales: /* {"app": "dbt", "dbt_version": "1.12.5", "profile_name": "sqlserver_profile", "target_name": "dev", "node_id": "model.my_dbt_project.stg_sales"} */
USE "dbt_dev";
    
    

    

    USE "dbt_dev";
    EXEC('
        CREATE OR ALTER VIEW "dbo"."stg_sales" AS 

select
    region,
    country,
    item_type,
    sales_channel,
    order_priority,
    order_date,
    order_id,
    ship_date,
    units_sold,
    unit_price,
    unit_cost,
    total_revenue,
    total_cost,
    total_profit
from "dbt_dev"."dbo_dbo"."5000_sales_records";
    ')


[0m13:56:20.458372 [debug] [Thread-1 (]: SQL status: OK in 0.000 seconds
[0m13:56:20.478970 [debug] [Thread-1 (]: On model.my_dbt_project.stg_sales: COMMIT
[0m13:56:20.479294 [debug] [Thread-1 (]: Using sqlserver connection "model.my_dbt_project.stg_sales"
[0m13:56:20.479541 [debug] [Thread-1 (]: On model.my_dbt_project.stg_sales: IF @@TRANCOUNT > 0 COMMIT TRANSACTION
[0m13:56:20.483579 [debug] [Thread-1 (]: SQL status: OK in 0.000 seconds
[0m13:56:20.488149 [debug] [Thread-1 (]: Applying DROP to: "dbt_dev"."dbo"."stg_sales__dbt_backup"
[0m13:56:20.493976 [debug] [Thread-1 (]: dbt-sqlserver
[0m13:56:20.494516 [debug] [Thread-1 (]: Using sqlserver connection "model.my_dbt_project.stg_sales"
[0m13:56:20.494800 [debug] [Thread-1 (]: On model.my_dbt_project.stg_sales: /* {"app": "dbt", "dbt_version": "1.12.5", "profile_name": "sqlserver_profile", "target_name": "dev", "node_id": "model.my_dbt_project.stg_sales"} */

        USE "dbt_dev";
        select
            sch.name as schema_name,
            obj.name as view_name
        from sys.sql_expression_dependencies refs with (nolock)
        inner join sys.objects obj with (nolock)
        on refs.referencing_id = obj.object_id
        inner join sys.schemas sch with (nolock)
        on obj.schema_id = sch.schema_id
        where refs.referenced_database_name = 'dbt_dev'
        and refs.referenced_schema_name = 'dbo'
        and refs.referenced_entity_name = 'stg_sales__dbt_backup'
        and obj.type = 'V'
        
    OPTION (LABEL = 'dbt-sqlserver');

      
[0m13:56:20.514825 [debug] [Thread-1 (]: SQL status: OK in 0.000 seconds
[0m13:56:20.516159 [debug] [Thread-1 (]: Using sqlserver connection "model.my_dbt_project.stg_sales"
[0m13:56:20.516434 [debug] [Thread-1 (]: On model.my_dbt_project.stg_sales: /* {"app": "dbt", "dbt_version": "1.12.5", "profile_name": "sqlserver_profile", "target_name": "dev", "node_id": "model.my_dbt_project.stg_sales"} */

      
      
    
    USE "dbt_dev";
    EXEC('DROP view IF EXISTS "dbo"."stg_sales__dbt_backup";');

[0m13:56:20.517176 [debug] [Thread-1 (]: SQL status: OK in 0.000 seconds
[0m13:56:20.519102 [debug] [Thread-1 (]: On model.my_dbt_project.stg_sales: Close
[0m13:56:20.520598 [debug] [Thread-1 (]: Sending event: {'category': 'dbt', 'action': 'run_model', 'label': 'f33e03ff-d053-4703-b93d-7d53771c7290', 'context': [<snowplow_tracker.self_describing_json.SelfDescribingJson object at 0x0000013EB3619250>]}
[0m13:56:20.521087 [info ] [Thread-1 (]: 1 of 1 OK created sql view model dbo.stg_sales ................................. [[32mOK[0m in 0.21s]
[0m13:56:20.521770 [debug] [Thread-1 (]: Finished running node model.my_dbt_project.stg_sales
[0m13:56:20.523108 [debug] [MainThread]: Using sqlserver connection "master"
[0m13:56:20.523374 [debug] [MainThread]: On master: BEGIN TRANSACTION
[0m13:56:20.523611 [debug] [MainThread]: Opening a new connection, currently in state closed
[0m13:56:20.524015 [debug] [MainThread]: sqlserver adapter: Using connection string: DRIVER={ODBC Driver 18 for SQL Server};SERVER=localhost,1433;Database=dbt_dev;UID=***;PWD=***;encrypt=No;TrustServerCertificate=Yes;APP=dbt-sqlserver/1.12.0;Pooling=true;SQL_ATTR_TRACE=SQL_OPT_TRACE_OFF;ConnectRetryCount=3;ConnectRetryInterval=10
[0m13:56:20.524356 [debug] [MainThread]: sqlserver adapter: Connected to db: dbt_dev
[0m13:56:20.524934 [debug] [MainThread]: SQL status: OK in 0.000 seconds
[0m13:56:20.525161 [debug] [MainThread]: On master: COMMIT
[0m13:56:20.525375 [debug] [MainThread]: Using sqlserver connection "master"
[0m13:56:20.525569 [debug] [MainThread]: On master: IF @@TRANCOUNT > 0 COMMIT TRANSACTION
[0m13:56:20.525890 [debug] [MainThread]: SQL status: OK in 0.000 seconds
[0m13:56:20.526115 [debug] [MainThread]: On master: Close
[0m13:56:20.526387 [debug] [MainThread]: Connection 'master' was properly closed.
[0m13:56:20.526580 [debug] [MainThread]: Connection 'list_dbt_dev' was properly closed.
[0m13:56:20.526756 [debug] [MainThread]: Connection 'list_dbt_dev_dbo' was properly closed.
[0m13:56:20.526927 [debug] [MainThread]: Connection 'model.my_dbt_project.stg_sales' was properly closed.
[0m13:56:20.527131 [info ] [MainThread]: 
[0m13:56:20.527416 [info ] [MainThread]: Finished running 1 view model in 0 hours 0 minutes and 0.48 seconds (0.48s).
[0m13:56:20.527974 [debug] [MainThread]: Command end result
[0m13:56:20.557795 [debug] [MainThread]: Wrote artifact WritableManifest to C:\Users\nicjc\my_dbt_project\target\manifest.json
[0m13:56:20.560731 [debug] [MainThread]: Wrote artifact SemanticManifest to C:\Users\nicjc\my_dbt_project\target\semantic_manifest.json
[0m13:56:20.563584 [debug] [MainThread]: Wrote artifact OsiDocument to C:\Users\nicjc\my_dbt_project\target\osi_document.json
[0m13:56:20.569263 [debug] [MainThread]: Wrote artifact RunExecutionResult to C:\Users\nicjc\my_dbt_project\target\run_results.json
[0m13:56:20.569490 [info ] [MainThread]: 
[0m13:56:20.569933 [info ] [MainThread]: [32mCompleted successfully[0m
[0m13:56:20.570335 [info ] [MainThread]: 
[0m13:56:20.570659 [info ] [MainThread]: Done. PASS=1 WARN=0 ERROR=0 SKIP=0 NO-OP=0 REUSED=0 TOTAL=1
[0m13:56:20.571431 [debug] [MainThread]: Command `dbt run` succeeded at 13:56:20.571344 after 1.41 seconds
[0m13:56:20.571723 [debug] [MainThread]: Sending event: {'category': 'dbt', 'action': 'invocation', 'label': 'end', 'context': [<snowplow_tracker.self_describing_json.SelfDescribingJson object at 0x0000013EB363E410>, <snowplow_tracker.self_describing_json.SelfDescribingJson object at 0x0000013EAC759450>, <snowplow_tracker.self_describing_json.SelfDescribingJson object at 0x0000013EB35EB390>]}
[0m13:56:20.572003 [debug] [MainThread]: Flushing usage events
[0m13:56:21.778629 [debug] [MainThread]: An error was encountered while trying to flush usage events
[0m13:56:37.256213 [debug] [MainThread]: Sending event: {'category': 'dbt', 'action': 'invocation', 'label': 'start', 'context': [<snowplow_tracker.self_describing_json.SelfDescribingJson object at 0x0000013DD75B1D30>, <snowplow_tracker.self_describing_json.SelfDescribingJson object at 0x0000013DD515CB90>, <snowplow_tracker.self_describing_json.SelfDescribingJson object at 0x0000013DD9F6B890>]}


============================== 13:56:37.259614 | 2275d4bf-18e9-47ae-be7e-d2b0a564c6ad ==============================
[0m13:56:37.259614 [info ] [MainThread]: Running with dbt=1.12.5
[0m13:56:37.260212 [debug] [MainThread]: running dbt with arguments {'static_parser': 'True', 'no_print': 'None', 'version_check': 'True', 'warn_error_options': 'WarnErrorOptionsV2(error=[], warn=[], silence=[])', 'target_path': 'None', 'maximum_seed_size_mib': '1', 'printer_width': '80', 'write_json': 'True', 'introspect': 'True', 'log_cache_events': 'False', 'empty': 'False', 'cache_selected_only': 'False', 'fail_fast': 'False', 'debug': 'False', 'log_format': 'default', 'partial_parse': 'True', 'send_anonymous_usage_stats': 'True', 'quiet': 'False', 'warn_error': 'None', 'profiles_dir': 'C:\\Users\\nicjc\\.dbt', 'indirect_selection': 'eager', 'hints_enabled': 'True', 'use_colors': 'True', 'use_experimental_parser': 'False', 'invocation_command': 'dbt run --select dim_geography', 'log_path': 'C:\\Users\\nicjc\\my_dbt_project\\logs'}
[0m13:56:37.464784 [debug] [MainThread]: Sending event: {'category': 'dbt', 'action': 'project_id', 'label': '2275d4bf-18e9-47ae-be7e-d2b0a564c6ad', 'context': [<snowplow_tracker.self_describing_json.SelfDescribingJson object at 0x0000013DDA00FE10>]}
[0m13:56:37.524190 [debug] [MainThread]: Sending event: {'category': 'dbt', 'action': 'adapter_info', 'label': '2275d4bf-18e9-47ae-be7e-d2b0a564c6ad', 'context': [<snowplow_tracker.self_describing_json.SelfDescribingJson object at 0x0000013DDA4B3AC0>]}
[0m13:56:37.524947 [info ] [MainThread]: Registered adapter: sqlserver=1.12.0
[0m13:56:37.737592 [debug] [MainThread]: checksum: 84e6854b018826ad904eca26f98d7d902f51ac360469f424a309c73808fc198c, vars: {}, profile: sqlserver_profile, target: dev, version: 1.12.5
[0m13:56:37.869351 [debug] [MainThread]: Partial parsing enabled: 0 files deleted, 0 files added, 0 files changed.
[0m13:56:37.869690 [debug] [MainThread]: Nothing changed, skipping partial parsing.
[0m13:56:37.869907 [debug] [MainThread]: Partial parsing enabled, no changes found, skipping parsing
[0m13:56:37.878291 [debug] [MainThread]: Sending event: {'category': 'dbt', 'action': 'load_project', 'label': '2275d4bf-18e9-47ae-be7e-d2b0a564c6ad', 'context': [<snowplow_tracker.self_describing_json.SelfDescribingJson object at 0x0000013DDAA5D250>]}
[0m13:56:37.991815 [debug] [MainThread]: Wrote artifact WritableManifest to C:\Users\nicjc\my_dbt_project\target\manifest.json
[0m13:56:37.995083 [debug] [MainThread]: Wrote artifact SemanticManifest to C:\Users\nicjc\my_dbt_project\target\semantic_manifest.json
[0m13:56:38.011243 [debug] [MainThread]: Wrote artifact OsiDocument to C:\Users\nicjc\my_dbt_project\target\osi_document.json
[0m13:56:38.019705 [debug] [MainThread]: Sending event: {'category': 'dbt', 'action': 'resource_counts', 'label': '2275d4bf-18e9-47ae-be7e-d2b0a564c6ad', 'context': [<snowplow_tracker.self_describing_json.SelfDescribingJson object at 0x0000013DDAB0DA90>]}
[0m13:56:38.020091 [info ] [MainThread]: Found 3 models, 1 seed, 6 data tests, 579 macros
[0m13:56:38.020468 [debug] [MainThread]: Sending event: {'category': 'dbt', 'action': 'runnable_timing', 'label': '2275d4bf-18e9-47ae-be7e-d2b0a564c6ad', 'context': [<snowplow_tracker.self_describing_json.SelfDescribingJson object at 0x0000013DDAB4EA50>]}
[0m13:56:38.022111 [info ] [MainThread]: 
[0m13:56:38.022539 [info ] [MainThread]: Concurrency: 1 threads (target='dev')
[0m13:56:38.023071 [info ] [MainThread]: 
[0m13:56:38.023791 [debug] [MainThread]: Acquiring new sqlserver connection 'master'
[0m13:56:38.024732 [debug] [ThreadPool]: Acquiring new sqlserver connection 'list_dbt_dev'
[0m13:56:38.048137 [debug] [ThreadPool]: dbt-sqlserver
[0m13:56:38.050307 [debug] [ThreadPool]: Using sqlserver connection "list_dbt_dev"
[0m13:56:38.050584 [debug] [ThreadPool]: On list_dbt_dev: /* {"app": "dbt", "dbt_version": "1.12.5", "profile_name": "sqlserver_profile", "target_name": "dev", "connection_name": "list_dbt_dev"} */
USE "dbt_dev";
    select  name as [schema]
    from sys.schemas with (nolock) 
    OPTION (LABEL = 'dbt-sqlserver');

  
[0m13:56:38.050812 [debug] [ThreadPool]: Opening a new connection, currently in state init
[0m13:56:38.053898 [debug] [ThreadPool]: sqlserver adapter: Using connection string: DRIVER={ODBC Driver 18 for SQL Server};SERVER=localhost,1433;Database=dbt_dev;UID=***;PWD=***;encrypt=No;TrustServerCertificate=Yes;APP=dbt-sqlserver/1.12.0;Pooling=true;SQL_ATTR_TRACE=SQL_OPT_TRACE_OFF;ConnectRetryCount=3;ConnectRetryInterval=10
[0m13:56:38.222473 [debug] [ThreadPool]: sqlserver adapter: Connected to db: dbt_dev
[0m13:56:38.227043 [debug] [ThreadPool]: SQL status: OK in 0.000 seconds
[0m13:56:38.228398 [debug] [ThreadPool]: On list_dbt_dev: Close
[0m13:56:38.233755 [debug] [ThreadPool]: Acquiring new sqlserver connection 'list_dbt_dev_dbo_dbo'
[0m13:56:38.238312 [debug] [ThreadPool]: dbt-sqlserver
[0m13:56:38.238765 [debug] [ThreadPool]: Using sqlserver connection "list_dbt_dev_dbo_dbo"
[0m13:56:38.239001 [debug] [ThreadPool]: On list_dbt_dev_dbo_dbo: BEGIN TRANSACTION
[0m13:56:38.239206 [debug] [ThreadPool]: Opening a new connection, currently in state init
[0m13:56:38.239523 [debug] [ThreadPool]: sqlserver adapter: Using connection string: DRIVER={ODBC Driver 18 for SQL Server};SERVER=localhost,1433;Database=dbt_dev;UID=***;PWD=***;encrypt=No;TrustServerCertificate=Yes;APP=dbt-sqlserver/1.12.0;Pooling=true;SQL_ATTR_TRACE=SQL_OPT_TRACE_OFF;ConnectRetryCount=3;ConnectRetryInterval=10
[0m13:56:38.239830 [debug] [ThreadPool]: sqlserver adapter: Connected to db: dbt_dev
[0m13:56:38.240702 [debug] [ThreadPool]: SQL status: OK in 0.000 seconds
[0m13:56:38.241007 [debug] [ThreadPool]: Using sqlserver connection "list_dbt_dev_dbo_dbo"
[0m13:56:38.241283 [debug] [ThreadPool]: On list_dbt_dev_dbo_dbo: /* {"app": "dbt", "dbt_version": "1.12.5", "profile_name": "sqlserver_profile", "target_name": "dev", "connection_name": "list_dbt_dev_dbo_dbo"} */
USE "dbt_dev";
    declare @schema_id int = schema_id('dbo_dbo');
    select
      DB_NAME() as [database],
      t.name as [name],
      'dbo_dbo' as [schema],
      'table' as table_type
    from sys.tables as t with (nolock)
    where t.schema_id = @schema_id
    union all
    select
      DB_NAME() as [database],
      v.name as [name],
      'dbo_dbo' as [schema],
      'view' as table_type
    from sys.views as v with (nolock)
    where v.schema_id = @schema_id
    
    OPTION (LABEL = 'dbt-sqlserver');

  
[0m13:56:38.279361 [debug] [ThreadPool]: SQL status: OK in 0.000 seconds
[0m13:56:38.280718 [debug] [ThreadPool]: On list_dbt_dev_dbo_dbo: ROLLBACK
[0m13:56:38.281394 [debug] [ThreadPool]: On list_dbt_dev_dbo_dbo: Close
[0m13:56:38.281935 [debug] [ThreadPool]: Re-using an available connection from the pool (formerly list_dbt_dev_dbo_dbo, now list_dbt_dev_dbo)
[0m13:56:38.283435 [debug] [ThreadPool]: dbt-sqlserver
[0m13:56:38.283879 [debug] [ThreadPool]: Using sqlserver connection "list_dbt_dev_dbo"
[0m13:56:38.284096 [debug] [ThreadPool]: On list_dbt_dev_dbo: BEGIN TRANSACTION
[0m13:56:38.284294 [debug] [ThreadPool]: Opening a new connection, currently in state closed
[0m13:56:38.284588 [debug] [ThreadPool]: sqlserver adapter: Using connection string: DRIVER={ODBC Driver 18 for SQL Server};SERVER=localhost,1433;Database=dbt_dev;UID=***;PWD=***;encrypt=No;TrustServerCertificate=Yes;APP=dbt-sqlserver/1.12.0;Pooling=true;SQL_ATTR_TRACE=SQL_OPT_TRACE_OFF;ConnectRetryCount=3;ConnectRetryInterval=10
[0m13:56:38.284878 [debug] [ThreadPool]: sqlserver adapter: Connected to db: dbt_dev
[0m13:56:38.285666 [debug] [ThreadPool]: SQL status: OK in 0.000 seconds
[0m13:56:38.285907 [debug] [ThreadPool]: Using sqlserver connection "list_dbt_dev_dbo"
[0m13:56:38.286128 [debug] [ThreadPool]: On list_dbt_dev_dbo: /* {"app": "dbt", "dbt_version": "1.12.5", "profile_name": "sqlserver_profile", "target_name": "dev", "connection_name": "list_dbt_dev_dbo"} */
USE "dbt_dev";
    declare @schema_id int = schema_id('dbo');
    select
      DB_NAME() as [database],
      t.name as [name],
      'dbo' as [schema],
      'table' as table_type
    from sys.tables as t with (nolock)
    where t.schema_id = @schema_id
    union all
    select
      DB_NAME() as [database],
      v.name as [name],
      'dbo' as [schema],
      'view' as table_type
    from sys.views as v with (nolock)
    where v.schema_id = @schema_id
    
    OPTION (LABEL = 'dbt-sqlserver');

  
[0m13:56:38.319978 [debug] [ThreadPool]: SQL status: OK in 0.000 seconds
[0m13:56:38.321220 [debug] [ThreadPool]: On list_dbt_dev_dbo: ROLLBACK
[0m13:56:38.321684 [debug] [ThreadPool]: On list_dbt_dev_dbo: Close
[0m13:56:38.322787 [debug] [MainThread]: Sending event: {'category': 'dbt', 'action': 'runnable_timing', 'label': '2275d4bf-18e9-47ae-be7e-d2b0a564c6ad', 'context': [<snowplow_tracker.self_describing_json.SelfDescribingJson object at 0x0000013DDAB669C0>]}
[0m13:56:38.323203 [debug] [MainThread]: Using sqlserver connection "master"
[0m13:56:38.323433 [debug] [MainThread]: On master: BEGIN TRANSACTION
[0m13:56:38.323643 [debug] [MainThread]: Opening a new connection, currently in state init
[0m13:56:38.323942 [debug] [MainThread]: sqlserver adapter: Using connection string: DRIVER={ODBC Driver 18 for SQL Server};SERVER=localhost,1433;Database=dbt_dev;UID=***;PWD=***;encrypt=No;TrustServerCertificate=Yes;APP=dbt-sqlserver/1.12.0;Pooling=true;SQL_ATTR_TRACE=SQL_OPT_TRACE_OFF;ConnectRetryCount=3;ConnectRetryInterval=10
[0m13:56:38.324221 [debug] [MainThread]: sqlserver adapter: Connected to db: dbt_dev
[0m13:56:38.324828 [debug] [MainThread]: SQL status: OK in 0.000 seconds
[0m13:56:38.325120 [debug] [MainThread]: On master: COMMIT
[0m13:56:38.325378 [debug] [MainThread]: Using sqlserver connection "master"
[0m13:56:38.325620 [debug] [MainThread]: On master: IF @@TRANCOUNT > 0 COMMIT TRANSACTION
[0m13:56:38.326103 [debug] [MainThread]: SQL status: OK in 0.000 seconds
[0m13:56:38.326327 [debug] [MainThread]: On master: Close
[0m13:56:38.328725 [debug] [Thread-1 (]: Began running node model.my_dbt_project.dim_geography
[0m13:56:38.329122 [info ] [Thread-1 (]: 1 of 1 START sql incremental model dbo.dim_geography ........................... [RUN]
[0m13:56:38.329596 [debug] [Thread-1 (]: Acquiring new sqlserver connection 'model.my_dbt_project.dim_geography'
[0m13:56:38.329885 [debug] [Thread-1 (]: Began compiling node model.my_dbt_project.dim_geography
[0m13:56:38.339269 [debug] [Thread-1 (]: Writing injected SQL for node "model.my_dbt_project.dim_geography"
[0m13:56:38.340642 [debug] [Thread-1 (]: Began executing node model.my_dbt_project.dim_geography
[0m13:56:38.395742 [debug] [Thread-1 (]: Applying DROP to: "dbt_dev"."dbo"."dim_geography__dbt_tmp__dbt_tmp_vw"
[0m13:56:38.401472 [debug] [Thread-1 (]: dbt-sqlserver
[0m13:56:38.401951 [debug] [Thread-1 (]: Using sqlserver connection "model.my_dbt_project.dim_geography"
[0m13:56:38.402240 [debug] [Thread-1 (]: On model.my_dbt_project.dim_geography: /* {"app": "dbt", "dbt_version": "1.12.5", "profile_name": "sqlserver_profile", "target_name": "dev", "node_id": "model.my_dbt_project.dim_geography"} */

        USE "dbt_dev";
        select
            sch.name as schema_name,
            obj.name as view_name
        from sys.sql_expression_dependencies refs with (nolock)
        inner join sys.objects obj with (nolock)
        on refs.referencing_id = obj.object_id
        inner join sys.schemas sch with (nolock)
        on obj.schema_id = sch.schema_id
        where refs.referenced_database_name = 'dbt_dev'
        and refs.referenced_schema_name = 'dbo'
        and refs.referenced_entity_name = 'dim_geography__dbt_tmp__dbt_tmp_vw'
        and obj.type = 'V'
        
    OPTION (LABEL = 'dbt-sqlserver');

      
[0m13:56:38.402508 [debug] [Thread-1 (]: Opening a new connection, currently in state init
[0m13:56:38.402854 [debug] [Thread-1 (]: sqlserver adapter: Using connection string: DRIVER={ODBC Driver 18 for SQL Server};SERVER=localhost,1433;Database=dbt_dev;UID=***;PWD=***;encrypt=No;TrustServerCertificate=Yes;APP=dbt-sqlserver/1.12.0;Pooling=true;SQL_ATTR_TRACE=SQL_OPT_TRACE_OFF;ConnectRetryCount=3;ConnectRetryInterval=10
[0m13:56:38.500774 [debug] [Thread-1 (]: sqlserver adapter: Connected to db: dbt_dev
[0m13:56:38.516462 [debug] [Thread-1 (]: SQL status: OK in 0.000 seconds
[0m13:56:38.517853 [debug] [Thread-1 (]: Using sqlserver connection "model.my_dbt_project.dim_geography"
[0m13:56:38.518141 [debug] [Thread-1 (]: On model.my_dbt_project.dim_geography: /* {"app": "dbt", "dbt_version": "1.12.5", "profile_name": "sqlserver_profile", "target_name": "dev", "node_id": "model.my_dbt_project.dim_geography"} */

      
      
    
    USE "dbt_dev";
    EXEC('DROP view IF EXISTS "dbo"."dim_geography__dbt_tmp__dbt_tmp_vw";');

[0m13:56:38.518871 [debug] [Thread-1 (]: SQL status: OK in 0.000 seconds
[0m13:56:38.527046 [debug] [Thread-1 (]: Using sqlserver connection "model.my_dbt_project.dim_geography"
[0m13:56:38.527339 [debug] [Thread-1 (]: On model.my_dbt_project.dim_geography: /* {"app": "dbt", "dbt_version": "1.12.5", "profile_name": "sqlserver_profile", "target_name": "dev", "node_id": "model.my_dbt_project.dim_geography"} */

        USE "dbt_dev";
    USE "dbt_dev";
    
    

    

    USE "dbt_dev";
    EXEC('
        CREATE OR ALTER VIEW "dbo"."dim_geography__dbt_tmp__dbt_tmp_vw" AS 

with source_data as (

    select
        country,
        region,
        
    lower(sha2(concat(country, region), 256))
 as geography_key,
        current_timestamp as valid_from,
        cast(''9999-12-31'' as datetime) as valid_to,
        1 as is_current
    from "dbt_dev"."dbo_dbo"."5000_sales_records"
    group by country, region

),

existing as (
    select *
    from "dbt_dev"."dbo"."dim_geography"
)

select
    sd.geography_key,
    sd.country,
    sd.region,
    sd.valid_from,
    sd.valid_to,
    sd.is_current
from source_data sd

;
    ')

EXEC('IF OBJECT_ID(''"dbo"."dim_geography__dbt_tmp"'', ''U'') IS NOT NULL
            EXEC(''DROP TABLE "dbt_dev"."dbo"."dim_geography__dbt_tmp"'');SELECT TOP 0 * INTO "dbt_dev"."dbo"."dim_geography__dbt_tmp" FROM "dbt_dev"."dbo"."dim_geography__dbt_tmp__dbt_tmp_vw"')
    
[0m13:56:38.537414 [debug] [Thread-1 (]: SQL status: OK in 0.000 seconds
[0m13:56:38.538274 [debug] [Thread-1 (]: On model.my_dbt_project.dim_geography: Close
[0m13:56:38.538696 [error] [Thread-1 (]: [[31mERROR[0m]: Unhandled error while executing 
('42000', "[42000] [Microsoft][ODBC Driver 18 for SQL Server][SQL Server]'sha2' is not a recognized built-in function name. (195) (SQLMoreResults)")
[0m13:56:38.546309 [debug] [Thread-1 (]: Traceback (most recent call last):
  File "C:\envs\dbt_sqlserver\Lib\site-packages\dbt\task\base.py", line 388, in safe_run
    result = self.compile_and_execute(manifest, ctx)
  File "C:\envs\dbt_sqlserver\Lib\site-packages\dbt\task\base.py", line 335, in compile_and_execute
    result = self.run(ctx.node, manifest)
  File "C:\envs\dbt_sqlserver\Lib\site-packages\dbt\task\base.py", line 440, in run
    return self.execute(compiled_node, manifest)  # type: ignore[arg-type]
           ~~~~~~~~~~~~^^^^^^^^^^^^^^^^^^^^^^^^^
  File "C:\envs\dbt_sqlserver\Lib\site-packages\dbt\task\run.py", line 484, in execute
    return self._execute_model(
           ~~~~~~~~~~~~~~~~~~~^
        hook_ctx, context["config"], model, context, materialization_macro, manifest
        ^^^^^^^^^^^^^^^^^^^^^^^^^^^^^^^^^^^^^^^^^^^^^^^^^^^^^^^^^^^^^^^^^^^^^^^^^^^^
    )
    ^
  File "C:\envs\dbt_sqlserver\Lib\site-packages\dbt\task\run.py", line 440, in _execute_model
    result = MacroGenerator(
        materialization_macro, context, stack=context["context_macro_stack"]
    )()
  File "C:\envs\dbt_sqlserver\Lib\site-packages\dbt\clients\jinja.py", line 151, in __call__
    return self.call_macro(*args, **kwargs)
           ~~~~~~~~~~~~~~~^^^^^^^^^^^^^^^^^
  File "C:\envs\dbt_sqlserver\Lib\site-packages\dbt_common\clients\jinja.py", line 395, in call_macro
    return macro(*args, **kwargs)
  File "C:\envs\dbt_sqlserver\Lib\site-packages\jinja2\runtime.py", line 770, in __call__
    return self._invoke(arguments, autoescape)
           ~~~~~~~~~~~~^^^^^^^^^^^^^^^^^^^^^^^
  File "C:\envs\dbt_sqlserver\Lib\site-packages\jinja2\runtime.py", line 784, in _invoke
    rv = self._func(*arguments)
  File "<template>", line 133, in macro
  File "C:\envs\dbt_sqlserver\Lib\site-packages\jinja2\sandbox.py", line 401, in call
    return __context.call(__obj, *args, **kwargs)
           ~~~~~~~~~~~~~~^^^^^^^^^^^^^^^^^^^^^^^^
  File "C:\envs\dbt_sqlserver\Lib\site-packages\jinja2\runtime.py", line 303, in call
    return __obj(*args, **kwargs)
  File "C:\envs\dbt_sqlserver\Lib\site-packages\dbt\clients\jinja.py", line 151, in __call__
    return self.call_macro(*args, **kwargs)
           ~~~~~~~~~~~~~~~^^^^^^^^^^^^^^^^^
  File "C:\envs\dbt_sqlserver\Lib\site-packages\dbt_common\clients\jinja.py", line 395, in call_macro
    return macro(*args, **kwargs)
  File "C:\envs\dbt_sqlserver\Lib\site-packages\jinja2\runtime.py", line 770, in __call__
    return self._invoke(arguments, autoescape)
           ~~~~~~~~~~~~^^^^^^^^^^^^^^^^^^^^^^^
  File "C:\envs\dbt_sqlserver\Lib\site-packages\jinja2\runtime.py", line 784, in _invoke
    rv = self._func(*arguments)
  File "<template>", line 52, in macro
  File "C:\envs\dbt_sqlserver\Lib\site-packages\jinja2\sandbox.py", line 401, in call
    return __context.call(__obj, *args, **kwargs)
           ~~~~~~~~~~~~~~^^^^^^^^^^^^^^^^^^^^^^^^
  File "C:\envs\dbt_sqlserver\Lib\site-packages\jinja2\runtime.py", line 303, in call
    return __obj(*args, **kwargs)
  File "C:\envs\dbt_sqlserver\Lib\site-packages\dbt_common\record.py", line 538, in record_replay_wrapper
    return func_to_record(*call_args, **kwargs)
  File "C:\envs\dbt_sqlserver\Lib\site-packages\dbt\adapters\base\impl.py", line 523, in execute
    return self.connections.execute(sql=sql, auto_begin=auto_begin, fetch=fetch, limit=limit)
           ~~~~~~~~~~~~~~~~~~~~~~~~^^^^^^^^^^^^^^^^^^^^^^^^^^^^^^^^^^^^^^^^^^^^^^^^^^^^^^^^^^
  File "C:\envs\dbt_sqlserver\Lib\site-packages\dbt\adapters\sqlserver\sqlserver_connections.py", line 865, in execute
    while _try_drain_nextset(cursor):
          ~~~~~~~~~~~~~~~~~~^^^^^^^^
  File "C:\envs\dbt_sqlserver\Lib\site-packages\dbt\adapters\sqlserver\sqlserver_connections.py", line 222, in _try_drain_nextset
    return bool(cursor.nextset())
                ~~~~~~~~~~~~~~^^
pyodbc.ProgrammingError: ('42000', "[42000] [Microsoft][ODBC Driver 18 for SQL Server][SQL Server]'sha2' is not a recognized built-in function name. (195) (SQLMoreResults)")

[0m13:56:38.547848 [debug] [Thread-1 (]: Sending event: {'category': 'dbt', 'action': 'run_model', 'label': '2275d4bf-18e9-47ae-be7e-d2b0a564c6ad', 'context': [<snowplow_tracker.self_describing_json.SelfDescribingJson object at 0x0000013DDABA9910>]}
[0m13:56:38.548356 [error] [Thread-1 (]: 1 of 1 ERROR creating sql incremental model dbo.dim_geography .................. [[31mERROR[0m in 0.22s]
[0m13:56:38.548989 [debug] [Thread-1 (]: Finished running node model.my_dbt_project.dim_geography
[0m13:56:38.549451 [debug] [Thread-4 (]: Marking all children of 'model.my_dbt_project.dim_geography' to be skipped because of status 'error'.  Reason: ('42000', "[42000] [Microsoft][ODBC Driver 18 for SQL Server][SQL Server]'sha2' is not a recognized built-in function name. (195) (SQLMoreResults)").
[0m13:56:38.551019 [debug] [MainThread]: Using sqlserver connection "master"
[0m13:56:38.551260 [debug] [MainThread]: On master: BEGIN TRANSACTION
[0m13:56:38.551468 [debug] [MainThread]: Opening a new connection, currently in state closed
[0m13:56:38.551779 [debug] [MainThread]: sqlserver adapter: Using connection string: DRIVER={ODBC Driver 18 for SQL Server};SERVER=localhost,1433;Database=dbt_dev;UID=***;PWD=***;encrypt=No;TrustServerCertificate=Yes;APP=dbt-sqlserver/1.12.0;Pooling=true;SQL_ATTR_TRACE=SQL_OPT_TRACE_OFF;ConnectRetryCount=3;ConnectRetryInterval=10
[0m13:56:38.552056 [debug] [MainThread]: sqlserver adapter: Connected to db: dbt_dev
[0m13:56:38.552687 [debug] [MainThread]: SQL status: OK in 0.000 seconds
[0m13:56:38.552918 [debug] [MainThread]: On master: COMMIT
[0m13:56:38.553122 [debug] [MainThread]: Using sqlserver connection "master"
[0m13:56:38.553316 [debug] [MainThread]: On master: IF @@TRANCOUNT > 0 COMMIT TRANSACTION
[0m13:56:38.553629 [debug] [MainThread]: SQL status: OK in 0.000 seconds
[0m13:56:38.553858 [debug] [MainThread]: On master: Close
[0m13:56:38.554135 [debug] [MainThread]: Connection 'master' was properly closed.
[0m13:56:38.554328 [debug] [MainThread]: Connection 'list_dbt_dev' was properly closed.
[0m13:56:38.554513 [debug] [MainThread]: Connection 'list_dbt_dev_dbo' was properly closed.
[0m13:56:38.554690 [debug] [MainThread]: Connection 'model.my_dbt_project.dim_geography' was properly closed.
[0m13:56:38.554907 [info ] [MainThread]: 
[0m13:56:38.555220 [info ] [MainThread]: Finished running 1 incremental model in 0 hours 0 minutes and 0.53 seconds (0.53s).
[0m13:56:38.555801 [debug] [MainThread]: Command end result
[0m13:56:38.586039 [debug] [MainThread]: Wrote artifact WritableManifest to C:\Users\nicjc\my_dbt_project\target\manifest.json
[0m13:56:38.589060 [debug] [MainThread]: Wrote artifact SemanticManifest to C:\Users\nicjc\my_dbt_project\target\semantic_manifest.json
[0m13:56:38.593171 [debug] [MainThread]: Wrote artifact OsiDocument to C:\Users\nicjc\my_dbt_project\target\osi_document.json
[0m13:56:38.600043 [debug] [MainThread]: Wrote artifact RunExecutionResult to C:\Users\nicjc\my_dbt_project\target\run_results.json
[0m13:56:38.600332 [info ] [MainThread]: 
[0m13:56:38.600770 [info ] [MainThread]: [31mCompleted with 1 error, 0 partial successes, and 0 warnings:[0m
[0m13:56:38.601207 [info ] [MainThread]: 
[0m13:56:38.601651 [error] [MainThread]: [[31mERROR[0m]: in model dim_geography (models\dimensions\dim_geography.sql)
[0m13:56:38.602114 [error] [MainThread]:   ('42000', "[42000] [Microsoft][ODBC Driver 18 for SQL Server][SQL Server]'sha2' is not a recognized built-in function name. (195) (SQLMoreResults)")
[0m13:56:38.602429 [info ] [MainThread]: 
[0m13:56:38.602742 [info ] [MainThread]:   compiled code at target\compiled\my_dbt_project\models\dimensions\dim_geography.sql
[0m13:56:38.603012 [info ] [MainThread]: 
[0m13:56:38.603310 [info ] [MainThread]: Done. PASS=0 WARN=0 ERROR=1 SKIP=0 NO-OP=0 REUSED=0 TOTAL=1
[0m13:56:38.604151 [debug] [MainThread]: Command `dbt run` failed at 13:56:38.604062 after 1.47 seconds
[0m13:56:38.604450 [debug] [MainThread]: Sending event: {'category': 'dbt', 'action': 'invocation', 'label': 'end', 'context': [<snowplow_tracker.self_describing_json.SelfDescribingJson object at 0x0000013DDABD3800>, <snowplow_tracker.self_describing_json.SelfDescribingJson object at 0x0000013DD3D19450>, <snowplow_tracker.self_describing_json.SelfDescribingJson object at 0x0000013DDA4D2FD0>]}
[0m13:56:38.604722 [debug] [MainThread]: Flushing usage events
[0m13:56:40.006185 [debug] [MainThread]: An error was encountered while trying to flush usage events
[0m13:59:18.388972 [debug] [MainThread]: Sending event: {'category': 'dbt', 'action': 'invocation', 'label': 'start', 'context': [<snowplow_tracker.self_describing_json.SelfDescribingJson object at 0x00000157F7571D30>, <snowplow_tracker.self_describing_json.SelfDescribingJson object at 0x00000157F511CB90>, <snowplow_tracker.self_describing_json.SelfDescribingJson object at 0x00000157F9F2B890>]}


============================== 13:59:18.392346 | 103ed914-7bef-42db-a4c6-52bcbd7a8fd9 ==============================
[0m13:59:18.392346 [info ] [MainThread]: Running with dbt=1.12.5
[0m13:59:18.392891 [debug] [MainThread]: running dbt with arguments {'maximum_seed_size_mib': '1', 'no_print': 'None', 'version_check': 'True', 'warn_error_options': 'WarnErrorOptionsV2(error=[], warn=[], silence=[])', 'static_parser': 'True', 'target_path': 'None', 'printer_width': '80', 'write_json': 'True', 'introspect': 'True', 'log_cache_events': 'False', 'empty': 'False', 'cache_selected_only': 'False', 'fail_fast': 'False', 'debug': 'False', 'log_format': 'default', 'partial_parse': 'True', 'send_anonymous_usage_stats': 'True', 'quiet': 'False', 'warn_error': 'None', 'profiles_dir': 'C:\\Users\\nicjc\\.dbt', 'invocation_command': 'dbt run --select dim_geography', 'hints_enabled': 'True', 'indirect_selection': 'eager', 'use_experimental_parser': 'False', 'use_colors': 'True', 'log_path': 'C:\\Users\\nicjc\\my_dbt_project\\logs'}
[0m13:59:18.598344 [debug] [MainThread]: Sending event: {'category': 'dbt', 'action': 'project_id', 'label': '103ed914-7bef-42db-a4c6-52bcbd7a8fd9', 'context': [<snowplow_tracker.self_describing_json.SelfDescribingJson object at 0x00000157F9FCFE10>]}
[0m13:59:18.656148 [debug] [MainThread]: Sending event: {'category': 'dbt', 'action': 'adapter_info', 'label': '103ed914-7bef-42db-a4c6-52bcbd7a8fd9', 'context': [<snowplow_tracker.self_describing_json.SelfDescribingJson object at 0x00000157FA4B3AC0>]}
[0m13:59:18.656894 [info ] [MainThread]: Registered adapter: sqlserver=1.12.0
[0m13:59:18.867873 [debug] [MainThread]: checksum: 84e6854b018826ad904eca26f98d7d902f51ac360469f424a309c73808fc198c, vars: {}, profile: sqlserver_profile, target: dev, version: 1.12.5
[0m13:59:19.000437 [debug] [MainThread]: Partial parsing enabled: 0 files deleted, 0 files added, 1 files changed.
[0m13:59:19.001035 [debug] [MainThread]: Partial parsing: updated file: my_dbt_project://macros\generate_surrogate_key.sql
[0m13:59:19.498796 [debug] [MainThread]: Sending event: {'category': 'dbt', 'action': 'load_project', 'label': '103ed914-7bef-42db-a4c6-52bcbd7a8fd9', 'context': [<snowplow_tracker.self_describing_json.SelfDescribingJson object at 0x00000157FAA21E50>]}
[0m13:59:19.578234 [debug] [MainThread]: Wrote artifact WritableManifest to C:\Users\nicjc\my_dbt_project\target\manifest.json
[0m13:59:19.581346 [debug] [MainThread]: Wrote artifact SemanticManifest to C:\Users\nicjc\my_dbt_project\target\semantic_manifest.json
[0m13:59:19.598017 [debug] [MainThread]: Wrote artifact OsiDocument to C:\Users\nicjc\my_dbt_project\target\osi_document.json
[0m13:59:19.607088 [debug] [MainThread]: Sending event: {'category': 'dbt', 'action': 'resource_counts', 'label': '103ed914-7bef-42db-a4c6-52bcbd7a8fd9', 'context': [<snowplow_tracker.self_describing_json.SelfDescribingJson object at 0x00000157FAE554F0>]}
[0m13:59:19.607577 [info ] [MainThread]: Found 3 models, 1 seed, 6 data tests, 579 macros
[0m13:59:19.607942 [debug] [MainThread]: Sending event: {'category': 'dbt', 'action': 'runnable_timing', 'label': '103ed914-7bef-42db-a4c6-52bcbd7a8fd9', 'context': [<snowplow_tracker.self_describing_json.SelfDescribingJson object at 0x00000157FADED1D0>]}
[0m13:59:19.609425 [info ] [MainThread]: 
[0m13:59:19.609897 [info ] [MainThread]: Concurrency: 1 threads (target='dev')
[0m13:59:19.610629 [info ] [MainThread]: 
[0m13:59:19.611174 [debug] [MainThread]: Acquiring new sqlserver connection 'master'
[0m13:59:19.612101 [debug] [ThreadPool]: Acquiring new sqlserver connection 'list_dbt_dev'
[0m13:59:19.629719 [debug] [ThreadPool]: dbt-sqlserver
[0m13:59:19.631829 [debug] [ThreadPool]: Using sqlserver connection "list_dbt_dev"
[0m13:59:19.632074 [debug] [ThreadPool]: On list_dbt_dev: /* {"app": "dbt", "dbt_version": "1.12.5", "profile_name": "sqlserver_profile", "target_name": "dev", "connection_name": "list_dbt_dev"} */
USE "dbt_dev";
    select  name as [schema]
    from sys.schemas with (nolock) 
    OPTION (LABEL = 'dbt-sqlserver');

  
[0m13:59:19.632288 [debug] [ThreadPool]: Opening a new connection, currently in state init
[0m13:59:19.635259 [debug] [ThreadPool]: sqlserver adapter: Using connection string: DRIVER={ODBC Driver 18 for SQL Server};SERVER=localhost,1433;Database=dbt_dev;UID=***;PWD=***;encrypt=No;TrustServerCertificate=Yes;APP=dbt-sqlserver/1.12.0;Pooling=true;SQL_ATTR_TRACE=SQL_OPT_TRACE_OFF;ConnectRetryCount=3;ConnectRetryInterval=10
[0m13:59:19.775311 [debug] [ThreadPool]: sqlserver adapter: Connected to db: dbt_dev
[0m13:59:19.777821 [debug] [ThreadPool]: SQL status: OK in 0.000 seconds
[0m13:59:19.779486 [debug] [ThreadPool]: On list_dbt_dev: Close
[0m13:59:19.784563 [debug] [ThreadPool]: Acquiring new sqlserver connection 'list_dbt_dev_dbo_dbo'
[0m13:59:19.789633 [debug] [ThreadPool]: dbt-sqlserver
[0m13:59:19.790056 [debug] [ThreadPool]: Using sqlserver connection "list_dbt_dev_dbo_dbo"
[0m13:59:19.790272 [debug] [ThreadPool]: On list_dbt_dev_dbo_dbo: BEGIN TRANSACTION
[0m13:59:19.790478 [debug] [ThreadPool]: Opening a new connection, currently in state init
[0m13:59:19.790783 [debug] [ThreadPool]: sqlserver adapter: Using connection string: DRIVER={ODBC Driver 18 for SQL Server};SERVER=localhost,1433;Database=dbt_dev;UID=***;PWD=***;encrypt=No;TrustServerCertificate=Yes;APP=dbt-sqlserver/1.12.0;Pooling=true;SQL_ATTR_TRACE=SQL_OPT_TRACE_OFF;ConnectRetryCount=3;ConnectRetryInterval=10
[0m13:59:19.791121 [debug] [ThreadPool]: sqlserver adapter: Connected to db: dbt_dev
[0m13:59:19.791935 [debug] [ThreadPool]: SQL status: OK in 0.000 seconds
[0m13:59:19.792170 [debug] [ThreadPool]: Using sqlserver connection "list_dbt_dev_dbo_dbo"
[0m13:59:19.792385 [debug] [ThreadPool]: On list_dbt_dev_dbo_dbo: /* {"app": "dbt", "dbt_version": "1.12.5", "profile_name": "sqlserver_profile", "target_name": "dev", "connection_name": "list_dbt_dev_dbo_dbo"} */
USE "dbt_dev";
    declare @schema_id int = schema_id('dbo_dbo');
    select
      DB_NAME() as [database],
      t.name as [name],
      'dbo_dbo' as [schema],
      'table' as table_type
    from sys.tables as t with (nolock)
    where t.schema_id = @schema_id
    union all
    select
      DB_NAME() as [database],
      v.name as [name],
      'dbo_dbo' as [schema],
      'view' as table_type
    from sys.views as v with (nolock)
    where v.schema_id = @schema_id
    
    OPTION (LABEL = 'dbt-sqlserver');

  
[0m13:59:19.821142 [debug] [ThreadPool]: SQL status: OK in 0.000 seconds
[0m13:59:19.822394 [debug] [ThreadPool]: On list_dbt_dev_dbo_dbo: ROLLBACK
[0m13:59:19.823040 [debug] [ThreadPool]: On list_dbt_dev_dbo_dbo: Close
[0m13:59:19.823956 [debug] [ThreadPool]: Re-using an available connection from the pool (formerly list_dbt_dev_dbo_dbo, now list_dbt_dev_dbo)
[0m13:59:19.825660 [debug] [ThreadPool]: dbt-sqlserver
[0m13:59:19.826054 [debug] [ThreadPool]: Using sqlserver connection "list_dbt_dev_dbo"
[0m13:59:19.826288 [debug] [ThreadPool]: On list_dbt_dev_dbo: BEGIN TRANSACTION
[0m13:59:19.826492 [debug] [ThreadPool]: Opening a new connection, currently in state closed
[0m13:59:19.826785 [debug] [ThreadPool]: sqlserver adapter: Using connection string: DRIVER={ODBC Driver 18 for SQL Server};SERVER=localhost,1433;Database=dbt_dev;UID=***;PWD=***;encrypt=No;TrustServerCertificate=Yes;APP=dbt-sqlserver/1.12.0;Pooling=true;SQL_ATTR_TRACE=SQL_OPT_TRACE_OFF;ConnectRetryCount=3;ConnectRetryInterval=10
[0m13:59:19.827065 [debug] [ThreadPool]: sqlserver adapter: Connected to db: dbt_dev
[0m13:59:19.827640 [debug] [ThreadPool]: SQL status: OK in 0.000 seconds
[0m13:59:19.827952 [debug] [ThreadPool]: Using sqlserver connection "list_dbt_dev_dbo"
[0m13:59:19.828186 [debug] [ThreadPool]: On list_dbt_dev_dbo: /* {"app": "dbt", "dbt_version": "1.12.5", "profile_name": "sqlserver_profile", "target_name": "dev", "connection_name": "list_dbt_dev_dbo"} */
USE "dbt_dev";
    declare @schema_id int = schema_id('dbo');
    select
      DB_NAME() as [database],
      t.name as [name],
      'dbo' as [schema],
      'table' as table_type
    from sys.tables as t with (nolock)
    where t.schema_id = @schema_id
    union all
    select
      DB_NAME() as [database],
      v.name as [name],
      'dbo' as [schema],
      'view' as table_type
    from sys.views as v with (nolock)
    where v.schema_id = @schema_id
    
    OPTION (LABEL = 'dbt-sqlserver');

  
[0m13:59:19.851204 [debug] [ThreadPool]: SQL status: OK in 0.000 seconds
[0m13:59:19.852387 [debug] [ThreadPool]: On list_dbt_dev_dbo: ROLLBACK
[0m13:59:19.852826 [debug] [ThreadPool]: On list_dbt_dev_dbo: Close
[0m13:59:19.854546 [debug] [MainThread]: Sending event: {'category': 'dbt', 'action': 'runnable_timing', 'label': '103ed914-7bef-42db-a4c6-52bcbd7a8fd9', 'context': [<snowplow_tracker.self_describing_json.SelfDescribingJson object at 0x00000157FAEAE000>]}
[0m13:59:19.854910 [debug] [MainThread]: Using sqlserver connection "master"
[0m13:59:19.855125 [debug] [MainThread]: On master: BEGIN TRANSACTION
[0m13:59:19.855323 [debug] [MainThread]: Opening a new connection, currently in state init
[0m13:59:19.855628 [debug] [MainThread]: sqlserver adapter: Using connection string: DRIVER={ODBC Driver 18 for SQL Server};SERVER=localhost,1433;Database=dbt_dev;UID=***;PWD=***;encrypt=No;TrustServerCertificate=Yes;APP=dbt-sqlserver/1.12.0;Pooling=true;SQL_ATTR_TRACE=SQL_OPT_TRACE_OFF;ConnectRetryCount=3;ConnectRetryInterval=10
[0m13:59:19.855907 [debug] [MainThread]: sqlserver adapter: Connected to db: dbt_dev
[0m13:59:19.856482 [debug] [MainThread]: SQL status: OK in 0.000 seconds
[0m13:59:19.856724 [debug] [MainThread]: On master: COMMIT
[0m13:59:19.856936 [debug] [MainThread]: Using sqlserver connection "master"
[0m13:59:19.857130 [debug] [MainThread]: On master: IF @@TRANCOUNT > 0 COMMIT TRANSACTION
[0m13:59:19.857568 [debug] [MainThread]: SQL status: OK in 0.000 seconds
[0m13:59:19.857809 [debug] [MainThread]: On master: Close
[0m13:59:19.860500 [debug] [Thread-1 (]: Began running node model.my_dbt_project.dim_geography
[0m13:59:19.860997 [info ] [Thread-1 (]: 1 of 1 START sql incremental model dbo.dim_geography ........................... [RUN]
[0m13:59:19.861475 [debug] [Thread-1 (]: Acquiring new sqlserver connection 'model.my_dbt_project.dim_geography'
[0m13:59:19.861758 [debug] [Thread-1 (]: Began compiling node model.my_dbt_project.dim_geography
[0m13:59:19.867418 [debug] [Thread-1 (]: Writing injected SQL for node "model.my_dbt_project.dim_geography"
[0m13:59:19.868309 [debug] [Thread-1 (]: Began executing node model.my_dbt_project.dim_geography
[0m13:59:19.924888 [debug] [Thread-1 (]: Applying DROP to: "dbt_dev"."dbo"."dim_geography__dbt_tmp__dbt_tmp_vw"
[0m13:59:19.930555 [debug] [Thread-1 (]: dbt-sqlserver
[0m13:59:19.931030 [debug] [Thread-1 (]: Using sqlserver connection "model.my_dbt_project.dim_geography"
[0m13:59:19.931319 [debug] [Thread-1 (]: On model.my_dbt_project.dim_geography: /* {"app": "dbt", "dbt_version": "1.12.5", "profile_name": "sqlserver_profile", "target_name": "dev", "node_id": "model.my_dbt_project.dim_geography"} */

        USE "dbt_dev";
        select
            sch.name as schema_name,
            obj.name as view_name
        from sys.sql_expression_dependencies refs with (nolock)
        inner join sys.objects obj with (nolock)
        on refs.referencing_id = obj.object_id
        inner join sys.schemas sch with (nolock)
        on obj.schema_id = sch.schema_id
        where refs.referenced_database_name = 'dbt_dev'
        and refs.referenced_schema_name = 'dbo'
        and refs.referenced_entity_name = 'dim_geography__dbt_tmp__dbt_tmp_vw'
        and obj.type = 'V'
        
    OPTION (LABEL = 'dbt-sqlserver');

      
[0m13:59:19.931585 [debug] [Thread-1 (]: Opening a new connection, currently in state init
[0m13:59:19.931928 [debug] [Thread-1 (]: sqlserver adapter: Using connection string: DRIVER={ODBC Driver 18 for SQL Server};SERVER=localhost,1433;Database=dbt_dev;UID=***;PWD=***;encrypt=No;TrustServerCertificate=Yes;APP=dbt-sqlserver/1.12.0;Pooling=true;SQL_ATTR_TRACE=SQL_OPT_TRACE_OFF;ConnectRetryCount=3;ConnectRetryInterval=10
[0m13:59:20.036993 [debug] [Thread-1 (]: sqlserver adapter: Connected to db: dbt_dev
[0m13:59:20.058048 [debug] [Thread-1 (]: SQL status: OK in 0.000 seconds
[0m13:59:20.059452 [debug] [Thread-1 (]: Using sqlserver connection "model.my_dbt_project.dim_geography"
[0m13:59:20.059775 [debug] [Thread-1 (]: On model.my_dbt_project.dim_geography: /* {"app": "dbt", "dbt_version": "1.12.5", "profile_name": "sqlserver_profile", "target_name": "dev", "node_id": "model.my_dbt_project.dim_geography"} */

      
      
    
    USE "dbt_dev";
    EXEC('DROP view IF EXISTS "dbo"."dim_geography__dbt_tmp__dbt_tmp_vw";');

[0m13:59:20.060619 [debug] [Thread-1 (]: SQL status: OK in 0.000 seconds
[0m13:59:20.069853 [debug] [Thread-1 (]: Using sqlserver connection "model.my_dbt_project.dim_geography"
[0m13:59:20.070268 [debug] [Thread-1 (]: On model.my_dbt_project.dim_geography: /* {"app": "dbt", "dbt_version": "1.12.5", "profile_name": "sqlserver_profile", "target_name": "dev", "node_id": "model.my_dbt_project.dim_geography"} */

        USE "dbt_dev";
    USE "dbt_dev";
    
    

    

    USE "dbt_dev";
    EXEC('
        CREATE OR ALTER VIEW "dbo"."dim_geography__dbt_tmp__dbt_tmp_vw" AS 

with source_data as (

    select
        country,
        region,
        
    -- SQL Server surrogate key using SHA2_256
    convert(varchar(64),
        hashbytes(
            ''SHA2_256'',
            concat(country,''|'',region)
        ),
    2)
 as geography_key,
        current_timestamp as valid_from,
        cast(''9999-12-31'' as datetime) as valid_to,
        1 as is_current
    from "dbt_dev"."dbo_dbo"."5000_sales_records"
    group by country, region

),

existing as (
    select *
    from "dbt_dev"."dbo"."dim_geography"
)

select
    sd.geography_key,
    sd.country,
    sd.region,
    sd.valid_from,
    sd.valid_to,
    sd.is_current
from source_data sd

;
    ')

EXEC('IF OBJECT_ID(''"dbo"."dim_geography__dbt_tmp"'', ''U'') IS NOT NULL
            EXEC(''DROP TABLE "dbt_dev"."dbo"."dim_geography__dbt_tmp"'');SELECT TOP 0 * INTO "dbt_dev"."dbo"."dim_geography__dbt_tmp" FROM "dbt_dev"."dbo"."dim_geography__dbt_tmp__dbt_tmp_vw"')
    
[0m13:59:20.076633 [debug] [Thread-1 (]: SQL status: OK in 0.000 seconds
[0m13:59:20.077622 [debug] [Thread-1 (]: On model.my_dbt_project.dim_geography: Close
[0m13:59:20.078086 [error] [Thread-1 (]: [[31mERROR[0m]: Unhandled error while executing 
('42S02', "[42S02] [Microsoft][ODBC Driver 18 for SQL Server][SQL Server]Invalid object name 'dbt_dev.dbo.dim_geography'. (208) (SQLMoreResults)")
[0m13:59:20.082423 [debug] [Thread-1 (]: Traceback (most recent call last):
  File "C:\envs\dbt_sqlserver\Lib\site-packages\dbt\task\base.py", line 388, in safe_run
    result = self.compile_and_execute(manifest, ctx)
  File "C:\envs\dbt_sqlserver\Lib\site-packages\dbt\task\base.py", line 335, in compile_and_execute
    result = self.run(ctx.node, manifest)
  File "C:\envs\dbt_sqlserver\Lib\site-packages\dbt\task\base.py", line 440, in run
    return self.execute(compiled_node, manifest)  # type: ignore[arg-type]
           ~~~~~~~~~~~~^^^^^^^^^^^^^^^^^^^^^^^^^
  File "C:\envs\dbt_sqlserver\Lib\site-packages\dbt\task\run.py", line 484, in execute
    return self._execute_model(
           ~~~~~~~~~~~~~~~~~~~^
        hook_ctx, context["config"], model, context, materialization_macro, manifest
        ^^^^^^^^^^^^^^^^^^^^^^^^^^^^^^^^^^^^^^^^^^^^^^^^^^^^^^^^^^^^^^^^^^^^^^^^^^^^
    )
    ^
  File "C:\envs\dbt_sqlserver\Lib\site-packages\dbt\task\run.py", line 440, in _execute_model
    result = MacroGenerator(
        materialization_macro, context, stack=context["context_macro_stack"]
    )()
  File "C:\envs\dbt_sqlserver\Lib\site-packages\dbt\clients\jinja.py", line 151, in __call__
    return self.call_macro(*args, **kwargs)
           ~~~~~~~~~~~~~~~^^^^^^^^^^^^^^^^^
  File "C:\envs\dbt_sqlserver\Lib\site-packages\dbt_common\clients\jinja.py", line 395, in call_macro
    return macro(*args, **kwargs)
  File "C:\envs\dbt_sqlserver\Lib\site-packages\jinja2\runtime.py", line 770, in __call__
    return self._invoke(arguments, autoescape)
           ~~~~~~~~~~~~^^^^^^^^^^^^^^^^^^^^^^^
  File "C:\envs\dbt_sqlserver\Lib\site-packages\jinja2\runtime.py", line 784, in _invoke
    rv = self._func(*arguments)
  File "<template>", line 133, in macro
  File "C:\envs\dbt_sqlserver\Lib\site-packages\jinja2\sandbox.py", line 401, in call
    return __context.call(__obj, *args, **kwargs)
           ~~~~~~~~~~~~~~^^^^^^^^^^^^^^^^^^^^^^^^
  File "C:\envs\dbt_sqlserver\Lib\site-packages\jinja2\runtime.py", line 303, in call
    return __obj(*args, **kwargs)
  File "C:\envs\dbt_sqlserver\Lib\site-packages\dbt\clients\jinja.py", line 151, in __call__
    return self.call_macro(*args, **kwargs)
           ~~~~~~~~~~~~~~~^^^^^^^^^^^^^^^^^
  File "C:\envs\dbt_sqlserver\Lib\site-packages\dbt_common\clients\jinja.py", line 395, in call_macro
    return macro(*args, **kwargs)
  File "C:\envs\dbt_sqlserver\Lib\site-packages\jinja2\runtime.py", line 770, in __call__
    return self._invoke(arguments, autoescape)
           ~~~~~~~~~~~~^^^^^^^^^^^^^^^^^^^^^^^
  File "C:\envs\dbt_sqlserver\Lib\site-packages\jinja2\runtime.py", line 784, in _invoke
    rv = self._func(*arguments)
  File "<template>", line 52, in macro
  File "C:\envs\dbt_sqlserver\Lib\site-packages\jinja2\sandbox.py", line 401, in call
    return __context.call(__obj, *args, **kwargs)
           ~~~~~~~~~~~~~~^^^^^^^^^^^^^^^^^^^^^^^^
  File "C:\envs\dbt_sqlserver\Lib\site-packages\jinja2\runtime.py", line 303, in call
    return __obj(*args, **kwargs)
  File "C:\envs\dbt_sqlserver\Lib\site-packages\dbt_common\record.py", line 538, in record_replay_wrapper
    return func_to_record(*call_args, **kwargs)
  File "C:\envs\dbt_sqlserver\Lib\site-packages\dbt\adapters\base\impl.py", line 523, in execute
    return self.connections.execute(sql=sql, auto_begin=auto_begin, fetch=fetch, limit=limit)
           ~~~~~~~~~~~~~~~~~~~~~~~~^^^^^^^^^^^^^^^^^^^^^^^^^^^^^^^^^^^^^^^^^^^^^^^^^^^^^^^^^^
  File "C:\envs\dbt_sqlserver\Lib\site-packages\dbt\adapters\sqlserver\sqlserver_connections.py", line 865, in execute
    while _try_drain_nextset(cursor):
          ~~~~~~~~~~~~~~~~~~^^^^^^^^
  File "C:\envs\dbt_sqlserver\Lib\site-packages\dbt\adapters\sqlserver\sqlserver_connections.py", line 222, in _try_drain_nextset
    return bool(cursor.nextset())
                ~~~~~~~~~~~~~~^^
pyodbc.ProgrammingError: ('42S02', "[42S02] [Microsoft][ODBC Driver 18 for SQL Server][SQL Server]Invalid object name 'dbt_dev.dbo.dim_geography'. (208) (SQLMoreResults)")

[0m13:59:20.084281 [debug] [Thread-1 (]: Sending event: {'category': 'dbt', 'action': 'run_model', 'label': '103ed914-7bef-42db-a4c6-52bcbd7a8fd9', 'context': [<snowplow_tracker.self_describing_json.SelfDescribingJson object at 0x00000157FA883050>]}
[0m13:59:20.084860 [error] [Thread-1 (]: 1 of 1 ERROR creating sql incremental model dbo.dim_geography .................. [[31mERROR[0m in 0.22s]
[0m13:59:20.085664 [debug] [Thread-1 (]: Finished running node model.my_dbt_project.dim_geography
[0m13:59:20.086265 [debug] [Thread-4 (]: Marking all children of 'model.my_dbt_project.dim_geography' to be skipped because of status 'error'.  Reason: ('42S02', "[42S02] [Microsoft][ODBC Driver 18 for SQL Server][SQL Server]Invalid object name 'dbt_dev.dbo.dim_geography'. (208) (SQLMoreResults)").
[0m13:59:20.088126 [debug] [MainThread]: Using sqlserver connection "master"
[0m13:59:20.088444 [debug] [MainThread]: On master: BEGIN TRANSACTION
[0m13:59:20.088666 [debug] [MainThread]: Opening a new connection, currently in state closed
[0m13:59:20.088988 [debug] [MainThread]: sqlserver adapter: Using connection string: DRIVER={ODBC Driver 18 for SQL Server};SERVER=localhost,1433;Database=dbt_dev;UID=***;PWD=***;encrypt=No;TrustServerCertificate=Yes;APP=dbt-sqlserver/1.12.0;Pooling=true;SQL_ATTR_TRACE=SQL_OPT_TRACE_OFF;ConnectRetryCount=3;ConnectRetryInterval=10
[0m13:59:20.089285 [debug] [MainThread]: sqlserver adapter: Connected to db: dbt_dev
[0m13:59:20.090092 [debug] [MainThread]: SQL status: OK in 0.000 seconds
[0m13:59:20.090400 [debug] [MainThread]: On master: COMMIT
[0m13:59:20.090668 [debug] [MainThread]: Using sqlserver connection "master"
[0m13:59:20.090922 [debug] [MainThread]: On master: IF @@TRANCOUNT > 0 COMMIT TRANSACTION
[0m13:59:20.091339 [debug] [MainThread]: SQL status: OK in 0.000 seconds
[0m13:59:20.091593 [debug] [MainThread]: On master: Close
[0m13:59:20.091905 [debug] [MainThread]: Connection 'master' was properly closed.
[0m13:59:20.092103 [debug] [MainThread]: Connection 'list_dbt_dev' was properly closed.
[0m13:59:20.092287 [debug] [MainThread]: Connection 'list_dbt_dev_dbo' was properly closed.
[0m13:59:20.092464 [debug] [MainThread]: Connection 'model.my_dbt_project.dim_geography' was properly closed.
[0m13:59:20.092683 [info ] [MainThread]: 
[0m13:59:20.093032 [info ] [MainThread]: Finished running 1 incremental model in 0 hours 0 minutes and 0.48 seconds (0.48s).
[0m13:59:20.093643 [debug] [MainThread]: Command end result
[0m13:59:20.124700 [debug] [MainThread]: Wrote artifact WritableManifest to C:\Users\nicjc\my_dbt_project\target\manifest.json
[0m13:59:20.127965 [debug] [MainThread]: Wrote artifact SemanticManifest to C:\Users\nicjc\my_dbt_project\target\semantic_manifest.json
[0m13:59:20.130829 [debug] [MainThread]: Wrote artifact OsiDocument to C:\Users\nicjc\my_dbt_project\target\osi_document.json
[0m13:59:20.136899 [debug] [MainThread]: Wrote artifact RunExecutionResult to C:\Users\nicjc\my_dbt_project\target\run_results.json
[0m13:59:20.137154 [info ] [MainThread]: 
[0m13:59:20.137577 [info ] [MainThread]: [31mCompleted with 1 error, 0 partial successes, and 0 warnings:[0m
[0m13:59:20.137981 [info ] [MainThread]: 
[0m13:59:20.138370 [error] [MainThread]: [[31mERROR[0m]: in model dim_geography (models\dimensions\dim_geography.sql)
[0m13:59:20.138734 [error] [MainThread]:   ('42S02', "[42S02] [Microsoft][ODBC Driver 18 for SQL Server][SQL Server]Invalid object name 'dbt_dev.dbo.dim_geography'. (208) (SQLMoreResults)")
[0m13:59:20.139071 [info ] [MainThread]: 
[0m13:59:20.139513 [info ] [MainThread]:   compiled code at target\compiled\my_dbt_project\models\dimensions\dim_geography.sql
[0m13:59:20.139952 [info ] [MainThread]: 
[0m13:59:20.140398 [info ] [MainThread]: Done. PASS=0 WARN=0 ERROR=1 SKIP=0 NO-OP=0 REUSED=0 TOTAL=1
[0m13:59:20.141255 [debug] [MainThread]: Command `dbt run` failed at 13:59:20.141166 after 1.88 seconds
[0m13:59:20.141560 [debug] [MainThread]: Sending event: {'category': 'dbt', 'action': 'invocation', 'label': 'end', 'context': [<snowplow_tracker.self_describing_json.SelfDescribingJson object at 0x00000157FAE21860>, <snowplow_tracker.self_describing_json.SelfDescribingJson object at 0x00000157FAC39810>, <snowplow_tracker.self_describing_json.SelfDescribingJson object at 0x00000157FAE8B7F0>]}
[0m13:59:20.141831 [debug] [MainThread]: Flushing usage events
[0m13:59:21.702554 [debug] [MainThread]: An error was encountered while trying to flush usage events
[0m14:00:04.373346 [debug] [MainThread]: Sending event: {'category': 'dbt', 'action': 'invocation', 'label': 'start', 'context': [<snowplow_tracker.self_describing_json.SelfDescribingJson object at 0x000001E19FA61D30>, <snowplow_tracker.self_describing_json.SelfDescribingJson object at 0x000001E19D68CB90>, <snowplow_tracker.self_describing_json.SelfDescribingJson object at 0x000001E1A241B890>]}


============================== 14:00:04.376652 | 23bb3ef0-204f-406a-a3ed-8c90bd822ce4 ==============================
[0m14:00:04.376652 [info ] [MainThread]: Running with dbt=1.12.5
[0m14:00:04.377237 [debug] [MainThread]: running dbt with arguments {'static_parser': 'True', 'no_print': 'None', 'maximum_seed_size_mib': '1', 'target_path': 'None', 'warn_error_options': 'WarnErrorOptionsV2(error=[], warn=[], silence=[])', 'version_check': 'True', 'printer_width': '80', 'write_json': 'True', 'introspect': 'True', 'log_cache_events': 'False', 'empty': 'False', 'cache_selected_only': 'False', 'log_format': 'default', 'debug': 'False', 'fail_fast': 'False', 'profiles_dir': 'C:\\Users\\nicjc\\.dbt', 'send_anonymous_usage_stats': 'True', 'quiet': 'False', 'warn_error': 'None', 'partial_parse': 'True', 'indirect_selection': 'eager', 'hints_enabled': 'True', 'use_colors': 'True', 'use_experimental_parser': 'False', 'invocation_command': 'dbt run --select dim_geography --full-refresh', 'log_path': 'C:\\Users\\nicjc\\my_dbt_project\\logs'}
[0m14:00:04.582969 [debug] [MainThread]: Sending event: {'category': 'dbt', 'action': 'project_id', 'label': '23bb3ef0-204f-406a-a3ed-8c90bd822ce4', 'context': [<snowplow_tracker.self_describing_json.SelfDescribingJson object at 0x000001E1A24BFE10>]}
[0m14:00:04.640660 [debug] [MainThread]: Sending event: {'category': 'dbt', 'action': 'adapter_info', 'label': '23bb3ef0-204f-406a-a3ed-8c90bd822ce4', 'context': [<snowplow_tracker.self_describing_json.SelfDescribingJson object at 0x000001E1A29C3AC0>]}
[0m14:00:04.641499 [info ] [MainThread]: Registered adapter: sqlserver=1.12.0
[0m14:00:04.868366 [debug] [MainThread]: checksum: 84e6854b018826ad904eca26f98d7d902f51ac360469f424a309c73808fc198c, vars: {}, profile: sqlserver_profile, target: dev, version: 1.12.5
[0m14:00:05.000713 [debug] [MainThread]: Partial parsing enabled: 0 files deleted, 0 files added, 0 files changed.
[0m14:00:05.001066 [debug] [MainThread]: Nothing changed, skipping partial parsing.
[0m14:00:05.001297 [debug] [MainThread]: Partial parsing enabled, no changes found, skipping parsing
[0m14:00:05.009911 [debug] [MainThread]: Sending event: {'category': 'dbt', 'action': 'load_project', 'label': '23bb3ef0-204f-406a-a3ed-8c90bd822ce4', 'context': [<snowplow_tracker.self_describing_json.SelfDescribingJson object at 0x000001E1A2F29250>]}
[0m14:00:05.123037 [debug] [MainThread]: Wrote artifact WritableManifest to C:\Users\nicjc\my_dbt_project\target\manifest.json
[0m14:00:05.126166 [debug] [MainThread]: Wrote artifact SemanticManifest to C:\Users\nicjc\my_dbt_project\target\semantic_manifest.json
[0m14:00:05.142589 [debug] [MainThread]: Wrote artifact OsiDocument to C:\Users\nicjc\my_dbt_project\target\osi_document.json
[0m14:00:05.151733 [debug] [MainThread]: Sending event: {'category': 'dbt', 'action': 'resource_counts', 'label': '23bb3ef0-204f-406a-a3ed-8c90bd822ce4', 'context': [<snowplow_tracker.self_describing_json.SelfDescribingJson object at 0x000001E1A3011A90>]}
[0m14:00:05.152159 [info ] [MainThread]: Found 3 models, 1 seed, 6 data tests, 579 macros
[0m14:00:05.152497 [debug] [MainThread]: Sending event: {'category': 'dbt', 'action': 'runnable_timing', 'label': '23bb3ef0-204f-406a-a3ed-8c90bd822ce4', 'context': [<snowplow_tracker.self_describing_json.SelfDescribingJson object at 0x000001E1A3056A50>]}
[0m14:00:05.153896 [info ] [MainThread]: 
[0m14:00:05.154296 [info ] [MainThread]: Concurrency: 1 threads (target='dev')
[0m14:00:05.154723 [info ] [MainThread]: 
[0m14:00:05.155504 [debug] [MainThread]: Acquiring new sqlserver connection 'master'
[0m14:00:05.156576 [debug] [ThreadPool]: Acquiring new sqlserver connection 'list_dbt_dev'
[0m14:00:05.180158 [debug] [ThreadPool]: dbt-sqlserver
[0m14:00:05.182343 [debug] [ThreadPool]: Using sqlserver connection "list_dbt_dev"
[0m14:00:05.182626 [debug] [ThreadPool]: On list_dbt_dev: /* {"app": "dbt", "dbt_version": "1.12.5", "profile_name": "sqlserver_profile", "target_name": "dev", "connection_name": "list_dbt_dev"} */
USE "dbt_dev";
    select  name as [schema]
    from sys.schemas with (nolock) 
    OPTION (LABEL = 'dbt-sqlserver');

  
[0m14:00:05.182857 [debug] [ThreadPool]: Opening a new connection, currently in state init
[0m14:00:05.186014 [debug] [ThreadPool]: sqlserver adapter: Using connection string: DRIVER={ODBC Driver 18 for SQL Server};SERVER=localhost,1433;Database=dbt_dev;UID=***;PWD=***;encrypt=No;TrustServerCertificate=Yes;APP=dbt-sqlserver/1.12.0;Pooling=true;SQL_ATTR_TRACE=SQL_OPT_TRACE_OFF;ConnectRetryCount=3;ConnectRetryInterval=10
[0m14:00:05.334937 [debug] [ThreadPool]: sqlserver adapter: Connected to db: dbt_dev
[0m14:00:05.338652 [debug] [ThreadPool]: SQL status: OK in 0.000 seconds
[0m14:00:05.339906 [debug] [ThreadPool]: On list_dbt_dev: Close
[0m14:00:05.345281 [debug] [ThreadPool]: Acquiring new sqlserver connection 'list_dbt_dev_dbo'
[0m14:00:05.349629 [debug] [ThreadPool]: dbt-sqlserver
[0m14:00:05.350049 [debug] [ThreadPool]: Using sqlserver connection "list_dbt_dev_dbo"
[0m14:00:05.350283 [debug] [ThreadPool]: On list_dbt_dev_dbo: BEGIN TRANSACTION
[0m14:00:05.350485 [debug] [ThreadPool]: Opening a new connection, currently in state init
[0m14:00:05.350794 [debug] [ThreadPool]: sqlserver adapter: Using connection string: DRIVER={ODBC Driver 18 for SQL Server};SERVER=localhost,1433;Database=dbt_dev;UID=***;PWD=***;encrypt=No;TrustServerCertificate=Yes;APP=dbt-sqlserver/1.12.0;Pooling=true;SQL_ATTR_TRACE=SQL_OPT_TRACE_OFF;ConnectRetryCount=3;ConnectRetryInterval=10
[0m14:00:05.351079 [debug] [ThreadPool]: sqlserver adapter: Connected to db: dbt_dev
[0m14:00:05.352233 [debug] [ThreadPool]: SQL status: OK in 0.000 seconds
[0m14:00:05.352588 [debug] [ThreadPool]: Using sqlserver connection "list_dbt_dev_dbo"
[0m14:00:05.352863 [debug] [ThreadPool]: On list_dbt_dev_dbo: /* {"app": "dbt", "dbt_version": "1.12.5", "profile_name": "sqlserver_profile", "target_name": "dev", "connection_name": "list_dbt_dev_dbo"} */
USE "dbt_dev";
    declare @schema_id int = schema_id('dbo');
    select
      DB_NAME() as [database],
      t.name as [name],
      'dbo' as [schema],
      'table' as table_type
    from sys.tables as t with (nolock)
    where t.schema_id = @schema_id
    union all
    select
      DB_NAME() as [database],
      v.name as [name],
      'dbo' as [schema],
      'view' as table_type
    from sys.views as v with (nolock)
    where v.schema_id = @schema_id
    
    OPTION (LABEL = 'dbt-sqlserver');

  
[0m14:00:05.380970 [debug] [ThreadPool]: SQL status: OK in 0.000 seconds
[0m14:00:05.382817 [debug] [ThreadPool]: On list_dbt_dev_dbo: ROLLBACK
[0m14:00:05.383395 [debug] [ThreadPool]: On list_dbt_dev_dbo: Close
[0m14:00:05.383844 [debug] [ThreadPool]: Re-using an available connection from the pool (formerly list_dbt_dev_dbo, now list_dbt_dev_dbo_dbo)
[0m14:00:05.385392 [debug] [ThreadPool]: dbt-sqlserver
[0m14:00:05.385808 [debug] [ThreadPool]: Using sqlserver connection "list_dbt_dev_dbo_dbo"
[0m14:00:05.386022 [debug] [ThreadPool]: On list_dbt_dev_dbo_dbo: BEGIN TRANSACTION
[0m14:00:05.386231 [debug] [ThreadPool]: Opening a new connection, currently in state closed
[0m14:00:05.386520 [debug] [ThreadPool]: sqlserver adapter: Using connection string: DRIVER={ODBC Driver 18 for SQL Server};SERVER=localhost,1433;Database=dbt_dev;UID=***;PWD=***;encrypt=No;TrustServerCertificate=Yes;APP=dbt-sqlserver/1.12.0;Pooling=true;SQL_ATTR_TRACE=SQL_OPT_TRACE_OFF;ConnectRetryCount=3;ConnectRetryInterval=10
[0m14:00:05.386804 [debug] [ThreadPool]: sqlserver adapter: Connected to db: dbt_dev
[0m14:00:05.387420 [debug] [ThreadPool]: SQL status: OK in 0.000 seconds
[0m14:00:05.387660 [debug] [ThreadPool]: Using sqlserver connection "list_dbt_dev_dbo_dbo"
[0m14:00:05.387922 [debug] [ThreadPool]: On list_dbt_dev_dbo_dbo: /* {"app": "dbt", "dbt_version": "1.12.5", "profile_name": "sqlserver_profile", "target_name": "dev", "connection_name": "list_dbt_dev_dbo_dbo"} */
USE "dbt_dev";
    declare @schema_id int = schema_id('dbo_dbo');
    select
      DB_NAME() as [database],
      t.name as [name],
      'dbo_dbo' as [schema],
      'table' as table_type
    from sys.tables as t with (nolock)
    where t.schema_id = @schema_id
    union all
    select
      DB_NAME() as [database],
      v.name as [name],
      'dbo_dbo' as [schema],
      'view' as table_type
    from sys.views as v with (nolock)
    where v.schema_id = @schema_id
    
    OPTION (LABEL = 'dbt-sqlserver');

  
[0m14:00:05.411435 [debug] [ThreadPool]: SQL status: OK in 0.000 seconds
[0m14:00:05.412621 [debug] [ThreadPool]: On list_dbt_dev_dbo_dbo: ROLLBACK
[0m14:00:05.413060 [debug] [ThreadPool]: On list_dbt_dev_dbo_dbo: Close
[0m14:00:05.413864 [debug] [MainThread]: Sending event: {'category': 'dbt', 'action': 'runnable_timing', 'label': '23bb3ef0-204f-406a-a3ed-8c90bd822ce4', 'context': [<snowplow_tracker.self_describing_json.SelfDescribingJson object at 0x000001E1A30769C0>]}
[0m14:00:05.414216 [debug] [MainThread]: Using sqlserver connection "master"
[0m14:00:05.414430 [debug] [MainThread]: On master: BEGIN TRANSACTION
[0m14:00:05.414625 [debug] [MainThread]: Opening a new connection, currently in state init
[0m14:00:05.414975 [debug] [MainThread]: sqlserver adapter: Using connection string: DRIVER={ODBC Driver 18 for SQL Server};SERVER=localhost,1433;Database=dbt_dev;UID=***;PWD=***;encrypt=No;TrustServerCertificate=Yes;APP=dbt-sqlserver/1.12.0;Pooling=true;SQL_ATTR_TRACE=SQL_OPT_TRACE_OFF;ConnectRetryCount=3;ConnectRetryInterval=10
[0m14:00:05.415254 [debug] [MainThread]: sqlserver adapter: Connected to db: dbt_dev
[0m14:00:05.415820 [debug] [MainThread]: SQL status: OK in 0.000 seconds
[0m14:00:05.416058 [debug] [MainThread]: On master: COMMIT
[0m14:00:05.416268 [debug] [MainThread]: Using sqlserver connection "master"
[0m14:00:05.416464 [debug] [MainThread]: On master: IF @@TRANCOUNT > 0 COMMIT TRANSACTION
[0m14:00:05.417228 [debug] [MainThread]: SQL status: OK in 0.000 seconds
[0m14:00:05.417493 [debug] [MainThread]: On master: Close
[0m14:00:05.420141 [debug] [Thread-1 (]: Began running node model.my_dbt_project.dim_geography
[0m14:00:05.420547 [info ] [Thread-1 (]: 1 of 1 START sql incremental model dbo.dim_geography ........................... [RUN]
[0m14:00:05.421015 [debug] [Thread-1 (]: Acquiring new sqlserver connection 'model.my_dbt_project.dim_geography'
[0m14:00:05.421308 [debug] [Thread-1 (]: Began compiling node model.my_dbt_project.dim_geography
[0m14:00:05.430718 [debug] [Thread-1 (]: Writing injected SQL for node "model.my_dbt_project.dim_geography"
[0m14:00:05.431598 [debug] [Thread-1 (]: Began executing node model.my_dbt_project.dim_geography
[0m14:00:05.487644 [debug] [Thread-1 (]: Applying DROP to: "dbt_dev"."dbo"."dim_geography__dbt_tmp__dbt_tmp_vw"
[0m14:00:05.493489 [debug] [Thread-1 (]: dbt-sqlserver
[0m14:00:05.493930 [debug] [Thread-1 (]: Using sqlserver connection "model.my_dbt_project.dim_geography"
[0m14:00:05.494216 [debug] [Thread-1 (]: On model.my_dbt_project.dim_geography: /* {"app": "dbt", "dbt_version": "1.12.5", "profile_name": "sqlserver_profile", "target_name": "dev", "node_id": "model.my_dbt_project.dim_geography"} */

        USE "dbt_dev";
        select
            sch.name as schema_name,
            obj.name as view_name
        from sys.sql_expression_dependencies refs with (nolock)
        inner join sys.objects obj with (nolock)
        on refs.referencing_id = obj.object_id
        inner join sys.schemas sch with (nolock)
        on obj.schema_id = sch.schema_id
        where refs.referenced_database_name = 'dbt_dev'
        and refs.referenced_schema_name = 'dbo'
        and refs.referenced_entity_name = 'dim_geography__dbt_tmp__dbt_tmp_vw'
        and obj.type = 'V'
        
    OPTION (LABEL = 'dbt-sqlserver');

      
[0m14:00:05.494479 [debug] [Thread-1 (]: Opening a new connection, currently in state init
[0m14:00:05.494815 [debug] [Thread-1 (]: sqlserver adapter: Using connection string: DRIVER={ODBC Driver 18 for SQL Server};SERVER=localhost,1433;Database=dbt_dev;UID=***;PWD=***;encrypt=No;TrustServerCertificate=Yes;APP=dbt-sqlserver/1.12.0;Pooling=true;SQL_ATTR_TRACE=SQL_OPT_TRACE_OFF;ConnectRetryCount=3;ConnectRetryInterval=10
[0m14:00:05.592128 [debug] [Thread-1 (]: sqlserver adapter: Connected to db: dbt_dev
[0m14:00:05.607084 [debug] [Thread-1 (]: SQL status: OK in 0.000 seconds
[0m14:00:05.608550 [debug] [Thread-1 (]: Using sqlserver connection "model.my_dbt_project.dim_geography"
[0m14:00:05.608872 [debug] [Thread-1 (]: On model.my_dbt_project.dim_geography: /* {"app": "dbt", "dbt_version": "1.12.5", "profile_name": "sqlserver_profile", "target_name": "dev", "node_id": "model.my_dbt_project.dim_geography"} */

      
      
    
    USE "dbt_dev";
    EXEC('DROP view IF EXISTS "dbo"."dim_geography__dbt_tmp__dbt_tmp_vw";');

[0m14:00:05.609601 [debug] [Thread-1 (]: SQL status: OK in 0.000 seconds
[0m14:00:05.617736 [debug] [Thread-1 (]: Using sqlserver connection "model.my_dbt_project.dim_geography"
[0m14:00:05.618034 [debug] [Thread-1 (]: On model.my_dbt_project.dim_geography: /* {"app": "dbt", "dbt_version": "1.12.5", "profile_name": "sqlserver_profile", "target_name": "dev", "node_id": "model.my_dbt_project.dim_geography"} */

        USE "dbt_dev";
    USE "dbt_dev";
    
    

    

    USE "dbt_dev";
    EXEC('
        CREATE OR ALTER VIEW "dbo"."dim_geography__dbt_tmp__dbt_tmp_vw" AS 

with source_data as (

    select
        country,
        region,
        
    -- SQL Server surrogate key using SHA2_256
    convert(varchar(64),
        hashbytes(
            ''SHA2_256'',
            concat(country,''|'',region)
        ),
    2)
 as geography_key,
        current_timestamp as valid_from,
        cast(''9999-12-31'' as datetime) as valid_to,
        1 as is_current
    from "dbt_dev"."dbo_dbo"."5000_sales_records"
    group by country, region

),

existing as (
    select *
    from "dbt_dev"."dbo"."dim_geography"
)

select
    sd.geography_key,
    sd.country,
    sd.region,
    sd.valid_from,
    sd.valid_to,
    sd.is_current
from source_data sd

;
    ')

EXEC('IF OBJECT_ID(''"dbo"."dim_geography__dbt_tmp"'', ''U'') IS NOT NULL
            EXEC(''DROP TABLE "dbt_dev"."dbo"."dim_geography__dbt_tmp"'');SELECT TOP 0 * INTO "dbt_dev"."dbo"."dim_geography__dbt_tmp" FROM "dbt_dev"."dbo"."dim_geography__dbt_tmp__dbt_tmp_vw"')
    
[0m14:00:05.620061 [debug] [Thread-1 (]: SQL status: OK in 0.000 seconds
[0m14:00:05.620832 [debug] [Thread-1 (]: On model.my_dbt_project.dim_geography: Close
[0m14:00:05.621222 [error] [Thread-1 (]: [[31mERROR[0m]: Unhandled error while executing 
('42S02', "[42S02] [Microsoft][ODBC Driver 18 for SQL Server][SQL Server]Invalid object name 'dbt_dev.dbo.dim_geography'. (208) (SQLMoreResults)")
[0m14:00:05.626856 [debug] [Thread-1 (]: Traceback (most recent call last):
  File "C:\envs\dbt_sqlserver\Lib\site-packages\dbt\task\base.py", line 388, in safe_run
    result = self.compile_and_execute(manifest, ctx)
  File "C:\envs\dbt_sqlserver\Lib\site-packages\dbt\task\base.py", line 335, in compile_and_execute
    result = self.run(ctx.node, manifest)
  File "C:\envs\dbt_sqlserver\Lib\site-packages\dbt\task\base.py", line 440, in run
    return self.execute(compiled_node, manifest)  # type: ignore[arg-type]
           ~~~~~~~~~~~~^^^^^^^^^^^^^^^^^^^^^^^^^
  File "C:\envs\dbt_sqlserver\Lib\site-packages\dbt\task\run.py", line 484, in execute
    return self._execute_model(
           ~~~~~~~~~~~~~~~~~~~^
        hook_ctx, context["config"], model, context, materialization_macro, manifest
        ^^^^^^^^^^^^^^^^^^^^^^^^^^^^^^^^^^^^^^^^^^^^^^^^^^^^^^^^^^^^^^^^^^^^^^^^^^^^
    )
    ^
  File "C:\envs\dbt_sqlserver\Lib\site-packages\dbt\task\run.py", line 440, in _execute_model
    result = MacroGenerator(
        materialization_macro, context, stack=context["context_macro_stack"]
    )()
  File "C:\envs\dbt_sqlserver\Lib\site-packages\dbt\clients\jinja.py", line 151, in __call__
    return self.call_macro(*args, **kwargs)
           ~~~~~~~~~~~~~~~^^^^^^^^^^^^^^^^^
  File "C:\envs\dbt_sqlserver\Lib\site-packages\dbt_common\clients\jinja.py", line 395, in call_macro
    return macro(*args, **kwargs)
  File "C:\envs\dbt_sqlserver\Lib\site-packages\jinja2\runtime.py", line 770, in __call__
    return self._invoke(arguments, autoescape)
           ~~~~~~~~~~~~^^^^^^^^^^^^^^^^^^^^^^^
  File "C:\envs\dbt_sqlserver\Lib\site-packages\jinja2\runtime.py", line 784, in _invoke
    rv = self._func(*arguments)
  File "<template>", line 133, in macro
  File "C:\envs\dbt_sqlserver\Lib\site-packages\jinja2\sandbox.py", line 401, in call
    return __context.call(__obj, *args, **kwargs)
           ~~~~~~~~~~~~~~^^^^^^^^^^^^^^^^^^^^^^^^
  File "C:\envs\dbt_sqlserver\Lib\site-packages\jinja2\runtime.py", line 303, in call
    return __obj(*args, **kwargs)
  File "C:\envs\dbt_sqlserver\Lib\site-packages\dbt\clients\jinja.py", line 151, in __call__
    return self.call_macro(*args, **kwargs)
           ~~~~~~~~~~~~~~~^^^^^^^^^^^^^^^^^
  File "C:\envs\dbt_sqlserver\Lib\site-packages\dbt_common\clients\jinja.py", line 395, in call_macro
    return macro(*args, **kwargs)
  File "C:\envs\dbt_sqlserver\Lib\site-packages\jinja2\runtime.py", line 770, in __call__
    return self._invoke(arguments, autoescape)
           ~~~~~~~~~~~~^^^^^^^^^^^^^^^^^^^^^^^
  File "C:\envs\dbt_sqlserver\Lib\site-packages\jinja2\runtime.py", line 784, in _invoke
    rv = self._func(*arguments)
  File "<template>", line 52, in macro
  File "C:\envs\dbt_sqlserver\Lib\site-packages\jinja2\sandbox.py", line 401, in call
    return __context.call(__obj, *args, **kwargs)
           ~~~~~~~~~~~~~~^^^^^^^^^^^^^^^^^^^^^^^^
  File "C:\envs\dbt_sqlserver\Lib\site-packages\jinja2\runtime.py", line 303, in call
    return __obj(*args, **kwargs)
  File "C:\envs\dbt_sqlserver\Lib\site-packages\dbt_common\record.py", line 538, in record_replay_wrapper
    return func_to_record(*call_args, **kwargs)
  File "C:\envs\dbt_sqlserver\Lib\site-packages\dbt\adapters\base\impl.py", line 523, in execute
    return self.connections.execute(sql=sql, auto_begin=auto_begin, fetch=fetch, limit=limit)
           ~~~~~~~~~~~~~~~~~~~~~~~~^^^^^^^^^^^^^^^^^^^^^^^^^^^^^^^^^^^^^^^^^^^^^^^^^^^^^^^^^^
  File "C:\envs\dbt_sqlserver\Lib\site-packages\dbt\adapters\sqlserver\sqlserver_connections.py", line 865, in execute
    while _try_drain_nextset(cursor):
          ~~~~~~~~~~~~~~~~~~^^^^^^^^
  File "C:\envs\dbt_sqlserver\Lib\site-packages\dbt\adapters\sqlserver\sqlserver_connections.py", line 222, in _try_drain_nextset
    return bool(cursor.nextset())
                ~~~~~~~~~~~~~~^^
pyodbc.ProgrammingError: ('42S02', "[42S02] [Microsoft][ODBC Driver 18 for SQL Server][SQL Server]Invalid object name 'dbt_dev.dbo.dim_geography'. (208) (SQLMoreResults)")

[0m14:00:05.628430 [debug] [Thread-1 (]: Sending event: {'category': 'dbt', 'action': 'run_model', 'label': '23bb3ef0-204f-406a-a3ed-8c90bd822ce4', 'context': [<snowplow_tracker.self_describing_json.SelfDescribingJson object at 0x000001E1A30BD9D0>]}
[0m14:00:05.629010 [error] [Thread-1 (]: 1 of 1 ERROR creating sql incremental model dbo.dim_geography .................. [[31mERROR[0m in 0.21s]
[0m14:00:05.629747 [debug] [Thread-1 (]: Finished running node model.my_dbt_project.dim_geography
[0m14:00:05.630308 [debug] [Thread-4 (]: Marking all children of 'model.my_dbt_project.dim_geography' to be skipped because of status 'error'.  Reason: ('42S02', "[42S02] [Microsoft][ODBC Driver 18 for SQL Server][SQL Server]Invalid object name 'dbt_dev.dbo.dim_geography'. (208) (SQLMoreResults)").
[0m14:00:05.631983 [debug] [MainThread]: Using sqlserver connection "master"
[0m14:00:05.632233 [debug] [MainThread]: On master: BEGIN TRANSACTION
[0m14:00:05.632439 [debug] [MainThread]: Opening a new connection, currently in state closed
[0m14:00:05.632742 [debug] [MainThread]: sqlserver adapter: Using connection string: DRIVER={ODBC Driver 18 for SQL Server};SERVER=localhost,1433;Database=dbt_dev;UID=***;PWD=***;encrypt=No;TrustServerCertificate=Yes;APP=dbt-sqlserver/1.12.0;Pooling=true;SQL_ATTR_TRACE=SQL_OPT_TRACE_OFF;ConnectRetryCount=3;ConnectRetryInterval=10
[0m14:00:05.633052 [debug] [MainThread]: sqlserver adapter: Connected to db: dbt_dev
[0m14:00:05.633761 [debug] [MainThread]: SQL status: OK in 0.000 seconds
[0m14:00:05.634224 [debug] [MainThread]: On master: COMMIT
[0m14:00:05.634626 [debug] [MainThread]: Using sqlserver connection "master"
[0m14:00:05.634964 [debug] [MainThread]: On master: IF @@TRANCOUNT > 0 COMMIT TRANSACTION
[0m14:00:05.635280 [debug] [MainThread]: SQL status: OK in 0.000 seconds
[0m14:00:05.635511 [debug] [MainThread]: On master: Close
[0m14:00:05.635789 [debug] [MainThread]: Connection 'master' was properly closed.
[0m14:00:05.635981 [debug] [MainThread]: Connection 'list_dbt_dev' was properly closed.
[0m14:00:05.636162 [debug] [MainThread]: Connection 'list_dbt_dev_dbo_dbo' was properly closed.
[0m14:00:05.636338 [debug] [MainThread]: Connection 'model.my_dbt_project.dim_geography' was properly closed.
[0m14:00:05.636548 [info ] [MainThread]: 
[0m14:00:05.636835 [info ] [MainThread]: Finished running 1 incremental model in 0 hours 0 minutes and 0.48 seconds (0.48s).
[0m14:00:05.637378 [debug] [MainThread]: Command end result
[0m14:00:05.667109 [debug] [MainThread]: Wrote artifact WritableManifest to C:\Users\nicjc\my_dbt_project\target\manifest.json
[0m14:00:05.670406 [debug] [MainThread]: Wrote artifact SemanticManifest to C:\Users\nicjc\my_dbt_project\target\semantic_manifest.json
[0m14:00:05.673309 [debug] [MainThread]: Wrote artifact OsiDocument to C:\Users\nicjc\my_dbt_project\target\osi_document.json
[0m14:00:05.679094 [debug] [MainThread]: Wrote artifact RunExecutionResult to C:\Users\nicjc\my_dbt_project\target\run_results.json
[0m14:00:05.679379 [info ] [MainThread]: 
[0m14:00:05.679819 [info ] [MainThread]: [31mCompleted with 1 error, 0 partial successes, and 0 warnings:[0m
[0m14:00:05.680247 [info ] [MainThread]: 
[0m14:00:05.680646 [error] [MainThread]: [[31mERROR[0m]: in model dim_geography (models\dimensions\dim_geography.sql)
[0m14:00:05.681033 [error] [MainThread]:   ('42S02', "[42S02] [Microsoft][ODBC Driver 18 for SQL Server][SQL Server]Invalid object name 'dbt_dev.dbo.dim_geography'. (208) (SQLMoreResults)")
[0m14:00:05.681326 [info ] [MainThread]: 
[0m14:00:05.681661 [info ] [MainThread]:   compiled code at target\compiled\my_dbt_project\models\dimensions\dim_geography.sql
[0m14:00:05.681945 [info ] [MainThread]: 
[0m14:00:05.682268 [info ] [MainThread]: Done. PASS=0 WARN=0 ERROR=1 SKIP=0 NO-OP=0 REUSED=0 TOTAL=1
[0m14:00:05.683069 [debug] [MainThread]: Command `dbt run` failed at 14:00:05.682983 after 1.43 seconds
[0m14:00:05.683368 [debug] [MainThread]: Sending event: {'category': 'dbt', 'action': 'invocation', 'label': 'end', 'context': [<snowplow_tracker.self_describing_json.SelfDescribingJson object at 0x000001E1A30DF800>, <snowplow_tracker.self_describing_json.SelfDescribingJson object at 0x000001E19C2D9450>, <snowplow_tracker.self_describing_json.SelfDescribingJson object at 0x000001E1A29E2FD0>]}
[0m14:00:05.683637 [debug] [MainThread]: Flushing usage events
[0m14:00:06.965007 [debug] [MainThread]: An error was encountered while trying to flush usage events
[0m14:02:45.945951 [debug] [MainThread]: Sending event: {'category': 'dbt', 'action': 'invocation', 'label': 'start', 'context': [<snowplow_tracker.self_describing_json.SelfDescribingJson object at 0x0000017EE33B1D30>, <snowplow_tracker.self_describing_json.SelfDescribingJson object at 0x0000017EE0F4CB90>, <snowplow_tracker.self_describing_json.SelfDescribingJson object at 0x0000017EE5D6B890>]}


============================== 14:02:45.949212 | 9bf8eede-faac-457b-9bbf-808c34d891be ==============================
[0m14:02:45.949212 [info ] [MainThread]: Running with dbt=1.12.5
[0m14:02:45.949792 [debug] [MainThread]: running dbt with arguments {'version_check': 'True', 'no_print': 'None', 'static_parser': 'True', 'warn_error_options': 'WarnErrorOptionsV2(error=[], warn=[], silence=[])', 'maximum_seed_size_mib': '1', 'target_path': 'None', 'printer_width': '80', 'write_json': 'True', 'introspect': 'True', 'log_cache_events': 'False', 'empty': 'False', 'cache_selected_only': 'False', 'log_format': 'default', 'debug': 'False', 'fail_fast': 'False', 'profiles_dir': 'C:\\Users\\nicjc\\.dbt', 'send_anonymous_usage_stats': 'True', 'quiet': 'False', 'warn_error': 'None', 'partial_parse': 'True', 'indirect_selection': 'eager', 'hints_enabled': 'True', 'use_colors': 'True', 'use_experimental_parser': 'False', 'invocation_command': 'dbt run --select dim_geography --full-refresh', 'log_path': 'C:\\Users\\nicjc\\my_dbt_project\\logs'}
[0m14:02:46.155899 [debug] [MainThread]: Sending event: {'category': 'dbt', 'action': 'project_id', 'label': '9bf8eede-faac-457b-9bbf-808c34d891be', 'context': [<snowplow_tracker.self_describing_json.SelfDescribingJson object at 0x0000017EE5E0FE10>]}
[0m14:02:46.214376 [debug] [MainThread]: Sending event: {'category': 'dbt', 'action': 'adapter_info', 'label': '9bf8eede-faac-457b-9bbf-808c34d891be', 'context': [<snowplow_tracker.self_describing_json.SelfDescribingJson object at 0x0000017EE6303AC0>]}
[0m14:02:46.215156 [info ] [MainThread]: Registered adapter: sqlserver=1.12.0
[0m14:02:46.437129 [debug] [MainThread]: checksum: 84e6854b018826ad904eca26f98d7d902f51ac360469f424a309c73808fc198c, vars: {}, profile: sqlserver_profile, target: dev, version: 1.12.5
[0m14:02:46.569955 [debug] [MainThread]: Partial parsing enabled: 0 files deleted, 0 files added, 1 files changed.
[0m14:02:46.570569 [debug] [MainThread]: Partial parsing: updated file: my_dbt_project://models\dimensions\dim_geography.sql
[0m14:02:47.072561 [debug] [MainThread]: Sending event: {'category': 'dbt', 'action': 'load_project', 'label': '9bf8eede-faac-457b-9bbf-808c34d891be', 'context': [<snowplow_tracker.self_describing_json.SelfDescribingJson object at 0x0000017EE68A9650>]}
[0m14:02:47.154799 [debug] [MainThread]: Wrote artifact WritableManifest to C:\Users\nicjc\my_dbt_project\target\manifest.json
[0m14:02:47.160049 [debug] [MainThread]: Wrote artifact SemanticManifest to C:\Users\nicjc\my_dbt_project\target\semantic_manifest.json
[0m14:02:47.184012 [debug] [MainThread]: Wrote artifact OsiDocument to C:\Users\nicjc\my_dbt_project\target\osi_document.json
[0m14:02:47.195299 [debug] [MainThread]: Sending event: {'category': 'dbt', 'action': 'resource_counts', 'label': '9bf8eede-faac-457b-9bbf-808c34d891be', 'context': [<snowplow_tracker.self_describing_json.SelfDescribingJson object at 0x0000017EE6C6D130>]}
[0m14:02:47.196039 [info ] [MainThread]: Found 3 models, 1 seed, 6 data tests, 579 macros
[0m14:02:47.196711 [debug] [MainThread]: Sending event: {'category': 'dbt', 'action': 'runnable_timing', 'label': '9bf8eede-faac-457b-9bbf-808c34d891be', 'context': [<snowplow_tracker.self_describing_json.SelfDescribingJson object at 0x0000017EE6C36C10>]}
[0m14:02:47.199602 [info ] [MainThread]: 
[0m14:02:47.200473 [info ] [MainThread]: Concurrency: 1 threads (target='dev')
[0m14:02:47.200914 [info ] [MainThread]: 
[0m14:02:47.201454 [debug] [MainThread]: Acquiring new sqlserver connection 'master'
[0m14:02:47.202455 [debug] [ThreadPool]: Acquiring new sqlserver connection 'list_dbt_dev'
[0m14:02:47.220738 [debug] [ThreadPool]: dbt-sqlserver
[0m14:02:47.222957 [debug] [ThreadPool]: Using sqlserver connection "list_dbt_dev"
[0m14:02:47.223237 [debug] [ThreadPool]: On list_dbt_dev: /* {"app": "dbt", "dbt_version": "1.12.5", "profile_name": "sqlserver_profile", "target_name": "dev", "connection_name": "list_dbt_dev"} */
USE "dbt_dev";
    select  name as [schema]
    from sys.schemas with (nolock) 
    OPTION (LABEL = 'dbt-sqlserver');

  
[0m14:02:47.223465 [debug] [ThreadPool]: Opening a new connection, currently in state init
[0m14:02:47.226404 [debug] [ThreadPool]: sqlserver adapter: Using connection string: DRIVER={ODBC Driver 18 for SQL Server};SERVER=localhost,1433;Database=dbt_dev;UID=***;PWD=***;encrypt=No;TrustServerCertificate=Yes;APP=dbt-sqlserver/1.12.0;Pooling=true;SQL_ATTR_TRACE=SQL_OPT_TRACE_OFF;ConnectRetryCount=3;ConnectRetryInterval=10
[0m14:02:47.369083 [debug] [ThreadPool]: sqlserver adapter: Connected to db: dbt_dev
[0m14:02:47.371646 [debug] [ThreadPool]: SQL status: OK in 0.000 seconds
[0m14:02:47.372830 [debug] [ThreadPool]: On list_dbt_dev: Close
[0m14:02:47.378409 [debug] [ThreadPool]: Acquiring new sqlserver connection 'list_dbt_dev_dbo_dbo'
[0m14:02:47.382830 [debug] [ThreadPool]: dbt-sqlserver
[0m14:02:47.383261 [debug] [ThreadPool]: Using sqlserver connection "list_dbt_dev_dbo_dbo"
[0m14:02:47.383486 [debug] [ThreadPool]: On list_dbt_dev_dbo_dbo: BEGIN TRANSACTION
[0m14:02:47.383692 [debug] [ThreadPool]: Opening a new connection, currently in state init
[0m14:02:47.384004 [debug] [ThreadPool]: sqlserver adapter: Using connection string: DRIVER={ODBC Driver 18 for SQL Server};SERVER=localhost,1433;Database=dbt_dev;UID=***;PWD=***;encrypt=No;TrustServerCertificate=Yes;APP=dbt-sqlserver/1.12.0;Pooling=true;SQL_ATTR_TRACE=SQL_OPT_TRACE_OFF;ConnectRetryCount=3;ConnectRetryInterval=10
[0m14:02:47.384311 [debug] [ThreadPool]: sqlserver adapter: Connected to db: dbt_dev
[0m14:02:47.385194 [debug] [ThreadPool]: SQL status: OK in 0.000 seconds
[0m14:02:47.385432 [debug] [ThreadPool]: Using sqlserver connection "list_dbt_dev_dbo_dbo"
[0m14:02:47.385654 [debug] [ThreadPool]: On list_dbt_dev_dbo_dbo: /* {"app": "dbt", "dbt_version": "1.12.5", "profile_name": "sqlserver_profile", "target_name": "dev", "connection_name": "list_dbt_dev_dbo_dbo"} */
USE "dbt_dev";
    declare @schema_id int = schema_id('dbo_dbo');
    select
      DB_NAME() as [database],
      t.name as [name],
      'dbo_dbo' as [schema],
      'table' as table_type
    from sys.tables as t with (nolock)
    where t.schema_id = @schema_id
    union all
    select
      DB_NAME() as [database],
      v.name as [name],
      'dbo_dbo' as [schema],
      'view' as table_type
    from sys.views as v with (nolock)
    where v.schema_id = @schema_id
    
    OPTION (LABEL = 'dbt-sqlserver');

  
[0m14:02:47.419709 [debug] [ThreadPool]: SQL status: OK in 0.000 seconds
[0m14:02:47.420896 [debug] [ThreadPool]: On list_dbt_dev_dbo_dbo: ROLLBACK
[0m14:02:47.421564 [debug] [ThreadPool]: On list_dbt_dev_dbo_dbo: Close
[0m14:02:47.422035 [debug] [ThreadPool]: Re-using an available connection from the pool (formerly list_dbt_dev_dbo_dbo, now list_dbt_dev_dbo)
[0m14:02:47.423425 [debug] [ThreadPool]: dbt-sqlserver
[0m14:02:47.423804 [debug] [ThreadPool]: Using sqlserver connection "list_dbt_dev_dbo"
[0m14:02:47.424015 [debug] [ThreadPool]: On list_dbt_dev_dbo: BEGIN TRANSACTION
[0m14:02:47.424205 [debug] [ThreadPool]: Opening a new connection, currently in state closed
[0m14:02:47.424488 [debug] [ThreadPool]: sqlserver adapter: Using connection string: DRIVER={ODBC Driver 18 for SQL Server};SERVER=localhost,1433;Database=dbt_dev;UID=***;PWD=***;encrypt=No;TrustServerCertificate=Yes;APP=dbt-sqlserver/1.12.0;Pooling=true;SQL_ATTR_TRACE=SQL_OPT_TRACE_OFF;ConnectRetryCount=3;ConnectRetryInterval=10
[0m14:02:47.424763 [debug] [ThreadPool]: sqlserver adapter: Connected to db: dbt_dev
[0m14:02:47.425443 [debug] [ThreadPool]: SQL status: OK in 0.000 seconds
[0m14:02:47.426088 [debug] [ThreadPool]: Using sqlserver connection "list_dbt_dev_dbo"
[0m14:02:47.426625 [debug] [ThreadPool]: On list_dbt_dev_dbo: /* {"app": "dbt", "dbt_version": "1.12.5", "profile_name": "sqlserver_profile", "target_name": "dev", "connection_name": "list_dbt_dev_dbo"} */
USE "dbt_dev";
    declare @schema_id int = schema_id('dbo');
    select
      DB_NAME() as [database],
      t.name as [name],
      'dbo' as [schema],
      'table' as table_type
    from sys.tables as t with (nolock)
    where t.schema_id = @schema_id
    union all
    select
      DB_NAME() as [database],
      v.name as [name],
      'dbo' as [schema],
      'view' as table_type
    from sys.views as v with (nolock)
    where v.schema_id = @schema_id
    
    OPTION (LABEL = 'dbt-sqlserver');

  
[0m14:02:47.449774 [debug] [ThreadPool]: SQL status: OK in 0.000 seconds
[0m14:02:47.450972 [debug] [ThreadPool]: On list_dbt_dev_dbo: ROLLBACK
[0m14:02:47.451460 [debug] [ThreadPool]: On list_dbt_dev_dbo: Close
[0m14:02:47.453200 [debug] [MainThread]: Sending event: {'category': 'dbt', 'action': 'runnable_timing', 'label': '9bf8eede-faac-457b-9bbf-808c34d891be', 'context': [<snowplow_tracker.self_describing_json.SelfDescribingJson object at 0x0000017EE6D1A0D0>]}
[0m14:02:47.453651 [debug] [MainThread]: Using sqlserver connection "master"
[0m14:02:47.453880 [debug] [MainThread]: On master: BEGIN TRANSACTION
[0m14:02:47.454094 [debug] [MainThread]: Opening a new connection, currently in state init
[0m14:02:47.454404 [debug] [MainThread]: sqlserver adapter: Using connection string: DRIVER={ODBC Driver 18 for SQL Server};SERVER=localhost,1433;Database=dbt_dev;UID=***;PWD=***;encrypt=No;TrustServerCertificate=Yes;APP=dbt-sqlserver/1.12.0;Pooling=true;SQL_ATTR_TRACE=SQL_OPT_TRACE_OFF;ConnectRetryCount=3;ConnectRetryInterval=10
[0m14:02:47.454692 [debug] [MainThread]: sqlserver adapter: Connected to db: dbt_dev
[0m14:02:47.455383 [debug] [MainThread]: SQL status: OK in 0.000 seconds
[0m14:02:47.455686 [debug] [MainThread]: On master: COMMIT
[0m14:02:47.455943 [debug] [MainThread]: Using sqlserver connection "master"
[0m14:02:47.456200 [debug] [MainThread]: On master: IF @@TRANCOUNT > 0 COMMIT TRANSACTION
[0m14:02:47.456708 [debug] [MainThread]: SQL status: OK in 0.000 seconds
[0m14:02:47.456946 [debug] [MainThread]: On master: Close
[0m14:02:47.459538 [debug] [Thread-1 (]: Began running node model.my_dbt_project.dim_geography
[0m14:02:47.459976 [info ] [Thread-1 (]: 1 of 1 START sql incremental model dbo.dim_geography ........................... [RUN]
[0m14:02:47.460461 [debug] [Thread-1 (]: Acquiring new sqlserver connection 'model.my_dbt_project.dim_geography'
[0m14:02:47.460732 [debug] [Thread-1 (]: Began compiling node model.my_dbt_project.dim_geography
[0m14:02:47.466494 [debug] [Thread-1 (]: Writing injected SQL for node "model.my_dbt_project.dim_geography"
[0m14:02:47.467274 [debug] [Thread-1 (]: Began executing node model.my_dbt_project.dim_geography
[0m14:02:47.524183 [debug] [Thread-1 (]: Applying DROP to: "dbt_dev"."dbo"."dim_geography__dbt_tmp__dbt_tmp_vw"
[0m14:02:47.529678 [debug] [Thread-1 (]: dbt-sqlserver
[0m14:02:47.530134 [debug] [Thread-1 (]: Using sqlserver connection "model.my_dbt_project.dim_geography"
[0m14:02:47.530420 [debug] [Thread-1 (]: On model.my_dbt_project.dim_geography: /* {"app": "dbt", "dbt_version": "1.12.5", "profile_name": "sqlserver_profile", "target_name": "dev", "node_id": "model.my_dbt_project.dim_geography"} */

        USE "dbt_dev";
        select
            sch.name as schema_name,
            obj.name as view_name
        from sys.sql_expression_dependencies refs with (nolock)
        inner join sys.objects obj with (nolock)
        on refs.referencing_id = obj.object_id
        inner join sys.schemas sch with (nolock)
        on obj.schema_id = sch.schema_id
        where refs.referenced_database_name = 'dbt_dev'
        and refs.referenced_schema_name = 'dbo'
        and refs.referenced_entity_name = 'dim_geography__dbt_tmp__dbt_tmp_vw'
        and obj.type = 'V'
        
    OPTION (LABEL = 'dbt-sqlserver');

      
[0m14:02:47.530689 [debug] [Thread-1 (]: Opening a new connection, currently in state init
[0m14:02:47.531044 [debug] [Thread-1 (]: sqlserver adapter: Using connection string: DRIVER={ODBC Driver 18 for SQL Server};SERVER=localhost,1433;Database=dbt_dev;UID=***;PWD=***;encrypt=No;TrustServerCertificate=Yes;APP=dbt-sqlserver/1.12.0;Pooling=true;SQL_ATTR_TRACE=SQL_OPT_TRACE_OFF;ConnectRetryCount=3;ConnectRetryInterval=10
[0m14:02:47.627971 [debug] [Thread-1 (]: sqlserver adapter: Connected to db: dbt_dev
[0m14:02:47.643766 [debug] [Thread-1 (]: SQL status: OK in 0.000 seconds
[0m14:02:47.645100 [debug] [Thread-1 (]: Using sqlserver connection "model.my_dbt_project.dim_geography"
[0m14:02:47.645384 [debug] [Thread-1 (]: On model.my_dbt_project.dim_geography: /* {"app": "dbt", "dbt_version": "1.12.5", "profile_name": "sqlserver_profile", "target_name": "dev", "node_id": "model.my_dbt_project.dim_geography"} */

      
      
    
    USE "dbt_dev";
    EXEC('DROP view IF EXISTS "dbo"."dim_geography__dbt_tmp__dbt_tmp_vw";');

[0m14:02:47.646249 [debug] [Thread-1 (]: SQL status: OK in 0.000 seconds
[0m14:02:47.654822 [debug] [Thread-1 (]: Using sqlserver connection "model.my_dbt_project.dim_geography"
[0m14:02:47.655121 [debug] [Thread-1 (]: On model.my_dbt_project.dim_geography: /* {"app": "dbt", "dbt_version": "1.12.5", "profile_name": "sqlserver_profile", "target_name": "dev", "node_id": "model.my_dbt_project.dim_geography"} */

        USE "dbt_dev";
    USE "dbt_dev";
    
    

    

    USE "dbt_dev";
    EXEC('
        CREATE OR ALTER VIEW "dbo"."dim_geography__dbt_tmp__dbt_tmp_vw" AS 

with source_data as (

    select
        country,
        region,
        
    -- SQL Server surrogate key using SHA2_256
    convert(varchar(64),
        hashbytes(
            ''SHA2_256'',
            concat(country,''|'',region)
        ),
    2)
 as geography_key,
        current_timestamp as valid_from,
        cast(''9999-12-31'' as datetime) as valid_to,
        1 as is_current
    from "dbt_dev"."dbo_dbo"."5000_sales_records"
    group by country, region

),

existing as (
    select *
    from "dbt_dev"."dbo"."dim_geography"
)

select
    sd.geography_key,
    sd.country,
    sd.region,
    sd.valid_from,
    sd.valid_to,
    sd.is_current
from source_data sd

;
    ')

EXEC('IF OBJECT_ID(''"dbo"."dim_geography__dbt_tmp"'', ''U'') IS NOT NULL
            EXEC(''DROP TABLE "dbt_dev"."dbo"."dim_geography__dbt_tmp"'');SELECT TOP 0 * INTO "dbt_dev"."dbo"."dim_geography__dbt_tmp" FROM "dbt_dev"."dbo"."dim_geography__dbt_tmp__dbt_tmp_vw"')
    
[0m14:02:47.656992 [debug] [Thread-1 (]: SQL status: OK in 0.000 seconds
[0m14:02:47.658579 [debug] [Thread-1 (]: On model.my_dbt_project.dim_geography: Close
[0m14:02:47.659076 [error] [Thread-1 (]: [[31mERROR[0m]: Unhandled error while executing 
('42S02', "[42S02] [Microsoft][ODBC Driver 18 for SQL Server][SQL Server]Invalid object name 'dbt_dev.dbo.dim_geography'. (208) (SQLMoreResults)")
[0m14:02:47.663212 [debug] [Thread-1 (]: Traceback (most recent call last):
  File "C:\envs\dbt_sqlserver\Lib\site-packages\dbt\task\base.py", line 388, in safe_run
    result = self.compile_and_execute(manifest, ctx)
  File "C:\envs\dbt_sqlserver\Lib\site-packages\dbt\task\base.py", line 335, in compile_and_execute
    result = self.run(ctx.node, manifest)
  File "C:\envs\dbt_sqlserver\Lib\site-packages\dbt\task\base.py", line 440, in run
    return self.execute(compiled_node, manifest)  # type: ignore[arg-type]
           ~~~~~~~~~~~~^^^^^^^^^^^^^^^^^^^^^^^^^
  File "C:\envs\dbt_sqlserver\Lib\site-packages\dbt\task\run.py", line 484, in execute
    return self._execute_model(
           ~~~~~~~~~~~~~~~~~~~^
        hook_ctx, context["config"], model, context, materialization_macro, manifest
        ^^^^^^^^^^^^^^^^^^^^^^^^^^^^^^^^^^^^^^^^^^^^^^^^^^^^^^^^^^^^^^^^^^^^^^^^^^^^
    )
    ^
  File "C:\envs\dbt_sqlserver\Lib\site-packages\dbt\task\run.py", line 440, in _execute_model
    result = MacroGenerator(
        materialization_macro, context, stack=context["context_macro_stack"]
    )()
  File "C:\envs\dbt_sqlserver\Lib\site-packages\dbt\clients\jinja.py", line 151, in __call__
    return self.call_macro(*args, **kwargs)
           ~~~~~~~~~~~~~~~^^^^^^^^^^^^^^^^^
  File "C:\envs\dbt_sqlserver\Lib\site-packages\dbt_common\clients\jinja.py", line 395, in call_macro
    return macro(*args, **kwargs)
  File "C:\envs\dbt_sqlserver\Lib\site-packages\jinja2\runtime.py", line 770, in __call__
    return self._invoke(arguments, autoescape)
           ~~~~~~~~~~~~^^^^^^^^^^^^^^^^^^^^^^^
  File "C:\envs\dbt_sqlserver\Lib\site-packages\jinja2\runtime.py", line 784, in _invoke
    rv = self._func(*arguments)
  File "<template>", line 133, in macro
  File "C:\envs\dbt_sqlserver\Lib\site-packages\jinja2\sandbox.py", line 401, in call
    return __context.call(__obj, *args, **kwargs)
           ~~~~~~~~~~~~~~^^^^^^^^^^^^^^^^^^^^^^^^
  File "C:\envs\dbt_sqlserver\Lib\site-packages\jinja2\runtime.py", line 303, in call
    return __obj(*args, **kwargs)
  File "C:\envs\dbt_sqlserver\Lib\site-packages\dbt\clients\jinja.py", line 151, in __call__
    return self.call_macro(*args, **kwargs)
           ~~~~~~~~~~~~~~~^^^^^^^^^^^^^^^^^
  File "C:\envs\dbt_sqlserver\Lib\site-packages\dbt_common\clients\jinja.py", line 395, in call_macro
    return macro(*args, **kwargs)
  File "C:\envs\dbt_sqlserver\Lib\site-packages\jinja2\runtime.py", line 770, in __call__
    return self._invoke(arguments, autoescape)
           ~~~~~~~~~~~~^^^^^^^^^^^^^^^^^^^^^^^
  File "C:\envs\dbt_sqlserver\Lib\site-packages\jinja2\runtime.py", line 784, in _invoke
    rv = self._func(*arguments)
  File "<template>", line 52, in macro
  File "C:\envs\dbt_sqlserver\Lib\site-packages\jinja2\sandbox.py", line 401, in call
    return __context.call(__obj, *args, **kwargs)
           ~~~~~~~~~~~~~~^^^^^^^^^^^^^^^^^^^^^^^^
  File "C:\envs\dbt_sqlserver\Lib\site-packages\jinja2\runtime.py", line 303, in call
    return __obj(*args, **kwargs)
  File "C:\envs\dbt_sqlserver\Lib\site-packages\dbt_common\record.py", line 538, in record_replay_wrapper
    return func_to_record(*call_args, **kwargs)
  File "C:\envs\dbt_sqlserver\Lib\site-packages\dbt\adapters\base\impl.py", line 523, in execute
    return self.connections.execute(sql=sql, auto_begin=auto_begin, fetch=fetch, limit=limit)
           ~~~~~~~~~~~~~~~~~~~~~~~~^^^^^^^^^^^^^^^^^^^^^^^^^^^^^^^^^^^^^^^^^^^^^^^^^^^^^^^^^^
  File "C:\envs\dbt_sqlserver\Lib\site-packages\dbt\adapters\sqlserver\sqlserver_connections.py", line 865, in execute
    while _try_drain_nextset(cursor):
          ~~~~~~~~~~~~~~~~~~^^^^^^^^
  File "C:\envs\dbt_sqlserver\Lib\site-packages\dbt\adapters\sqlserver\sqlserver_connections.py", line 222, in _try_drain_nextset
    return bool(cursor.nextset())
                ~~~~~~~~~~~~~~^^
pyodbc.ProgrammingError: ('42S02', "[42S02] [Microsoft][ODBC Driver 18 for SQL Server][SQL Server]Invalid object name 'dbt_dev.dbo.dim_geography'. (208) (SQLMoreResults)")

[0m14:02:47.664766 [debug] [Thread-1 (]: Sending event: {'category': 'dbt', 'action': 'run_model', 'label': '9bf8eede-faac-457b-9bbf-808c34d891be', 'context': [<snowplow_tracker.self_describing_json.SelfDescribingJson object at 0x0000017EE67FF110>]}
[0m14:02:47.665279 [error] [Thread-1 (]: 1 of 1 ERROR creating sql incremental model dbo.dim_geography .................. [[31mERROR[0m in 0.20s]
[0m14:02:47.665922 [debug] [Thread-1 (]: Finished running node model.my_dbt_project.dim_geography
[0m14:02:47.666984 [debug] [Thread-4 (]: Marking all children of 'model.my_dbt_project.dim_geography' to be skipped because of status 'error'.  Reason: ('42S02', "[42S02] [Microsoft][ODBC Driver 18 for SQL Server][SQL Server]Invalid object name 'dbt_dev.dbo.dim_geography'. (208) (SQLMoreResults)").
[0m14:02:47.669138 [debug] [MainThread]: Using sqlserver connection "master"
[0m14:02:47.669373 [debug] [MainThread]: On master: BEGIN TRANSACTION
[0m14:02:47.669576 [debug] [MainThread]: Opening a new connection, currently in state closed
[0m14:02:47.669884 [debug] [MainThread]: sqlserver adapter: Using connection string: DRIVER={ODBC Driver 18 for SQL Server};SERVER=localhost,1433;Database=dbt_dev;UID=***;PWD=***;encrypt=No;TrustServerCertificate=Yes;APP=dbt-sqlserver/1.12.0;Pooling=true;SQL_ATTR_TRACE=SQL_OPT_TRACE_OFF;ConnectRetryCount=3;ConnectRetryInterval=10
[0m14:02:47.670159 [debug] [MainThread]: sqlserver adapter: Connected to db: dbt_dev
[0m14:02:47.670824 [debug] [MainThread]: SQL status: OK in 0.000 seconds
[0m14:02:47.671050 [debug] [MainThread]: On master: COMMIT
[0m14:02:47.671248 [debug] [MainThread]: Using sqlserver connection "master"
[0m14:02:47.671435 [debug] [MainThread]: On master: IF @@TRANCOUNT > 0 COMMIT TRANSACTION
[0m14:02:47.671747 [debug] [MainThread]: SQL status: OK in 0.000 seconds
[0m14:02:47.671969 [debug] [MainThread]: On master: Close
[0m14:02:47.672237 [debug] [MainThread]: Connection 'master' was properly closed.
[0m14:02:47.672424 [debug] [MainThread]: Connection 'list_dbt_dev' was properly closed.
[0m14:02:47.672596 [debug] [MainThread]: Connection 'list_dbt_dev_dbo' was properly closed.
[0m14:02:47.672776 [debug] [MainThread]: Connection 'model.my_dbt_project.dim_geography' was properly closed.
[0m14:02:47.672978 [info ] [MainThread]: 
[0m14:02:47.673250 [info ] [MainThread]: Finished running 1 incremental model in 0 hours 0 minutes and 0.47 seconds (0.47s).
[0m14:02:47.673793 [debug] [MainThread]: Command end result
[0m14:02:47.704234 [debug] [MainThread]: Wrote artifact WritableManifest to C:\Users\nicjc\my_dbt_project\target\manifest.json
[0m14:02:47.707385 [debug] [MainThread]: Wrote artifact SemanticManifest to C:\Users\nicjc\my_dbt_project\target\semantic_manifest.json
[0m14:02:47.710232 [debug] [MainThread]: Wrote artifact OsiDocument to C:\Users\nicjc\my_dbt_project\target\osi_document.json
[0m14:02:47.716048 [debug] [MainThread]: Wrote artifact RunExecutionResult to C:\Users\nicjc\my_dbt_project\target\run_results.json
[0m14:02:47.716288 [info ] [MainThread]: 
[0m14:02:47.716709 [info ] [MainThread]: [31mCompleted with 1 error, 0 partial successes, and 0 warnings:[0m
[0m14:02:47.717114 [info ] [MainThread]: 
[0m14:02:47.717466 [error] [MainThread]: [[31mERROR[0m]: in model dim_geography (models\dimensions\dim_geography.sql)
[0m14:02:47.717850 [error] [MainThread]:   ('42S02', "[42S02] [Microsoft][ODBC Driver 18 for SQL Server][SQL Server]Invalid object name 'dbt_dev.dbo.dim_geography'. (208) (SQLMoreResults)")
[0m14:02:47.718206 [info ] [MainThread]: 
[0m14:02:47.718581 [info ] [MainThread]:   compiled code at target\compiled\my_dbt_project\models\dimensions\dim_geography.sql
[0m14:02:47.718876 [info ] [MainThread]: 
[0m14:02:47.719254 [info ] [MainThread]: Done. PASS=0 WARN=0 ERROR=1 SKIP=0 NO-OP=0 REUSED=0 TOTAL=1
[0m14:02:47.720231 [debug] [MainThread]: Command `dbt run` failed at 14:02:47.720142 after 1.90 seconds
[0m14:02:47.720523 [debug] [MainThread]: Sending event: {'category': 'dbt', 'action': 'invocation', 'label': 'end', 'context': [<snowplow_tracker.self_describing_json.SelfDescribingJson object at 0x0000017EE6C56830>, <snowplow_tracker.self_describing_json.SelfDescribingJson object at 0x0000017EE5B6B2F0>, <snowplow_tracker.self_describing_json.SelfDescribingJson object at 0x0000017EE6CC7390>]}
[0m14:02:47.720796 [debug] [MainThread]: Flushing usage events
[0m14:02:49.071632 [debug] [MainThread]: An error was encountered while trying to flush usage events
[0m14:07:15.817827 [debug] [MainThread]: Sending event: {'category': 'dbt', 'action': 'invocation', 'label': 'start', 'context': [<snowplow_tracker.self_describing_json.SelfDescribingJson object at 0x00000268CA451D30>, <snowplow_tracker.self_describing_json.SelfDescribingJson object at 0x00000268C7FFCB90>, <snowplow_tracker.self_describing_json.SelfDescribingJson object at 0x00000268CCE0B890>]}


============================== 14:07:15.821197 | 05921747-e606-4b99-ba63-54ac43d073b8 ==============================
[0m14:07:15.821197 [info ] [MainThread]: Running with dbt=1.12.5
[0m14:07:15.821764 [debug] [MainThread]: running dbt with arguments {'version_check': 'True', 'no_print': 'None', 'maximum_seed_size_mib': '1', 'warn_error_options': 'WarnErrorOptionsV2(error=[], warn=[], silence=[])', 'target_path': 'None', 'static_parser': 'True', 'printer_width': '80', 'write_json': 'True', 'introspect': 'True', 'log_cache_events': 'False', 'empty': 'False', 'cache_selected_only': 'False', 'log_format': 'default', 'debug': 'False', 'fail_fast': 'False', 'profiles_dir': 'C:\\Users\\nicjc\\.dbt', 'send_anonymous_usage_stats': 'True', 'quiet': 'False', 'warn_error': 'None', 'partial_parse': 'True', 'use_colors': 'True', 'hints_enabled': 'True', 'indirect_selection': 'eager', 'use_experimental_parser': 'False', 'invocation_command': 'dbt run --select dim_geography --full-refresh', 'log_path': 'C:\\Users\\nicjc\\my_dbt_project\\logs'}
[0m14:07:16.035183 [debug] [MainThread]: Sending event: {'category': 'dbt', 'action': 'project_id', 'label': '05921747-e606-4b99-ba63-54ac43d073b8', 'context': [<snowplow_tracker.self_describing_json.SelfDescribingJson object at 0x00000268CCEAFE10>]}
[0m14:07:16.092465 [debug] [MainThread]: Sending event: {'category': 'dbt', 'action': 'adapter_info', 'label': '05921747-e606-4b99-ba63-54ac43d073b8', 'context': [<snowplow_tracker.self_describing_json.SelfDescribingJson object at 0x00000268CD423AC0>]}
[0m14:07:16.093219 [info ] [MainThread]: Registered adapter: sqlserver=1.12.0
[0m14:07:16.323489 [debug] [MainThread]: checksum: 84e6854b018826ad904eca26f98d7d902f51ac360469f424a309c73808fc198c, vars: {}, profile: sqlserver_profile, target: dev, version: 1.12.5
[0m14:07:16.422261 [info ] [MainThread]: Unable to do partial parsing because profile has changed
[0m14:07:16.423290 [debug] [MainThread]: Sending event: {'category': 'dbt', 'action': 'partial_parser', 'label': '05921747-e606-4b99-ba63-54ac43d073b8', 'context': [<snowplow_tracker.self_describing_json.SelfDescribingJson object at 0x00000268CD98CD50>]}
[0m14:07:17.880039 [debug] [MainThread]: Sending event: {'category': 'dbt', 'action': 'load_project', 'label': '05921747-e606-4b99-ba63-54ac43d073b8', 'context': [<snowplow_tracker.self_describing_json.SelfDescribingJson object at 0x00000268CDDED6D0>]}
[0m14:07:17.958447 [debug] [MainThread]: Wrote artifact WritableManifest to C:\Users\nicjc\my_dbt_project\target\manifest.json
[0m14:07:17.961586 [debug] [MainThread]: Wrote artifact SemanticManifest to C:\Users\nicjc\my_dbt_project\target\semantic_manifest.json
[0m14:07:17.977731 [debug] [MainThread]: Wrote artifact OsiDocument to C:\Users\nicjc\my_dbt_project\target\osi_document.json
[0m14:07:17.985981 [debug] [MainThread]: Sending event: {'category': 'dbt', 'action': 'resource_counts', 'label': '05921747-e606-4b99-ba63-54ac43d073b8', 'context': [<snowplow_tracker.self_describing_json.SelfDescribingJson object at 0x00000268CDF68910>]}
[0m14:07:17.986349 [info ] [MainThread]: Found 3 models, 1 seed, 6 data tests, 579 macros
[0m14:07:17.986702 [debug] [MainThread]: Sending event: {'category': 'dbt', 'action': 'runnable_timing', 'label': '05921747-e606-4b99-ba63-54ac43d073b8', 'context': [<snowplow_tracker.self_describing_json.SelfDescribingJson object at 0x00000268CD7B8AE0>]}
[0m14:07:17.988191 [info ] [MainThread]: 
[0m14:07:17.988658 [info ] [MainThread]: Concurrency: 1 threads (target='dev')
[0m14:07:17.989237 [info ] [MainThread]: 
[0m14:07:17.989932 [debug] [MainThread]: Acquiring new sqlserver connection 'master'
[0m14:07:17.990930 [debug] [ThreadPool]: Acquiring new sqlserver connection 'list_dbt_dev'
[0m14:07:18.008451 [debug] [ThreadPool]: dbt-sqlserver
[0m14:07:18.010519 [debug] [ThreadPool]: Using sqlserver connection "list_dbt_dev"
[0m14:07:18.010769 [debug] [ThreadPool]: On list_dbt_dev: /* {"app": "dbt", "dbt_version": "1.12.5", "profile_name": "sqlserver_profile", "target_name": "dev", "connection_name": "list_dbt_dev"} */
USE "dbt_dev";
    select  name as [schema]
    from sys.schemas with (nolock) 
    OPTION (LABEL = 'dbt-sqlserver');

  
[0m14:07:18.010995 [debug] [ThreadPool]: Opening a new connection, currently in state init
[0m14:07:18.014439 [debug] [ThreadPool]: sqlserver adapter: Using connection string: DRIVER={ODBC Driver 18 for SQL Server};SERVER=localhost,1433;Database=dbt_dev;UID=***;PWD=***;encrypt=No;TrustServerCertificate=Yes;APP=dbt-sqlserver/1.12.0;Pooling=true;SQL_ATTR_TRACE=SQL_OPT_TRACE_OFF;ConnectRetryCount=3;ConnectRetryInterval=10
[0m14:07:18.159784 [debug] [ThreadPool]: sqlserver adapter: Connected to db: dbt_dev
[0m14:07:18.162431 [debug] [ThreadPool]: SQL status: OK in 0.000 seconds
[0m14:07:18.163514 [debug] [ThreadPool]: On list_dbt_dev: Close
[0m14:07:18.164157 [debug] [ThreadPool]: Re-using an available connection from the pool (formerly list_dbt_dev, now create_dbt_dev_dbt)
[0m14:07:18.164534 [debug] [ThreadPool]: Creating schema "database: "dbt_dev"
schema: "dbt"
"
[0m14:07:18.170101 [debug] [ThreadPool]: Using sqlserver connection "create_dbt_dev_dbt"
[0m14:07:18.170337 [debug] [ThreadPool]: On create_dbt_dev_dbt: BEGIN TRANSACTION
[0m14:07:18.170540 [debug] [ThreadPool]: Opening a new connection, currently in state closed
[0m14:07:18.170840 [debug] [ThreadPool]: sqlserver adapter: Using connection string: DRIVER={ODBC Driver 18 for SQL Server};SERVER=localhost,1433;Database=dbt_dev;UID=***;PWD=***;encrypt=No;TrustServerCertificate=Yes;APP=dbt-sqlserver/1.12.0;Pooling=true;SQL_ATTR_TRACE=SQL_OPT_TRACE_OFF;ConnectRetryCount=3;ConnectRetryInterval=10
[0m14:07:18.171130 [debug] [ThreadPool]: sqlserver adapter: Connected to db: dbt_dev
[0m14:07:18.171823 [debug] [ThreadPool]: SQL status: OK in 0.000 seconds
[0m14:07:18.172115 [debug] [ThreadPool]: Using sqlserver connection "create_dbt_dev_dbt"
[0m14:07:18.172389 [debug] [ThreadPool]: On create_dbt_dev_dbt: /* {"app": "dbt", "dbt_version": "1.12.5", "profile_name": "sqlserver_profile", "target_name": "dev", "connection_name": "create_dbt_dev_dbt"} */
USE "dbt_dev";
    DECLARE @dbt_schema_lock int;
  EXEC @dbt_schema_lock = sp_getapplock
    @Resource = 'dbt_create_schema_dbt',
    @LockMode = 'Exclusive',
    @LockOwner = 'Session',
    @LockTimeout = 30000;
  BEGIN TRY
    IF NOT EXISTS (SELECT * FROM sys.schemas WHERE name = 'dbt')
    BEGIN
      EXEC('CREATE SCHEMA "dbt"')
    END
  END TRY
  BEGIN CATCH
    IF @dbt_schema_lock >= 0
      EXEC sp_releaseapplock @Resource = 'dbt_create_schema_dbt', @LockOwner = 'Session';
    THROW;
  END CATCH
  IF @dbt_schema_lock >= 0
    EXEC sp_releaseapplock @Resource = 'dbt_create_schema_dbt', @LockOwner = 'Session';
  
[0m14:07:18.176549 [debug] [ThreadPool]: SQL status: OK in 0.000 seconds
[0m14:07:18.177374 [debug] [ThreadPool]: On create_dbt_dev_dbt: COMMIT
[0m14:07:18.177631 [debug] [ThreadPool]: Using sqlserver connection "create_dbt_dev_dbt"
[0m14:07:18.177884 [debug] [ThreadPool]: On create_dbt_dev_dbt: IF @@TRANCOUNT > 0 COMMIT TRANSACTION
[0m14:07:18.180398 [debug] [ThreadPool]: SQL status: OK in 0.000 seconds
[0m14:07:18.180998 [debug] [ThreadPool]: On create_dbt_dev_dbt: Close
[0m14:07:18.186773 [debug] [ThreadPool]: Acquiring new sqlserver connection 'list_dbt_dev_dbt'
[0m14:07:18.192835 [debug] [ThreadPool]: dbt-sqlserver
[0m14:07:18.193246 [debug] [ThreadPool]: Using sqlserver connection "list_dbt_dev_dbt"
[0m14:07:18.193464 [debug] [ThreadPool]: On list_dbt_dev_dbt: BEGIN TRANSACTION
[0m14:07:18.193672 [debug] [ThreadPool]: Opening a new connection, currently in state init
[0m14:07:18.193960 [debug] [ThreadPool]: sqlserver adapter: Using connection string: DRIVER={ODBC Driver 18 for SQL Server};SERVER=localhost,1433;Database=dbt_dev;UID=***;PWD=***;encrypt=No;TrustServerCertificate=Yes;APP=dbt-sqlserver/1.12.0;Pooling=true;SQL_ATTR_TRACE=SQL_OPT_TRACE_OFF;ConnectRetryCount=3;ConnectRetryInterval=10
[0m14:07:18.194238 [debug] [ThreadPool]: sqlserver adapter: Connected to db: dbt_dev
[0m14:07:18.195286 [debug] [ThreadPool]: SQL status: OK in 0.000 seconds
[0m14:07:18.195589 [debug] [ThreadPool]: Using sqlserver connection "list_dbt_dev_dbt"
[0m14:07:18.195877 [debug] [ThreadPool]: On list_dbt_dev_dbt: /* {"app": "dbt", "dbt_version": "1.12.5", "profile_name": "sqlserver_profile", "target_name": "dev", "connection_name": "list_dbt_dev_dbt"} */
USE "dbt_dev";
    declare @schema_id int = schema_id('dbt');
    select
      DB_NAME() as [database],
      t.name as [name],
      'dbt' as [schema],
      'table' as table_type
    from sys.tables as t with (nolock)
    where t.schema_id = @schema_id
    union all
    select
      DB_NAME() as [database],
      v.name as [name],
      'dbt' as [schema],
      'view' as table_type
    from sys.views as v with (nolock)
    where v.schema_id = @schema_id
    
    OPTION (LABEL = 'dbt-sqlserver');

  
[0m14:07:18.224609 [debug] [ThreadPool]: SQL status: OK in 0.000 seconds
[0m14:07:18.225788 [debug] [ThreadPool]: On list_dbt_dev_dbt: ROLLBACK
[0m14:07:18.226377 [debug] [ThreadPool]: On list_dbt_dev_dbt: Close
[0m14:07:18.226822 [debug] [ThreadPool]: Re-using an available connection from the pool (formerly list_dbt_dev_dbt, now list_dbt_dev_dbt_dbo)
[0m14:07:18.227903 [debug] [ThreadPool]: dbt-sqlserver
[0m14:07:18.228367 [debug] [ThreadPool]: Using sqlserver connection "list_dbt_dev_dbt_dbo"
[0m14:07:18.228578 [debug] [ThreadPool]: On list_dbt_dev_dbt_dbo: BEGIN TRANSACTION
[0m14:07:18.228767 [debug] [ThreadPool]: Opening a new connection, currently in state closed
[0m14:07:18.229049 [debug] [ThreadPool]: sqlserver adapter: Using connection string: DRIVER={ODBC Driver 18 for SQL Server};SERVER=localhost,1433;Database=dbt_dev;UID=***;PWD=***;encrypt=No;TrustServerCertificate=Yes;APP=dbt-sqlserver/1.12.0;Pooling=true;SQL_ATTR_TRACE=SQL_OPT_TRACE_OFF;ConnectRetryCount=3;ConnectRetryInterval=10
[0m14:07:18.229366 [debug] [ThreadPool]: sqlserver adapter: Connected to db: dbt_dev
[0m14:07:18.230002 [debug] [ThreadPool]: SQL status: OK in 0.000 seconds
[0m14:07:18.230229 [debug] [ThreadPool]: Using sqlserver connection "list_dbt_dev_dbt_dbo"
[0m14:07:18.230440 [debug] [ThreadPool]: On list_dbt_dev_dbt_dbo: /* {"app": "dbt", "dbt_version": "1.12.5", "profile_name": "sqlserver_profile", "target_name": "dev", "connection_name": "list_dbt_dev_dbt_dbo"} */
USE "dbt_dev";
    declare @schema_id int = schema_id('dbt_dbo');
    select
      DB_NAME() as [database],
      t.name as [name],
      'dbt_dbo' as [schema],
      'table' as table_type
    from sys.tables as t with (nolock)
    where t.schema_id = @schema_id
    union all
    select
      DB_NAME() as [database],
      v.name as [name],
      'dbt_dbo' as [schema],
      'view' as table_type
    from sys.views as v with (nolock)
    where v.schema_id = @schema_id
    
    OPTION (LABEL = 'dbt-sqlserver');

  
[0m14:07:18.253696 [debug] [ThreadPool]: SQL status: OK in 0.000 seconds
[0m14:07:18.255546 [debug] [ThreadPool]: On list_dbt_dev_dbt_dbo: ROLLBACK
[0m14:07:18.256074 [debug] [ThreadPool]: On list_dbt_dev_dbt_dbo: Close
[0m14:07:18.256791 [debug] [MainThread]: Sending event: {'category': 'dbt', 'action': 'runnable_timing', 'label': '05921747-e606-4b99-ba63-54ac43d073b8', 'context': [<snowplow_tracker.self_describing_json.SelfDescribingJson object at 0x00000268CDEF2BD0>]}
[0m14:07:18.257153 [debug] [MainThread]: Using sqlserver connection "master"
[0m14:07:18.257367 [debug] [MainThread]: On master: BEGIN TRANSACTION
[0m14:07:18.257569 [debug] [MainThread]: Opening a new connection, currently in state init
[0m14:07:18.257885 [debug] [MainThread]: sqlserver adapter: Using connection string: DRIVER={ODBC Driver 18 for SQL Server};SERVER=localhost,1433;Database=dbt_dev;UID=***;PWD=***;encrypt=No;TrustServerCertificate=Yes;APP=dbt-sqlserver/1.12.0;Pooling=true;SQL_ATTR_TRACE=SQL_OPT_TRACE_OFF;ConnectRetryCount=3;ConnectRetryInterval=10
[0m14:07:18.258159 [debug] [MainThread]: sqlserver adapter: Connected to db: dbt_dev
[0m14:07:18.258854 [debug] [MainThread]: SQL status: OK in 0.000 seconds
[0m14:07:18.259380 [debug] [MainThread]: On master: COMMIT
[0m14:07:18.259860 [debug] [MainThread]: Using sqlserver connection "master"
[0m14:07:18.260065 [debug] [MainThread]: On master: IF @@TRANCOUNT > 0 COMMIT TRANSACTION
[0m14:07:18.260403 [debug] [MainThread]: SQL status: OK in 0.000 seconds
[0m14:07:18.260642 [debug] [MainThread]: On master: Close
[0m14:07:18.263276 [debug] [Thread-1 (]: Began running node model.my_dbt_project.dim_geography
[0m14:07:18.263695 [info ] [Thread-1 (]: 1 of 1 START sql incremental model dbt.dim_geography ........................... [RUN]
[0m14:07:18.264168 [debug] [Thread-1 (]: Acquiring new sqlserver connection 'model.my_dbt_project.dim_geography'
[0m14:07:18.264450 [debug] [Thread-1 (]: Began compiling node model.my_dbt_project.dim_geography
[0m14:07:18.270244 [debug] [Thread-1 (]: Writing injected SQL for node "model.my_dbt_project.dim_geography"
[0m14:07:18.271076 [debug] [Thread-1 (]: Began executing node model.my_dbt_project.dim_geography
[0m14:07:18.327570 [debug] [Thread-1 (]: Applying DROP to: "dbt_dev"."dbt"."dim_geography__dbt_tmp__dbt_tmp_vw"
[0m14:07:18.333031 [debug] [Thread-1 (]: dbt-sqlserver
[0m14:07:18.333466 [debug] [Thread-1 (]: Using sqlserver connection "model.my_dbt_project.dim_geography"
[0m14:07:18.333745 [debug] [Thread-1 (]: On model.my_dbt_project.dim_geography: /* {"app": "dbt", "dbt_version": "1.12.5", "profile_name": "sqlserver_profile", "target_name": "dev", "node_id": "model.my_dbt_project.dim_geography"} */

        USE "dbt_dev";
        select
            sch.name as schema_name,
            obj.name as view_name
        from sys.sql_expression_dependencies refs with (nolock)
        inner join sys.objects obj with (nolock)
        on refs.referencing_id = obj.object_id
        inner join sys.schemas sch with (nolock)
        on obj.schema_id = sch.schema_id
        where refs.referenced_database_name = 'dbt_dev'
        and refs.referenced_schema_name = 'dbt'
        and refs.referenced_entity_name = 'dim_geography__dbt_tmp__dbt_tmp_vw'
        and obj.type = 'V'
        
    OPTION (LABEL = 'dbt-sqlserver');

      
[0m14:07:18.334006 [debug] [Thread-1 (]: Opening a new connection, currently in state init
[0m14:07:18.334343 [debug] [Thread-1 (]: sqlserver adapter: Using connection string: DRIVER={ODBC Driver 18 for SQL Server};SERVER=localhost,1433;Database=dbt_dev;UID=***;PWD=***;encrypt=No;TrustServerCertificate=Yes;APP=dbt-sqlserver/1.12.0;Pooling=true;SQL_ATTR_TRACE=SQL_OPT_TRACE_OFF;ConnectRetryCount=3;ConnectRetryInterval=10
[0m14:07:18.334694 [debug] [Thread-1 (]: sqlserver adapter: Connected to db: dbt_dev
[0m14:07:18.349908 [debug] [Thread-1 (]: SQL status: OK in 0.000 seconds
[0m14:07:18.351705 [debug] [Thread-1 (]: Using sqlserver connection "model.my_dbt_project.dim_geography"
[0m14:07:18.351977 [debug] [Thread-1 (]: On model.my_dbt_project.dim_geography: /* {"app": "dbt", "dbt_version": "1.12.5", "profile_name": "sqlserver_profile", "target_name": "dev", "node_id": "model.my_dbt_project.dim_geography"} */

      
      
    
    USE "dbt_dev";
    EXEC('DROP view IF EXISTS "dbt"."dim_geography__dbt_tmp__dbt_tmp_vw";');

[0m14:07:18.352810 [debug] [Thread-1 (]: SQL status: OK in 0.000 seconds
[0m14:07:18.361113 [debug] [Thread-1 (]: Using sqlserver connection "model.my_dbt_project.dim_geography"
[0m14:07:18.361452 [debug] [Thread-1 (]: On model.my_dbt_project.dim_geography: /* {"app": "dbt", "dbt_version": "1.12.5", "profile_name": "sqlserver_profile", "target_name": "dev", "node_id": "model.my_dbt_project.dim_geography"} */

        USE "dbt_dev";
    USE "dbt_dev";
    
    

    

    USE "dbt_dev";
    EXEC('
        CREATE OR ALTER VIEW "dbt"."dim_geography__dbt_tmp__dbt_tmp_vw" AS 

with source_data as (

    select
        country,
        region,
        
    -- SQL Server surrogate key using SHA2_256
    convert(varchar(64),
        hashbytes(
            ''SHA2_256'',
            concat(country,''|'',region)
        ),
    2)
 as geography_key,
        current_timestamp as valid_from,
        cast(''9999-12-31'' as datetime) as valid_to,
        1 as is_current
    from "dbt_dev"."dbt_dbo"."5000_sales_records"
    group by country, region

),

existing as (
    select *
    from "dbt_dev"."dbt"."dim_geography"
)

select
    sd.geography_key,
    sd.country,
    sd.region,
    sd.valid_from,
    sd.valid_to,
    sd.is_current
from source_data sd

;
    ')

EXEC('IF OBJECT_ID(''"dbt"."dim_geography__dbt_tmp"'', ''U'') IS NOT NULL
            EXEC(''DROP TABLE "dbt_dev"."dbt"."dim_geography__dbt_tmp"'');SELECT TOP 0 * INTO "dbt_dev"."dbt"."dim_geography__dbt_tmp" FROM "dbt_dev"."dbt"."dim_geography__dbt_tmp__dbt_tmp_vw"')
    
[0m14:07:18.362763 [debug] [Thread-1 (]: SQL status: OK in 0.000 seconds
[0m14:07:18.363454 [debug] [Thread-1 (]: On model.my_dbt_project.dim_geography: Close
[0m14:07:18.363858 [error] [Thread-1 (]: [[31mERROR[0m]: Unhandled error while executing 
('42S02', "[42S02] [Microsoft][ODBC Driver 18 for SQL Server][SQL Server]Invalid object name 'dbt_dev.dbt_dbo.5000_sales_records'. (208) (SQLMoreResults)")
[0m14:07:18.369322 [debug] [Thread-1 (]: Traceback (most recent call last):
  File "C:\envs\dbt_sqlserver\Lib\site-packages\dbt\task\base.py", line 388, in safe_run
    result = self.compile_and_execute(manifest, ctx)
  File "C:\envs\dbt_sqlserver\Lib\site-packages\dbt\task\base.py", line 335, in compile_and_execute
    result = self.run(ctx.node, manifest)
  File "C:\envs\dbt_sqlserver\Lib\site-packages\dbt\task\base.py", line 440, in run
    return self.execute(compiled_node, manifest)  # type: ignore[arg-type]
           ~~~~~~~~~~~~^^^^^^^^^^^^^^^^^^^^^^^^^
  File "C:\envs\dbt_sqlserver\Lib\site-packages\dbt\task\run.py", line 484, in execute
    return self._execute_model(
           ~~~~~~~~~~~~~~~~~~~^
        hook_ctx, context["config"], model, context, materialization_macro, manifest
        ^^^^^^^^^^^^^^^^^^^^^^^^^^^^^^^^^^^^^^^^^^^^^^^^^^^^^^^^^^^^^^^^^^^^^^^^^^^^
    )
    ^
  File "C:\envs\dbt_sqlserver\Lib\site-packages\dbt\task\run.py", line 440, in _execute_model
    result = MacroGenerator(
        materialization_macro, context, stack=context["context_macro_stack"]
    )()
  File "C:\envs\dbt_sqlserver\Lib\site-packages\dbt\clients\jinja.py", line 151, in __call__
    return self.call_macro(*args, **kwargs)
           ~~~~~~~~~~~~~~~^^^^^^^^^^^^^^^^^
  File "C:\envs\dbt_sqlserver\Lib\site-packages\dbt_common\clients\jinja.py", line 395, in call_macro
    return macro(*args, **kwargs)
  File "C:\envs\dbt_sqlserver\Lib\site-packages\jinja2\runtime.py", line 770, in __call__
    return self._invoke(arguments, autoescape)
           ~~~~~~~~~~~~^^^^^^^^^^^^^^^^^^^^^^^
  File "C:\envs\dbt_sqlserver\Lib\site-packages\jinja2\runtime.py", line 784, in _invoke
    rv = self._func(*arguments)
  File "<template>", line 133, in macro
  File "C:\envs\dbt_sqlserver\Lib\site-packages\jinja2\sandbox.py", line 401, in call
    return __context.call(__obj, *args, **kwargs)
           ~~~~~~~~~~~~~~^^^^^^^^^^^^^^^^^^^^^^^^
  File "C:\envs\dbt_sqlserver\Lib\site-packages\jinja2\runtime.py", line 303, in call
    return __obj(*args, **kwargs)
  File "C:\envs\dbt_sqlserver\Lib\site-packages\dbt\clients\jinja.py", line 151, in __call__
    return self.call_macro(*args, **kwargs)
           ~~~~~~~~~~~~~~~^^^^^^^^^^^^^^^^^
  File "C:\envs\dbt_sqlserver\Lib\site-packages\dbt_common\clients\jinja.py", line 395, in call_macro
    return macro(*args, **kwargs)
  File "C:\envs\dbt_sqlserver\Lib\site-packages\jinja2\runtime.py", line 770, in __call__
    return self._invoke(arguments, autoescape)
           ~~~~~~~~~~~~^^^^^^^^^^^^^^^^^^^^^^^
  File "C:\envs\dbt_sqlserver\Lib\site-packages\jinja2\runtime.py", line 784, in _invoke
    rv = self._func(*arguments)
  File "<template>", line 52, in macro
  File "C:\envs\dbt_sqlserver\Lib\site-packages\jinja2\sandbox.py", line 401, in call
    return __context.call(__obj, *args, **kwargs)
           ~~~~~~~~~~~~~~^^^^^^^^^^^^^^^^^^^^^^^^
  File "C:\envs\dbt_sqlserver\Lib\site-packages\jinja2\runtime.py", line 303, in call
    return __obj(*args, **kwargs)
  File "C:\envs\dbt_sqlserver\Lib\site-packages\dbt_common\record.py", line 538, in record_replay_wrapper
    return func_to_record(*call_args, **kwargs)
  File "C:\envs\dbt_sqlserver\Lib\site-packages\dbt\adapters\base\impl.py", line 523, in execute
    return self.connections.execute(sql=sql, auto_begin=auto_begin, fetch=fetch, limit=limit)
           ~~~~~~~~~~~~~~~~~~~~~~~~^^^^^^^^^^^^^^^^^^^^^^^^^^^^^^^^^^^^^^^^^^^^^^^^^^^^^^^^^^
  File "C:\envs\dbt_sqlserver\Lib\site-packages\dbt\adapters\sqlserver\sqlserver_connections.py", line 865, in execute
    while _try_drain_nextset(cursor):
          ~~~~~~~~~~~~~~~~~~^^^^^^^^
  File "C:\envs\dbt_sqlserver\Lib\site-packages\dbt\adapters\sqlserver\sqlserver_connections.py", line 222, in _try_drain_nextset
    return bool(cursor.nextset())
                ~~~~~~~~~~~~~~^^
pyodbc.ProgrammingError: ('42S02', "[42S02] [Microsoft][ODBC Driver 18 for SQL Server][SQL Server]Invalid object name 'dbt_dev.dbt_dbo.5000_sales_records'. (208) (SQLMoreResults)")

[0m14:07:18.370918 [debug] [Thread-1 (]: Sending event: {'category': 'dbt', 'action': 'run_model', 'label': '05921747-e606-4b99-ba63-54ac43d073b8', 'context': [<snowplow_tracker.self_describing_json.SelfDescribingJson object at 0x00000268CA95C680>]}
[0m14:07:18.371403 [error] [Thread-1 (]: 1 of 1 ERROR creating sql incremental model dbt.dim_geography .................. [[31mERROR[0m in 0.11s]
[0m14:07:18.372057 [debug] [Thread-1 (]: Finished running node model.my_dbt_project.dim_geography
[0m14:07:18.373159 [debug] [Thread-4 (]: Marking all children of 'model.my_dbt_project.dim_geography' to be skipped because of status 'error'.  Reason: ('42S02', "[42S02] [Microsoft][ODBC Driver 18 for SQL Server][SQL Server]Invalid object name 'dbt_dev.dbt_dbo.5000_sales_records'. (208) (SQLMoreResults)").
[0m14:07:18.375481 [debug] [MainThread]: Using sqlserver connection "master"
[0m14:07:18.375783 [debug] [MainThread]: On master: BEGIN TRANSACTION
[0m14:07:18.376007 [debug] [MainThread]: Opening a new connection, currently in state closed
[0m14:07:18.376339 [debug] [MainThread]: sqlserver adapter: Using connection string: DRIVER={ODBC Driver 18 for SQL Server};SERVER=localhost,1433;Database=dbt_dev;UID=***;PWD=***;encrypt=No;TrustServerCertificate=Yes;APP=dbt-sqlserver/1.12.0;Pooling=true;SQL_ATTR_TRACE=SQL_OPT_TRACE_OFF;ConnectRetryCount=3;ConnectRetryInterval=10
[0m14:07:18.376684 [debug] [MainThread]: sqlserver adapter: Connected to db: dbt_dev
[0m14:07:18.377507 [debug] [MainThread]: SQL status: OK in 0.000 seconds
[0m14:07:18.378010 [debug] [MainThread]: On master: COMMIT
[0m14:07:18.378260 [debug] [MainThread]: Using sqlserver connection "master"
[0m14:07:18.378465 [debug] [MainThread]: On master: IF @@TRANCOUNT > 0 COMMIT TRANSACTION
[0m14:07:18.378868 [debug] [MainThread]: SQL status: OK in 0.000 seconds
[0m14:07:18.379377 [debug] [MainThread]: On master: Close
[0m14:07:18.380039 [debug] [MainThread]: Connection 'master' was properly closed.
[0m14:07:18.380294 [debug] [MainThread]: Connection 'create_dbt_dev_dbt' was properly closed.
[0m14:07:18.380470 [debug] [MainThread]: Connection 'list_dbt_dev_dbt_dbo' was properly closed.
[0m14:07:18.380644 [debug] [MainThread]: Connection 'model.my_dbt_project.dim_geography' was properly closed.
[0m14:07:18.380855 [info ] [MainThread]: 
[0m14:07:18.381211 [info ] [MainThread]: Finished running 1 incremental model in 0 hours 0 minutes and 0.39 seconds (0.39s).
[0m14:07:18.381846 [debug] [MainThread]: Command end result
[0m14:07:18.412434 [debug] [MainThread]: Wrote artifact WritableManifest to C:\Users\nicjc\my_dbt_project\target\manifest.json
[0m14:07:18.415530 [debug] [MainThread]: Wrote artifact SemanticManifest to C:\Users\nicjc\my_dbt_project\target\semantic_manifest.json
[0m14:07:18.418821 [debug] [MainThread]: Wrote artifact OsiDocument to C:\Users\nicjc\my_dbt_project\target\osi_document.json
[0m14:07:18.424597 [debug] [MainThread]: Wrote artifact RunExecutionResult to C:\Users\nicjc\my_dbt_project\target\run_results.json
[0m14:07:18.424855 [info ] [MainThread]: 
[0m14:07:18.425273 [info ] [MainThread]: [31mCompleted with 1 error, 0 partial successes, and 0 warnings:[0m
[0m14:07:18.425825 [info ] [MainThread]: 
[0m14:07:18.426273 [error] [MainThread]: [[31mERROR[0m]: in model dim_geography (models\dimensions\dim_geography.sql)
[0m14:07:18.426621 [error] [MainThread]:   ('42S02', "[42S02] [Microsoft][ODBC Driver 18 for SQL Server][SQL Server]Invalid object name 'dbt_dev.dbt_dbo.5000_sales_records'. (208) (SQLMoreResults)")
[0m14:07:18.426962 [info ] [MainThread]: 
[0m14:07:18.427300 [info ] [MainThread]:   compiled code at target\compiled\my_dbt_project\models\dimensions\dim_geography.sql
[0m14:07:18.427591 [info ] [MainThread]: 
[0m14:07:18.427909 [info ] [MainThread]: Done. PASS=0 WARN=0 ERROR=1 SKIP=0 NO-OP=0 REUSED=0 TOTAL=1
[0m14:07:18.428805 [debug] [MainThread]: Command `dbt run` failed at 14:07:18.428715 after 2.73 seconds
[0m14:07:18.429119 [debug] [MainThread]: Sending event: {'category': 'dbt', 'action': 'invocation', 'label': 'end', 'context': [<snowplow_tracker.self_describing_json.SelfDescribingJson object at 0x00000268CDCADE50>, <snowplow_tracker.self_describing_json.SelfDescribingJson object at 0x00000268CE091F40>, <snowplow_tracker.self_describing_json.SelfDescribingJson object at 0x00000268CDF0B350>]}
[0m14:07:18.429402 [debug] [MainThread]: Flushing usage events
[0m14:07:19.827881 [debug] [MainThread]: An error was encountered while trying to flush usage events
[0m14:08:41.198494 [debug] [MainThread]: Sending event: {'category': 'dbt', 'action': 'invocation', 'label': 'start', 'context': [<snowplow_tracker.self_describing_json.SelfDescribingJson object at 0x0000022564535D30>, <snowplow_tracker.self_describing_json.SelfDescribingJson object at 0x00000225620DCB90>, <snowplow_tracker.self_describing_json.SelfDescribingJson object at 0x0000022566EEB890>]}


============================== 14:08:41.201777 | 32af5db2-0490-4d02-82ed-5ea8f37b8411 ==============================
[0m14:08:41.201777 [info ] [MainThread]: Running with dbt=1.12.5
[0m14:08:41.202335 [debug] [MainThread]: running dbt with arguments {'version_check': 'True', 'no_print': 'None', 'maximum_seed_size_mib': '1', 'target_path': 'None', 'warn_error_options': 'WarnErrorOptionsV2(error=[], warn=[], silence=[])', 'static_parser': 'True', 'printer_width': '80', 'write_json': 'True', 'introspect': 'True', 'log_cache_events': 'False', 'empty': 'False', 'cache_selected_only': 'False', 'log_format': 'default', 'debug': 'False', 'fail_fast': 'False', 'partial_parse': 'True', 'send_anonymous_usage_stats': 'True', 'quiet': 'False', 'warn_error': 'None', 'profiles_dir': 'C:\\Users\\nicjc\\.dbt', 'indirect_selection': 'eager', 'hints_enabled': 'True', 'use_colors': 'True', 'use_experimental_parser': 'False', 'invocation_command': 'dbt run --select dim_geography --full-refresh', 'log_path': 'C:\\Users\\nicjc\\my_dbt_project\\logs'}
[0m14:08:41.405006 [debug] [MainThread]: Sending event: {'category': 'dbt', 'action': 'project_id', 'label': '32af5db2-0490-4d02-82ed-5ea8f37b8411', 'context': [<snowplow_tracker.self_describing_json.SelfDescribingJson object at 0x0000022566F8FE10>]}
[0m14:08:41.462059 [debug] [MainThread]: Sending event: {'category': 'dbt', 'action': 'adapter_info', 'label': '32af5db2-0490-4d02-82ed-5ea8f37b8411', 'context': [<snowplow_tracker.self_describing_json.SelfDescribingJson object at 0x00000225674F3AC0>]}
[0m14:08:41.462894 [info ] [MainThread]: Registered adapter: sqlserver=1.12.0
[0m14:08:41.680656 [debug] [MainThread]: checksum: 84e6854b018826ad904eca26f98d7d902f51ac360469f424a309c73808fc198c, vars: {}, profile: sqlserver_profile, target: dev, version: 1.12.5
[0m14:08:41.773892 [info ] [MainThread]: Unable to do partial parsing because profile has changed
[0m14:08:41.774477 [debug] [MainThread]: Sending event: {'category': 'dbt', 'action': 'partial_parser', 'label': '32af5db2-0490-4d02-82ed-5ea8f37b8411', 'context': [<snowplow_tracker.self_describing_json.SelfDescribingJson object at 0x0000022567A98D50>]}
[0m14:08:43.221304 [debug] [MainThread]: Sending event: {'category': 'dbt', 'action': 'load_project', 'label': '32af5db2-0490-4d02-82ed-5ea8f37b8411', 'context': [<snowplow_tracker.self_describing_json.SelfDescribingJson object at 0x0000022567F1D400>]}
[0m14:08:43.300478 [debug] [MainThread]: Wrote artifact WritableManifest to C:\Users\nicjc\my_dbt_project\target\manifest.json
[0m14:08:43.303685 [debug] [MainThread]: Wrote artifact SemanticManifest to C:\Users\nicjc\my_dbt_project\target\semantic_manifest.json
[0m14:08:43.319492 [debug] [MainThread]: Wrote artifact OsiDocument to C:\Users\nicjc\my_dbt_project\target\osi_document.json
[0m14:08:43.328120 [debug] [MainThread]: Sending event: {'category': 'dbt', 'action': 'resource_counts', 'label': '32af5db2-0490-4d02-82ed-5ea8f37b8411', 'context': [<snowplow_tracker.self_describing_json.SelfDescribingJson object at 0x00000225680383D0>]}
[0m14:08:43.328486 [info ] [MainThread]: Found 3 models, 1 seed, 6 data tests, 579 macros
[0m14:08:43.328834 [debug] [MainThread]: Sending event: {'category': 'dbt', 'action': 'runnable_timing', 'label': '32af5db2-0490-4d02-82ed-5ea8f37b8411', 'context': [<snowplow_tracker.self_describing_json.SelfDescribingJson object at 0x00000225680AFEE0>]}
[0m14:08:43.330226 [info ] [MainThread]: 
[0m14:08:43.330644 [info ] [MainThread]: Concurrency: 1 threads (target='dev')
[0m14:08:43.331317 [info ] [MainThread]: 
[0m14:08:43.331943 [debug] [MainThread]: Acquiring new sqlserver connection 'master'
[0m14:08:43.332884 [debug] [ThreadPool]: Acquiring new sqlserver connection 'list_dbt_dev'
[0m14:08:43.350948 [debug] [ThreadPool]: dbt-sqlserver
[0m14:08:43.353054 [debug] [ThreadPool]: Using sqlserver connection "list_dbt_dev"
[0m14:08:43.353302 [debug] [ThreadPool]: On list_dbt_dev: /* {"app": "dbt", "dbt_version": "1.12.5", "profile_name": "sqlserver_profile", "target_name": "dev", "connection_name": "list_dbt_dev"} */
USE "dbt_dev";
    select  name as [schema]
    from sys.schemas with (nolock) 
    OPTION (LABEL = 'dbt-sqlserver');

  
[0m14:08:43.353524 [debug] [ThreadPool]: Opening a new connection, currently in state init
[0m14:08:43.356851 [debug] [ThreadPool]: sqlserver adapter: Using connection string: DRIVER={ODBC Driver 18 for SQL Server};SERVER=localhost,1433;Database=dbt_dev;UID=***;PWD=***;encrypt=No;TrustServerCertificate=Yes;APP=dbt-sqlserver/1.12.0;Pooling=true;SQL_ATTR_TRACE=SQL_OPT_TRACE_OFF;ConnectRetryCount=3;ConnectRetryInterval=10
[0m14:08:43.494488 [debug] [ThreadPool]: sqlserver adapter: Connected to db: dbt_dev
[0m14:08:43.497091 [debug] [ThreadPool]: SQL status: OK in 0.000 seconds
[0m14:08:43.498166 [debug] [ThreadPool]: On list_dbt_dev: Close
[0m14:08:43.503938 [debug] [ThreadPool]: Acquiring new sqlserver connection 'list_dbt_dev_dbo'
[0m14:08:43.508276 [debug] [ThreadPool]: dbt-sqlserver
[0m14:08:43.508705 [debug] [ThreadPool]: Using sqlserver connection "list_dbt_dev_dbo"
[0m14:08:43.508925 [debug] [ThreadPool]: On list_dbt_dev_dbo: BEGIN TRANSACTION
[0m14:08:43.509126 [debug] [ThreadPool]: Opening a new connection, currently in state init
[0m14:08:43.509439 [debug] [ThreadPool]: sqlserver adapter: Using connection string: DRIVER={ODBC Driver 18 for SQL Server};SERVER=localhost,1433;Database=dbt_dev;UID=***;PWD=***;encrypt=No;TrustServerCertificate=Yes;APP=dbt-sqlserver/1.12.0;Pooling=true;SQL_ATTR_TRACE=SQL_OPT_TRACE_OFF;ConnectRetryCount=3;ConnectRetryInterval=10
[0m14:08:43.509730 [debug] [ThreadPool]: sqlserver adapter: Connected to db: dbt_dev
[0m14:08:43.510547 [debug] [ThreadPool]: SQL status: OK in 0.000 seconds
[0m14:08:43.510784 [debug] [ThreadPool]: Using sqlserver connection "list_dbt_dev_dbo"
[0m14:08:43.511003 [debug] [ThreadPool]: On list_dbt_dev_dbo: /* {"app": "dbt", "dbt_version": "1.12.5", "profile_name": "sqlserver_profile", "target_name": "dev", "connection_name": "list_dbt_dev_dbo"} */
USE "dbt_dev";
    declare @schema_id int = schema_id('dbo');
    select
      DB_NAME() as [database],
      t.name as [name],
      'dbo' as [schema],
      'table' as table_type
    from sys.tables as t with (nolock)
    where t.schema_id = @schema_id
    union all
    select
      DB_NAME() as [database],
      v.name as [name],
      'dbo' as [schema],
      'view' as table_type
    from sys.views as v with (nolock)
    where v.schema_id = @schema_id
    
    OPTION (LABEL = 'dbt-sqlserver');

  
[0m14:08:43.539569 [debug] [ThreadPool]: SQL status: OK in 0.000 seconds
[0m14:08:43.540945 [debug] [ThreadPool]: On list_dbt_dev_dbo: ROLLBACK
[0m14:08:43.541605 [debug] [ThreadPool]: On list_dbt_dev_dbo: Close
[0m14:08:43.542063 [debug] [ThreadPool]: Re-using an available connection from the pool (formerly list_dbt_dev_dbo, now list_dbt_dev_dbo_dbo)
[0m14:08:43.543618 [debug] [ThreadPool]: dbt-sqlserver
[0m14:08:43.543998 [debug] [ThreadPool]: Using sqlserver connection "list_dbt_dev_dbo_dbo"
[0m14:08:43.544209 [debug] [ThreadPool]: On list_dbt_dev_dbo_dbo: BEGIN TRANSACTION
[0m14:08:43.544401 [debug] [ThreadPool]: Opening a new connection, currently in state closed
[0m14:08:43.544684 [debug] [ThreadPool]: sqlserver adapter: Using connection string: DRIVER={ODBC Driver 18 for SQL Server};SERVER=localhost,1433;Database=dbt_dev;UID=***;PWD=***;encrypt=No;TrustServerCertificate=Yes;APP=dbt-sqlserver/1.12.0;Pooling=true;SQL_ATTR_TRACE=SQL_OPT_TRACE_OFF;ConnectRetryCount=3;ConnectRetryInterval=10
[0m14:08:43.544960 [debug] [ThreadPool]: sqlserver adapter: Connected to db: dbt_dev
[0m14:08:43.545570 [debug] [ThreadPool]: SQL status: OK in 0.000 seconds
[0m14:08:43.545852 [debug] [ThreadPool]: Using sqlserver connection "list_dbt_dev_dbo_dbo"
[0m14:08:43.546117 [debug] [ThreadPool]: On list_dbt_dev_dbo_dbo: /* {"app": "dbt", "dbt_version": "1.12.5", "profile_name": "sqlserver_profile", "target_name": "dev", "connection_name": "list_dbt_dev_dbo_dbo"} */
USE "dbt_dev";
    declare @schema_id int = schema_id('dbo_dbo');
    select
      DB_NAME() as [database],
      t.name as [name],
      'dbo_dbo' as [schema],
      'table' as table_type
    from sys.tables as t with (nolock)
    where t.schema_id = @schema_id
    union all
    select
      DB_NAME() as [database],
      v.name as [name],
      'dbo_dbo' as [schema],
      'view' as table_type
    from sys.views as v with (nolock)
    where v.schema_id = @schema_id
    
    OPTION (LABEL = 'dbt-sqlserver');

  
[0m14:08:43.572520 [debug] [ThreadPool]: SQL status: OK in 0.000 seconds
[0m14:08:43.573705 [debug] [ThreadPool]: On list_dbt_dev_dbo_dbo: ROLLBACK
[0m14:08:43.574156 [debug] [ThreadPool]: On list_dbt_dev_dbo_dbo: Close
[0m14:08:43.574976 [debug] [MainThread]: Sending event: {'category': 'dbt', 'action': 'runnable_timing', 'label': '32af5db2-0490-4d02-82ed-5ea8f37b8411', 'context': [<snowplow_tracker.self_describing_json.SelfDescribingJson object at 0x0000022567FB9B50>]}
[0m14:08:43.575323 [debug] [MainThread]: Using sqlserver connection "master"
[0m14:08:43.575537 [debug] [MainThread]: On master: BEGIN TRANSACTION
[0m14:08:43.575738 [debug] [MainThread]: Opening a new connection, currently in state init
[0m14:08:43.576045 [debug] [MainThread]: sqlserver adapter: Using connection string: DRIVER={ODBC Driver 18 for SQL Server};SERVER=localhost,1433;Database=dbt_dev;UID=***;PWD=***;encrypt=No;TrustServerCertificate=Yes;APP=dbt-sqlserver/1.12.0;Pooling=true;SQL_ATTR_TRACE=SQL_OPT_TRACE_OFF;ConnectRetryCount=3;ConnectRetryInterval=10
[0m14:08:43.576326 [debug] [MainThread]: sqlserver adapter: Connected to db: dbt_dev
[0m14:08:43.576926 [debug] [MainThread]: SQL status: OK in 0.000 seconds
[0m14:08:43.577171 [debug] [MainThread]: On master: COMMIT
[0m14:08:43.577383 [debug] [MainThread]: Using sqlserver connection "master"
[0m14:08:43.577581 [debug] [MainThread]: On master: IF @@TRANCOUNT > 0 COMMIT TRANSACTION
[0m14:08:43.578070 [debug] [MainThread]: SQL status: OK in 0.000 seconds
[0m14:08:43.578350 [debug] [MainThread]: On master: Close
[0m14:08:43.581141 [debug] [Thread-1 (]: Began running node model.my_dbt_project.dim_geography
[0m14:08:43.581567 [info ] [Thread-1 (]: 1 of 1 START sql incremental model dbo.dim_geography ........................... [RUN]
[0m14:08:43.582049 [debug] [Thread-1 (]: Acquiring new sqlserver connection 'model.my_dbt_project.dim_geography'
[0m14:08:43.582335 [debug] [Thread-1 (]: Began compiling node model.my_dbt_project.dim_geography
[0m14:08:43.587928 [debug] [Thread-1 (]: Writing injected SQL for node "model.my_dbt_project.dim_geography"
[0m14:08:43.588739 [debug] [Thread-1 (]: Began executing node model.my_dbt_project.dim_geography
[0m14:08:43.644162 [debug] [Thread-1 (]: Applying DROP to: "dbt_dev"."dbo"."dim_geography__dbt_tmp__dbt_tmp_vw"
[0m14:08:43.649652 [debug] [Thread-1 (]: dbt-sqlserver
[0m14:08:43.650084 [debug] [Thread-1 (]: Using sqlserver connection "model.my_dbt_project.dim_geography"
[0m14:08:43.650358 [debug] [Thread-1 (]: On model.my_dbt_project.dim_geography: /* {"app": "dbt", "dbt_version": "1.12.5", "profile_name": "sqlserver_profile", "target_name": "dev", "node_id": "model.my_dbt_project.dim_geography"} */

        USE "dbt_dev";
        select
            sch.name as schema_name,
            obj.name as view_name
        from sys.sql_expression_dependencies refs with (nolock)
        inner join sys.objects obj with (nolock)
        on refs.referencing_id = obj.object_id
        inner join sys.schemas sch with (nolock)
        on obj.schema_id = sch.schema_id
        where refs.referenced_database_name = 'dbt_dev'
        and refs.referenced_schema_name = 'dbo'
        and refs.referenced_entity_name = 'dim_geography__dbt_tmp__dbt_tmp_vw'
        and obj.type = 'V'
        
    OPTION (LABEL = 'dbt-sqlserver');

      
[0m14:08:43.650623 [debug] [Thread-1 (]: Opening a new connection, currently in state init
[0m14:08:43.650960 [debug] [Thread-1 (]: sqlserver adapter: Using connection string: DRIVER={ODBC Driver 18 for SQL Server};SERVER=localhost,1433;Database=dbt_dev;UID=***;PWD=***;encrypt=No;TrustServerCertificate=Yes;APP=dbt-sqlserver/1.12.0;Pooling=true;SQL_ATTR_TRACE=SQL_OPT_TRACE_OFF;ConnectRetryCount=3;ConnectRetryInterval=10
[0m14:08:43.651300 [debug] [Thread-1 (]: sqlserver adapter: Connected to db: dbt_dev
[0m14:08:43.666572 [debug] [Thread-1 (]: SQL status: OK in 0.000 seconds
[0m14:08:43.667943 [debug] [Thread-1 (]: Using sqlserver connection "model.my_dbt_project.dim_geography"
[0m14:08:43.668233 [debug] [Thread-1 (]: On model.my_dbt_project.dim_geography: /* {"app": "dbt", "dbt_version": "1.12.5", "profile_name": "sqlserver_profile", "target_name": "dev", "node_id": "model.my_dbt_project.dim_geography"} */

      
      
    
    USE "dbt_dev";
    EXEC('DROP view IF EXISTS "dbo"."dim_geography__dbt_tmp__dbt_tmp_vw";');

[0m14:08:43.668999 [debug] [Thread-1 (]: SQL status: OK in 0.000 seconds
[0m14:08:43.677382 [debug] [Thread-1 (]: Using sqlserver connection "model.my_dbt_project.dim_geography"
[0m14:08:43.677687 [debug] [Thread-1 (]: On model.my_dbt_project.dim_geography: /* {"app": "dbt", "dbt_version": "1.12.5", "profile_name": "sqlserver_profile", "target_name": "dev", "node_id": "model.my_dbt_project.dim_geography"} */

        USE "dbt_dev";
    USE "dbt_dev";
    
    

    

    USE "dbt_dev";
    EXEC('
        CREATE OR ALTER VIEW "dbo"."dim_geography__dbt_tmp__dbt_tmp_vw" AS 

with source_data as (

    select
        country,
        region,
        
    -- SQL Server surrogate key using SHA2_256
    convert(varchar(64),
        hashbytes(
            ''SHA2_256'',
            concat(country,''|'',region)
        ),
    2)
 as geography_key,
        current_timestamp as valid_from,
        cast(''9999-12-31'' as datetime) as valid_to,
        1 as is_current
    from "dbt_dev"."dbo_dbo"."5000_sales_records"
    group by country, region

),

existing as (
    select *
    from "dbt_dev"."dbo"."dim_geography"
)

select
    sd.geography_key,
    sd.country,
    sd.region,
    sd.valid_from,
    sd.valid_to,
    sd.is_current
from source_data sd

;
    ')

EXEC('IF OBJECT_ID(''"dbo"."dim_geography__dbt_tmp"'', ''U'') IS NOT NULL
            EXEC(''DROP TABLE "dbt_dev"."dbo"."dim_geography__dbt_tmp"'');SELECT TOP 0 * INTO "dbt_dev"."dbo"."dim_geography__dbt_tmp" FROM "dbt_dev"."dbo"."dim_geography__dbt_tmp__dbt_tmp_vw"')
    
[0m14:08:43.679695 [debug] [Thread-1 (]: SQL status: OK in 0.000 seconds
[0m14:08:43.680546 [debug] [Thread-1 (]: On model.my_dbt_project.dim_geography: Close
[0m14:08:43.680987 [error] [Thread-1 (]: [[31mERROR[0m]: Unhandled error while executing 
('42S02', "[42S02] [Microsoft][ODBC Driver 18 for SQL Server][SQL Server]Invalid object name 'dbt_dev.dbo.dim_geography'. (208) (SQLMoreResults)")
[0m14:08:43.685528 [debug] [Thread-1 (]: Traceback (most recent call last):
  File "C:\envs\dbt_sqlserver\Lib\site-packages\dbt\task\base.py", line 388, in safe_run
    result = self.compile_and_execute(manifest, ctx)
  File "C:\envs\dbt_sqlserver\Lib\site-packages\dbt\task\base.py", line 335, in compile_and_execute
    result = self.run(ctx.node, manifest)
  File "C:\envs\dbt_sqlserver\Lib\site-packages\dbt\task\base.py", line 440, in run
    return self.execute(compiled_node, manifest)  # type: ignore[arg-type]
           ~~~~~~~~~~~~^^^^^^^^^^^^^^^^^^^^^^^^^
  File "C:\envs\dbt_sqlserver\Lib\site-packages\dbt\task\run.py", line 484, in execute
    return self._execute_model(
           ~~~~~~~~~~~~~~~~~~~^
        hook_ctx, context["config"], model, context, materialization_macro, manifest
        ^^^^^^^^^^^^^^^^^^^^^^^^^^^^^^^^^^^^^^^^^^^^^^^^^^^^^^^^^^^^^^^^^^^^^^^^^^^^
    )
    ^
  File "C:\envs\dbt_sqlserver\Lib\site-packages\dbt\task\run.py", line 440, in _execute_model
    result = MacroGenerator(
        materialization_macro, context, stack=context["context_macro_stack"]
    )()
  File "C:\envs\dbt_sqlserver\Lib\site-packages\dbt\clients\jinja.py", line 151, in __call__
    return self.call_macro(*args, **kwargs)
           ~~~~~~~~~~~~~~~^^^^^^^^^^^^^^^^^
  File "C:\envs\dbt_sqlserver\Lib\site-packages\dbt_common\clients\jinja.py", line 395, in call_macro
    return macro(*args, **kwargs)
  File "C:\envs\dbt_sqlserver\Lib\site-packages\jinja2\runtime.py", line 770, in __call__
    return self._invoke(arguments, autoescape)
           ~~~~~~~~~~~~^^^^^^^^^^^^^^^^^^^^^^^
  File "C:\envs\dbt_sqlserver\Lib\site-packages\jinja2\runtime.py", line 784, in _invoke
    rv = self._func(*arguments)
  File "<template>", line 133, in macro
  File "C:\envs\dbt_sqlserver\Lib\site-packages\jinja2\sandbox.py", line 401, in call
    return __context.call(__obj, *args, **kwargs)
           ~~~~~~~~~~~~~~^^^^^^^^^^^^^^^^^^^^^^^^
  File "C:\envs\dbt_sqlserver\Lib\site-packages\jinja2\runtime.py", line 303, in call
    return __obj(*args, **kwargs)
  File "C:\envs\dbt_sqlserver\Lib\site-packages\dbt\clients\jinja.py", line 151, in __call__
    return self.call_macro(*args, **kwargs)
           ~~~~~~~~~~~~~~~^^^^^^^^^^^^^^^^^
  File "C:\envs\dbt_sqlserver\Lib\site-packages\dbt_common\clients\jinja.py", line 395, in call_macro
    return macro(*args, **kwargs)
  File "C:\envs\dbt_sqlserver\Lib\site-packages\jinja2\runtime.py", line 770, in __call__
    return self._invoke(arguments, autoescape)
           ~~~~~~~~~~~~^^^^^^^^^^^^^^^^^^^^^^^
  File "C:\envs\dbt_sqlserver\Lib\site-packages\jinja2\runtime.py", line 784, in _invoke
    rv = self._func(*arguments)
  File "<template>", line 52, in macro
  File "C:\envs\dbt_sqlserver\Lib\site-packages\jinja2\sandbox.py", line 401, in call
    return __context.call(__obj, *args, **kwargs)
           ~~~~~~~~~~~~~~^^^^^^^^^^^^^^^^^^^^^^^^
  File "C:\envs\dbt_sqlserver\Lib\site-packages\jinja2\runtime.py", line 303, in call
    return __obj(*args, **kwargs)
  File "C:\envs\dbt_sqlserver\Lib\site-packages\dbt_common\record.py", line 538, in record_replay_wrapper
    return func_to_record(*call_args, **kwargs)
  File "C:\envs\dbt_sqlserver\Lib\site-packages\dbt\adapters\base\impl.py", line 523, in execute
    return self.connections.execute(sql=sql, auto_begin=auto_begin, fetch=fetch, limit=limit)
           ~~~~~~~~~~~~~~~~~~~~~~~~^^^^^^^^^^^^^^^^^^^^^^^^^^^^^^^^^^^^^^^^^^^^^^^^^^^^^^^^^^
  File "C:\envs\dbt_sqlserver\Lib\site-packages\dbt\adapters\sqlserver\sqlserver_connections.py", line 865, in execute
    while _try_drain_nextset(cursor):
          ~~~~~~~~~~~~~~~~~~^^^^^^^^
  File "C:\envs\dbt_sqlserver\Lib\site-packages\dbt\adapters\sqlserver\sqlserver_connections.py", line 222, in _try_drain_nextset
    return bool(cursor.nextset())
                ~~~~~~~~~~~~~~^^
pyodbc.ProgrammingError: ('42S02', "[42S02] [Microsoft][ODBC Driver 18 for SQL Server][SQL Server]Invalid object name 'dbt_dev.dbo.dim_geography'. (208) (SQLMoreResults)")

[0m14:08:43.687081 [debug] [Thread-1 (]: Sending event: {'category': 'dbt', 'action': 'run_model', 'label': '32af5db2-0490-4d02-82ed-5ea8f37b8411', 'context': [<snowplow_tracker.self_describing_json.SelfDescribingJson object at 0x0000022564A4C680>]}
[0m14:08:43.687600 [error] [Thread-1 (]: 1 of 1 ERROR creating sql incremental model dbo.dim_geography .................. [[31mERROR[0m in 0.10s]
[0m14:08:43.688126 [debug] [Thread-1 (]: Finished running node model.my_dbt_project.dim_geography
[0m14:08:43.688616 [debug] [Thread-4 (]: Marking all children of 'model.my_dbt_project.dim_geography' to be skipped because of status 'error'.  Reason: ('42S02', "[42S02] [Microsoft][ODBC Driver 18 for SQL Server][SQL Server]Invalid object name 'dbt_dev.dbo.dim_geography'. (208) (SQLMoreResults)").
[0m14:08:43.690264 [debug] [MainThread]: Using sqlserver connection "master"
[0m14:08:43.690498 [debug] [MainThread]: On master: BEGIN TRANSACTION
[0m14:08:43.690713 [debug] [MainThread]: Opening a new connection, currently in state closed
[0m14:08:43.691021 [debug] [MainThread]: sqlserver adapter: Using connection string: DRIVER={ODBC Driver 18 for SQL Server};SERVER=localhost,1433;Database=dbt_dev;UID=***;PWD=***;encrypt=No;TrustServerCertificate=Yes;APP=dbt-sqlserver/1.12.0;Pooling=true;SQL_ATTR_TRACE=SQL_OPT_TRACE_OFF;ConnectRetryCount=3;ConnectRetryInterval=10
[0m14:08:43.691297 [debug] [MainThread]: sqlserver adapter: Connected to db: dbt_dev
[0m14:08:43.691970 [debug] [MainThread]: SQL status: OK in 0.000 seconds
[0m14:08:43.692273 [debug] [MainThread]: On master: COMMIT
[0m14:08:43.692508 [debug] [MainThread]: Using sqlserver connection "master"
[0m14:08:43.692710 [debug] [MainThread]: On master: IF @@TRANCOUNT > 0 COMMIT TRANSACTION
[0m14:08:43.693072 [debug] [MainThread]: SQL status: OK in 0.000 seconds
[0m14:08:43.693356 [debug] [MainThread]: On master: Close
[0m14:08:43.693796 [debug] [MainThread]: Connection 'master' was properly closed.
[0m14:08:43.694151 [debug] [MainThread]: Connection 'list_dbt_dev' was properly closed.
[0m14:08:43.694474 [debug] [MainThread]: Connection 'list_dbt_dev_dbo_dbo' was properly closed.
[0m14:08:43.694647 [debug] [MainThread]: Connection 'model.my_dbt_project.dim_geography' was properly closed.
[0m14:08:43.694864 [info ] [MainThread]: 
[0m14:08:43.695141 [info ] [MainThread]: Finished running 1 incremental model in 0 hours 0 minutes and 0.36 seconds (0.36s).
[0m14:08:43.695670 [debug] [MainThread]: Command end result
[0m14:08:43.726038 [debug] [MainThread]: Wrote artifact WritableManifest to C:\Users\nicjc\my_dbt_project\target\manifest.json
[0m14:08:43.729041 [debug] [MainThread]: Wrote artifact SemanticManifest to C:\Users\nicjc\my_dbt_project\target\semantic_manifest.json
[0m14:08:43.731669 [debug] [MainThread]: Wrote artifact OsiDocument to C:\Users\nicjc\my_dbt_project\target\osi_document.json
[0m14:08:43.737588 [debug] [MainThread]: Wrote artifact RunExecutionResult to C:\Users\nicjc\my_dbt_project\target\run_results.json
[0m14:08:43.737871 [info ] [MainThread]: 
[0m14:08:43.738294 [info ] [MainThread]: [31mCompleted with 1 error, 0 partial successes, and 0 warnings:[0m
[0m14:08:43.738698 [info ] [MainThread]: 
[0m14:08:43.739091 [error] [MainThread]: [[31mERROR[0m]: in model dim_geography (models\dimensions\dim_geography.sql)
[0m14:08:43.739465 [error] [MainThread]:   ('42S02', "[42S02] [Microsoft][ODBC Driver 18 for SQL Server][SQL Server]Invalid object name 'dbt_dev.dbo.dim_geography'. (208) (SQLMoreResults)")
[0m14:08:43.739768 [info ] [MainThread]: 
[0m14:08:43.740220 [info ] [MainThread]:   compiled code at target\compiled\my_dbt_project\models\dimensions\dim_geography.sql
[0m14:08:43.740592 [info ] [MainThread]: 
[0m14:08:43.740955 [info ] [MainThread]: Done. PASS=0 WARN=0 ERROR=1 SKIP=0 NO-OP=0 REUSED=0 TOTAL=1
[0m14:08:43.741898 [debug] [MainThread]: Command `dbt run` failed at 14:08:43.741809 after 2.67 seconds
[0m14:08:43.742197 [debug] [MainThread]: Sending event: {'category': 'dbt', 'action': 'invocation', 'label': 'end', 'context': [<snowplow_tracker.self_describing_json.SelfDescribingJson object at 0x0000022567D7F2F0>, <snowplow_tracker.self_describing_json.SelfDescribingJson object at 0x0000022568189D00>, <snowplow_tracker.self_describing_json.SelfDescribingJson object at 0x0000022568122ED0>]}
[0m14:08:43.742486 [debug] [MainThread]: Flushing usage events
[0m14:08:45.335314 [debug] [MainThread]: An error was encountered while trying to flush usage events
[0m14:10:42.253862 [debug] [MainThread]: Sending event: {'category': 'dbt', 'action': 'invocation', 'label': 'start', 'context': [<snowplow_tracker.self_describing_json.SelfDescribingJson object at 0x0000021288FE5D30>, <snowplow_tracker.self_describing_json.SelfDescribingJson object at 0x0000021286BCCB90>, <snowplow_tracker.self_describing_json.SelfDescribingJson object at 0x000002128B99B890>]}


============================== 14:10:42.257113 | b6bf90c1-5a82-449a-aaef-6f5f5103d674 ==============================
[0m14:10:42.257113 [info ] [MainThread]: Running with dbt=1.12.5
[0m14:10:42.257673 [debug] [MainThread]: running dbt with arguments {'version_check': 'True', 'no_print': 'None', 'maximum_seed_size_mib': '1', 'target_path': 'None', 'static_parser': 'True', 'warn_error_options': 'WarnErrorOptionsV2(error=[], warn=[], silence=[])', 'printer_width': '80', 'write_json': 'True', 'introspect': 'True', 'log_cache_events': 'False', 'empty': 'False', 'cache_selected_only': 'False', 'log_format': 'default', 'debug': 'False', 'fail_fast': 'False', 'partial_parse': 'True', 'send_anonymous_usage_stats': 'True', 'quiet': 'False', 'warn_error': 'None', 'profiles_dir': 'C:\\Users\\nicjc\\.dbt', 'indirect_selection': 'eager', 'hints_enabled': 'True', 'invocation_command': 'dbt run --select dim_geography --full-refresh', 'use_experimental_parser': 'False', 'use_colors': 'True', 'log_path': 'C:\\Users\\nicjc\\my_dbt_project\\logs'}
[0m14:10:42.464566 [debug] [MainThread]: Sending event: {'category': 'dbt', 'action': 'project_id', 'label': 'b6bf90c1-5a82-449a-aaef-6f5f5103d674', 'context': [<snowplow_tracker.self_describing_json.SelfDescribingJson object at 0x000002128BA3FE10>]}
[0m14:10:42.522748 [debug] [MainThread]: Sending event: {'category': 'dbt', 'action': 'adapter_info', 'label': 'b6bf90c1-5a82-449a-aaef-6f5f5103d674', 'context': [<snowplow_tracker.self_describing_json.SelfDescribingJson object at 0x000002128BF53AC0>]}
[0m14:10:42.523509 [info ] [MainThread]: Registered adapter: sqlserver=1.12.0
[0m14:10:42.737385 [debug] [MainThread]: checksum: 84e6854b018826ad904eca26f98d7d902f51ac360469f424a309c73808fc198c, vars: {}, profile: sqlserver_profile, target: dev, version: 1.12.5
[0m14:10:42.869475 [debug] [MainThread]: Partial parsing enabled: 0 files deleted, 0 files added, 0 files changed.
[0m14:10:42.869829 [debug] [MainThread]: Nothing changed, skipping partial parsing.
[0m14:10:42.870058 [debug] [MainThread]: Partial parsing enabled, no changes found, skipping parsing
[0m14:10:42.878379 [debug] [MainThread]: Sending event: {'category': 'dbt', 'action': 'load_project', 'label': 'b6bf90c1-5a82-449a-aaef-6f5f5103d674', 'context': [<snowplow_tracker.self_describing_json.SelfDescribingJson object at 0x000002128C4F9250>]}
[0m14:10:42.991435 [debug] [MainThread]: Wrote artifact WritableManifest to C:\Users\nicjc\my_dbt_project\target\manifest.json
[0m14:10:42.994706 [debug] [MainThread]: Wrote artifact SemanticManifest to C:\Users\nicjc\my_dbt_project\target\semantic_manifest.json
[0m14:10:43.011437 [debug] [MainThread]: Wrote artifact OsiDocument to C:\Users\nicjc\my_dbt_project\target\osi_document.json
[0m14:10:43.019517 [debug] [MainThread]: Sending event: {'category': 'dbt', 'action': 'resource_counts', 'label': 'b6bf90c1-5a82-449a-aaef-6f5f5103d674', 'context': [<snowplow_tracker.self_describing_json.SelfDescribingJson object at 0x000002128C5A9A90>]}
[0m14:10:43.019870 [info ] [MainThread]: Found 3 models, 1 seed, 6 data tests, 579 macros
[0m14:10:43.020260 [debug] [MainThread]: Sending event: {'category': 'dbt', 'action': 'runnable_timing', 'label': 'b6bf90c1-5a82-449a-aaef-6f5f5103d674', 'context': [<snowplow_tracker.self_describing_json.SelfDescribingJson object at 0x000002128C5EEA50>]}
[0m14:10:43.021737 [info ] [MainThread]: 
[0m14:10:43.022146 [info ] [MainThread]: Concurrency: 1 threads (target='dev')
[0m14:10:43.022728 [info ] [MainThread]: 
[0m14:10:43.023416 [debug] [MainThread]: Acquiring new sqlserver connection 'master'
[0m14:10:43.024491 [debug] [ThreadPool]: Acquiring new sqlserver connection 'list_dbt_dev'
[0m14:10:43.046648 [debug] [ThreadPool]: dbt-sqlserver
[0m14:10:43.048966 [debug] [ThreadPool]: Using sqlserver connection "list_dbt_dev"
[0m14:10:43.049307 [debug] [ThreadPool]: On list_dbt_dev: /* {"app": "dbt", "dbt_version": "1.12.5", "profile_name": "sqlserver_profile", "target_name": "dev", "connection_name": "list_dbt_dev"} */
USE "dbt_dev";
    select  name as [schema]
    from sys.schemas with (nolock) 
    OPTION (LABEL = 'dbt-sqlserver');

  
[0m14:10:43.049556 [debug] [ThreadPool]: Opening a new connection, currently in state init
[0m14:10:43.052726 [debug] [ThreadPool]: sqlserver adapter: Using connection string: DRIVER={ODBC Driver 18 for SQL Server};SERVER=localhost,1433;Database=dbt_dev;UID=***;PWD=***;encrypt=No;TrustServerCertificate=Yes;APP=dbt-sqlserver/1.12.0;Pooling=true;SQL_ATTR_TRACE=SQL_OPT_TRACE_OFF;ConnectRetryCount=3;ConnectRetryInterval=10
[0m14:10:43.229745 [debug] [ThreadPool]: sqlserver adapter: Connected to db: dbt_dev
[0m14:10:43.233941 [debug] [ThreadPool]: SQL status: OK in 0.000 seconds
[0m14:10:43.235340 [debug] [ThreadPool]: On list_dbt_dev: Close
[0m14:10:43.240855 [debug] [ThreadPool]: Acquiring new sqlserver connection 'list_dbt_dev_dbo_dbo'
[0m14:10:43.245386 [debug] [ThreadPool]: dbt-sqlserver
[0m14:10:43.245842 [debug] [ThreadPool]: Using sqlserver connection "list_dbt_dev_dbo_dbo"
[0m14:10:43.246079 [debug] [ThreadPool]: On list_dbt_dev_dbo_dbo: BEGIN TRANSACTION
[0m14:10:43.246292 [debug] [ThreadPool]: Opening a new connection, currently in state init
[0m14:10:43.246612 [debug] [ThreadPool]: sqlserver adapter: Using connection string: DRIVER={ODBC Driver 18 for SQL Server};SERVER=localhost,1433;Database=dbt_dev;UID=***;PWD=***;encrypt=No;TrustServerCertificate=Yes;APP=dbt-sqlserver/1.12.0;Pooling=true;SQL_ATTR_TRACE=SQL_OPT_TRACE_OFF;ConnectRetryCount=3;ConnectRetryInterval=10
[0m14:10:43.246929 [debug] [ThreadPool]: sqlserver adapter: Connected to db: dbt_dev
[0m14:10:43.248852 [debug] [ThreadPool]: SQL status: OK in 0.000 seconds
[0m14:10:43.249205 [debug] [ThreadPool]: Using sqlserver connection "list_dbt_dev_dbo_dbo"
[0m14:10:43.249466 [debug] [ThreadPool]: On list_dbt_dev_dbo_dbo: /* {"app": "dbt", "dbt_version": "1.12.5", "profile_name": "sqlserver_profile", "target_name": "dev", "connection_name": "list_dbt_dev_dbo_dbo"} */
USE "dbt_dev";
    declare @schema_id int = schema_id('dbo_dbo');
    select
      DB_NAME() as [database],
      t.name as [name],
      'dbo_dbo' as [schema],
      'table' as table_type
    from sys.tables as t with (nolock)
    where t.schema_id = @schema_id
    union all
    select
      DB_NAME() as [database],
      v.name as [name],
      'dbo_dbo' as [schema],
      'view' as table_type
    from sys.views as v with (nolock)
    where v.schema_id = @schema_id
    
    OPTION (LABEL = 'dbt-sqlserver');

  
[0m14:10:43.295346 [debug] [ThreadPool]: SQL status: OK in 0.000 seconds
[0m14:10:43.296676 [debug] [ThreadPool]: On list_dbt_dev_dbo_dbo: ROLLBACK
[0m14:10:43.297315 [debug] [ThreadPool]: On list_dbt_dev_dbo_dbo: Close
[0m14:10:43.297947 [debug] [ThreadPool]: Re-using an available connection from the pool (formerly list_dbt_dev_dbo_dbo, now list_dbt_dev_dbo)
[0m14:10:43.299435 [debug] [ThreadPool]: dbt-sqlserver
[0m14:10:43.299879 [debug] [ThreadPool]: Using sqlserver connection "list_dbt_dev_dbo"
[0m14:10:43.300107 [debug] [ThreadPool]: On list_dbt_dev_dbo: BEGIN TRANSACTION
[0m14:10:43.300312 [debug] [ThreadPool]: Opening a new connection, currently in state closed
[0m14:10:43.300625 [debug] [ThreadPool]: sqlserver adapter: Using connection string: DRIVER={ODBC Driver 18 for SQL Server};SERVER=localhost,1433;Database=dbt_dev;UID=***;PWD=***;encrypt=No;TrustServerCertificate=Yes;APP=dbt-sqlserver/1.12.0;Pooling=true;SQL_ATTR_TRACE=SQL_OPT_TRACE_OFF;ConnectRetryCount=3;ConnectRetryInterval=10
[0m14:10:43.300932 [debug] [ThreadPool]: sqlserver adapter: Connected to db: dbt_dev
[0m14:10:43.302238 [debug] [ThreadPool]: SQL status: OK in 0.000 seconds
[0m14:10:43.302541 [debug] [ThreadPool]: Using sqlserver connection "list_dbt_dev_dbo"
[0m14:10:43.302823 [debug] [ThreadPool]: On list_dbt_dev_dbo: /* {"app": "dbt", "dbt_version": "1.12.5", "profile_name": "sqlserver_profile", "target_name": "dev", "connection_name": "list_dbt_dev_dbo"} */
USE "dbt_dev";
    declare @schema_id int = schema_id('dbo');
    select
      DB_NAME() as [database],
      t.name as [name],
      'dbo' as [schema],
      'table' as table_type
    from sys.tables as t with (nolock)
    where t.schema_id = @schema_id
    union all
    select
      DB_NAME() as [database],
      v.name as [name],
      'dbo' as [schema],
      'view' as table_type
    from sys.views as v with (nolock)
    where v.schema_id = @schema_id
    
    OPTION (LABEL = 'dbt-sqlserver');

  
[0m14:10:43.332777 [debug] [ThreadPool]: SQL status: OK in 0.000 seconds
[0m14:10:43.333974 [debug] [ThreadPool]: On list_dbt_dev_dbo: ROLLBACK
[0m14:10:43.334544 [debug] [ThreadPool]: On list_dbt_dev_dbo: Close
[0m14:10:43.335513 [debug] [MainThread]: Sending event: {'category': 'dbt', 'action': 'runnable_timing', 'label': 'b6bf90c1-5a82-449a-aaef-6f5f5103d674', 'context': [<snowplow_tracker.self_describing_json.SelfDescribingJson object at 0x000002128C6069C0>]}
[0m14:10:43.335962 [debug] [MainThread]: Using sqlserver connection "master"
[0m14:10:43.336239 [debug] [MainThread]: On master: BEGIN TRANSACTION
[0m14:10:43.336490 [debug] [MainThread]: Opening a new connection, currently in state init
[0m14:10:43.336789 [debug] [MainThread]: sqlserver adapter: Using connection string: DRIVER={ODBC Driver 18 for SQL Server};SERVER=localhost,1433;Database=dbt_dev;UID=***;PWD=***;encrypt=No;TrustServerCertificate=Yes;APP=dbt-sqlserver/1.12.0;Pooling=true;SQL_ATTR_TRACE=SQL_OPT_TRACE_OFF;ConnectRetryCount=3;ConnectRetryInterval=10
[0m14:10:43.337075 [debug] [MainThread]: sqlserver adapter: Connected to db: dbt_dev
[0m14:10:43.337852 [debug] [MainThread]: SQL status: OK in 0.000 seconds
[0m14:10:43.338402 [debug] [MainThread]: On master: COMMIT
[0m14:10:43.338722 [debug] [MainThread]: Using sqlserver connection "master"
[0m14:10:43.338919 [debug] [MainThread]: On master: IF @@TRANCOUNT > 0 COMMIT TRANSACTION
[0m14:10:43.339342 [debug] [MainThread]: SQL status: OK in 0.000 seconds
[0m14:10:43.339817 [debug] [MainThread]: On master: Close
[0m14:10:43.342883 [debug] [Thread-1 (]: Began running node model.my_dbt_project.dim_geography
[0m14:10:43.343293 [info ] [Thread-1 (]: 1 of 1 START sql incremental model dbo.dim_geography ........................... [RUN]
[0m14:10:43.343782 [debug] [Thread-1 (]: Acquiring new sqlserver connection 'model.my_dbt_project.dim_geography'
[0m14:10:43.344071 [debug] [Thread-1 (]: Began compiling node model.my_dbt_project.dim_geography
[0m14:10:43.353662 [debug] [Thread-1 (]: Writing injected SQL for node "model.my_dbt_project.dim_geography"
[0m14:10:43.354521 [debug] [Thread-1 (]: Began executing node model.my_dbt_project.dim_geography
[0m14:10:43.411570 [debug] [Thread-1 (]: Applying DROP to: "dbt_dev"."dbo"."dim_geography__dbt_tmp__dbt_tmp_vw"
[0m14:10:43.418003 [debug] [Thread-1 (]: dbt-sqlserver
[0m14:10:43.418589 [debug] [Thread-1 (]: Using sqlserver connection "model.my_dbt_project.dim_geography"
[0m14:10:43.418893 [debug] [Thread-1 (]: On model.my_dbt_project.dim_geography: /* {"app": "dbt", "dbt_version": "1.12.5", "profile_name": "sqlserver_profile", "target_name": "dev", "node_id": "model.my_dbt_project.dim_geography"} */

        USE "dbt_dev";
        select
            sch.name as schema_name,
            obj.name as view_name
        from sys.sql_expression_dependencies refs with (nolock)
        inner join sys.objects obj with (nolock)
        on refs.referencing_id = obj.object_id
        inner join sys.schemas sch with (nolock)
        on obj.schema_id = sch.schema_id
        where refs.referenced_database_name = 'dbt_dev'
        and refs.referenced_schema_name = 'dbo'
        and refs.referenced_entity_name = 'dim_geography__dbt_tmp__dbt_tmp_vw'
        and obj.type = 'V'
        
    OPTION (LABEL = 'dbt-sqlserver');

      
[0m14:10:43.419176 [debug] [Thread-1 (]: Opening a new connection, currently in state init
[0m14:10:43.419539 [debug] [Thread-1 (]: sqlserver adapter: Using connection string: DRIVER={ODBC Driver 18 for SQL Server};SERVER=localhost,1433;Database=dbt_dev;UID=***;PWD=***;encrypt=No;TrustServerCertificate=Yes;APP=dbt-sqlserver/1.12.0;Pooling=true;SQL_ATTR_TRACE=SQL_OPT_TRACE_OFF;ConnectRetryCount=3;ConnectRetryInterval=10
[0m14:10:43.548511 [debug] [Thread-1 (]: sqlserver adapter: Connected to db: dbt_dev
[0m14:10:43.566352 [debug] [Thread-1 (]: SQL status: OK in 0.000 seconds
[0m14:10:43.567727 [debug] [Thread-1 (]: Using sqlserver connection "model.my_dbt_project.dim_geography"
[0m14:10:43.568097 [debug] [Thread-1 (]: On model.my_dbt_project.dim_geography: /* {"app": "dbt", "dbt_version": "1.12.5", "profile_name": "sqlserver_profile", "target_name": "dev", "node_id": "model.my_dbt_project.dim_geography"} */

      
      
    
    USE "dbt_dev";
    EXEC('DROP view IF EXISTS "dbo"."dim_geography__dbt_tmp__dbt_tmp_vw";');

[0m14:10:43.568908 [debug] [Thread-1 (]: SQL status: OK in 0.000 seconds
[0m14:10:43.577729 [debug] [Thread-1 (]: Using sqlserver connection "model.my_dbt_project.dim_geography"
[0m14:10:43.579683 [debug] [Thread-1 (]: On model.my_dbt_project.dim_geography: /* {"app": "dbt", "dbt_version": "1.12.5", "profile_name": "sqlserver_profile", "target_name": "dev", "node_id": "model.my_dbt_project.dim_geography"} */

        USE "dbt_dev";
    USE "dbt_dev";
    
    

    

    USE "dbt_dev";
    EXEC('
        CREATE OR ALTER VIEW "dbo"."dim_geography__dbt_tmp__dbt_tmp_vw" AS 

with source_data as (

    select
        country,
        region,
        
    -- SQL Server surrogate key using SHA2_256
    convert(varchar(64),
        hashbytes(
            ''SHA2_256'',
            concat(country,''|'',region)
        ),
    2)
 as geography_key,
        current_timestamp as valid_from,
        cast(''9999-12-31'' as datetime) as valid_to,
        1 as is_current
    from "dbt_dev"."dbo_dbo"."5000_sales_records"
    group by country, region

),

existing as (
    select *
    from "dbt_dev"."dbo"."dim_geography"
)

select
    sd.geography_key,
    sd.country,
    sd.region,
    sd.valid_from,
    sd.valid_to,
    sd.is_current
from source_data sd

;
    ')

EXEC('IF OBJECT_ID(''"dbo"."dim_geography__dbt_tmp"'', ''U'') IS NOT NULL
            EXEC(''DROP TABLE "dbt_dev"."dbo"."dim_geography__dbt_tmp"'');SELECT TOP 0 * INTO "dbt_dev"."dbo"."dim_geography__dbt_tmp" FROM "dbt_dev"."dbo"."dim_geography__dbt_tmp__dbt_tmp_vw"')
    
[0m14:10:43.581499 [debug] [Thread-1 (]: SQL status: OK in 0.000 seconds
[0m14:10:43.582860 [debug] [Thread-1 (]: On model.my_dbt_project.dim_geography: Close
[0m14:10:43.583372 [error] [Thread-1 (]: [[31mERROR[0m]: Unhandled error while executing 
('42S02', "[42S02] [Microsoft][ODBC Driver 18 for SQL Server][SQL Server]Invalid object name 'dbt_dev.dbo.dim_geography'. (208) (SQLMoreResults)")
[0m14:10:43.587399 [debug] [Thread-1 (]: Traceback (most recent call last):
  File "C:\envs\dbt_sqlserver\Lib\site-packages\dbt\task\base.py", line 388, in safe_run
    result = self.compile_and_execute(manifest, ctx)
  File "C:\envs\dbt_sqlserver\Lib\site-packages\dbt\task\base.py", line 335, in compile_and_execute
    result = self.run(ctx.node, manifest)
  File "C:\envs\dbt_sqlserver\Lib\site-packages\dbt\task\base.py", line 440, in run
    return self.execute(compiled_node, manifest)  # type: ignore[arg-type]
           ~~~~~~~~~~~~^^^^^^^^^^^^^^^^^^^^^^^^^
  File "C:\envs\dbt_sqlserver\Lib\site-packages\dbt\task\run.py", line 484, in execute
    return self._execute_model(
           ~~~~~~~~~~~~~~~~~~~^
        hook_ctx, context["config"], model, context, materialization_macro, manifest
        ^^^^^^^^^^^^^^^^^^^^^^^^^^^^^^^^^^^^^^^^^^^^^^^^^^^^^^^^^^^^^^^^^^^^^^^^^^^^
    )
    ^
  File "C:\envs\dbt_sqlserver\Lib\site-packages\dbt\task\run.py", line 440, in _execute_model
    result = MacroGenerator(
        materialization_macro, context, stack=context["context_macro_stack"]
    )()
  File "C:\envs\dbt_sqlserver\Lib\site-packages\dbt\clients\jinja.py", line 151, in __call__
    return self.call_macro(*args, **kwargs)
           ~~~~~~~~~~~~~~~^^^^^^^^^^^^^^^^^
  File "C:\envs\dbt_sqlserver\Lib\site-packages\dbt_common\clients\jinja.py", line 395, in call_macro
    return macro(*args, **kwargs)
  File "C:\envs\dbt_sqlserver\Lib\site-packages\jinja2\runtime.py", line 770, in __call__
    return self._invoke(arguments, autoescape)
           ~~~~~~~~~~~~^^^^^^^^^^^^^^^^^^^^^^^
  File "C:\envs\dbt_sqlserver\Lib\site-packages\jinja2\runtime.py", line 784, in _invoke
    rv = self._func(*arguments)
  File "<template>", line 133, in macro
  File "C:\envs\dbt_sqlserver\Lib\site-packages\jinja2\sandbox.py", line 401, in call
    return __context.call(__obj, *args, **kwargs)
           ~~~~~~~~~~~~~~^^^^^^^^^^^^^^^^^^^^^^^^
  File "C:\envs\dbt_sqlserver\Lib\site-packages\jinja2\runtime.py", line 303, in call
    return __obj(*args, **kwargs)
  File "C:\envs\dbt_sqlserver\Lib\site-packages\dbt\clients\jinja.py", line 151, in __call__
    return self.call_macro(*args, **kwargs)
           ~~~~~~~~~~~~~~~^^^^^^^^^^^^^^^^^
  File "C:\envs\dbt_sqlserver\Lib\site-packages\dbt_common\clients\jinja.py", line 395, in call_macro
    return macro(*args, **kwargs)
  File "C:\envs\dbt_sqlserver\Lib\site-packages\jinja2\runtime.py", line 770, in __call__
    return self._invoke(arguments, autoescape)
           ~~~~~~~~~~~~^^^^^^^^^^^^^^^^^^^^^^^
  File "C:\envs\dbt_sqlserver\Lib\site-packages\jinja2\runtime.py", line 784, in _invoke
    rv = self._func(*arguments)
  File "<template>", line 52, in macro
  File "C:\envs\dbt_sqlserver\Lib\site-packages\jinja2\sandbox.py", line 401, in call
    return __context.call(__obj, *args, **kwargs)
           ~~~~~~~~~~~~~~^^^^^^^^^^^^^^^^^^^^^^^^
  File "C:\envs\dbt_sqlserver\Lib\site-packages\jinja2\runtime.py", line 303, in call
    return __obj(*args, **kwargs)
  File "C:\envs\dbt_sqlserver\Lib\site-packages\dbt_common\record.py", line 538, in record_replay_wrapper
    return func_to_record(*call_args, **kwargs)
  File "C:\envs\dbt_sqlserver\Lib\site-packages\dbt\adapters\base\impl.py", line 523, in execute
    return self.connections.execute(sql=sql, auto_begin=auto_begin, fetch=fetch, limit=limit)
           ~~~~~~~~~~~~~~~~~~~~~~~~^^^^^^^^^^^^^^^^^^^^^^^^^^^^^^^^^^^^^^^^^^^^^^^^^^^^^^^^^^
  File "C:\envs\dbt_sqlserver\Lib\site-packages\dbt\adapters\sqlserver\sqlserver_connections.py", line 865, in execute
    while _try_drain_nextset(cursor):
          ~~~~~~~~~~~~~~~~~~^^^^^^^^
  File "C:\envs\dbt_sqlserver\Lib\site-packages\dbt\adapters\sqlserver\sqlserver_connections.py", line 222, in _try_drain_nextset
    return bool(cursor.nextset())
                ~~~~~~~~~~~~~~^^
pyodbc.ProgrammingError: ('42S02', "[42S02] [Microsoft][ODBC Driver 18 for SQL Server][SQL Server]Invalid object name 'dbt_dev.dbo.dim_geography'. (208) (SQLMoreResults)")

[0m14:10:43.589079 [debug] [Thread-1 (]: Sending event: {'category': 'dbt', 'action': 'run_model', 'label': 'b6bf90c1-5a82-449a-aaef-6f5f5103d674', 'context': [<snowplow_tracker.self_describing_json.SelfDescribingJson object at 0x000002128C64D9D0>]}
[0m14:10:43.589630 [error] [Thread-1 (]: 1 of 1 ERROR creating sql incremental model dbo.dim_geography .................. [[31mERROR[0m in 0.24s]
[0m14:10:43.590222 [debug] [Thread-1 (]: Finished running node model.my_dbt_project.dim_geography
[0m14:10:43.590830 [debug] [Thread-4 (]: Marking all children of 'model.my_dbt_project.dim_geography' to be skipped because of status 'error'.  Reason: ('42S02', "[42S02] [Microsoft][ODBC Driver 18 for SQL Server][SQL Server]Invalid object name 'dbt_dev.dbo.dim_geography'. (208) (SQLMoreResults)").
[0m14:10:43.592537 [debug] [MainThread]: Using sqlserver connection "master"
[0m14:10:43.592843 [debug] [MainThread]: On master: BEGIN TRANSACTION
[0m14:10:43.593073 [debug] [MainThread]: Opening a new connection, currently in state closed
[0m14:10:43.593377 [debug] [MainThread]: sqlserver adapter: Using connection string: DRIVER={ODBC Driver 18 for SQL Server};SERVER=localhost,1433;Database=dbt_dev;UID=***;PWD=***;encrypt=No;TrustServerCertificate=Yes;APP=dbt-sqlserver/1.12.0;Pooling=true;SQL_ATTR_TRACE=SQL_OPT_TRACE_OFF;ConnectRetryCount=3;ConnectRetryInterval=10
[0m14:10:43.593668 [debug] [MainThread]: sqlserver adapter: Connected to db: dbt_dev
[0m14:10:43.594782 [debug] [MainThread]: SQL status: OK in 0.000 seconds
[0m14:10:43.595086 [debug] [MainThread]: On master: COMMIT
[0m14:10:43.595347 [debug] [MainThread]: Using sqlserver connection "master"
[0m14:10:43.595603 [debug] [MainThread]: On master: IF @@TRANCOUNT > 0 COMMIT TRANSACTION
[0m14:10:43.596102 [debug] [MainThread]: SQL status: OK in 0.000 seconds
[0m14:10:43.596336 [debug] [MainThread]: On master: Close
[0m14:10:43.596624 [debug] [MainThread]: Connection 'master' was properly closed.
[0m14:10:43.596882 [debug] [MainThread]: Connection 'list_dbt_dev' was properly closed.
[0m14:10:43.597078 [debug] [MainThread]: Connection 'list_dbt_dev_dbo' was properly closed.
[0m14:10:43.597258 [debug] [MainThread]: Connection 'model.my_dbt_project.dim_geography' was properly closed.
[0m14:10:43.597471 [info ] [MainThread]: 
[0m14:10:43.597766 [info ] [MainThread]: Finished running 1 incremental model in 0 hours 0 minutes and 0.57 seconds (0.57s).
[0m14:10:43.598325 [debug] [MainThread]: Command end result
[0m14:10:43.628433 [debug] [MainThread]: Wrote artifact WritableManifest to C:\Users\nicjc\my_dbt_project\target\manifest.json
[0m14:10:43.631585 [debug] [MainThread]: Wrote artifact SemanticManifest to C:\Users\nicjc\my_dbt_project\target\semantic_manifest.json
[0m14:10:43.634596 [debug] [MainThread]: Wrote artifact OsiDocument to C:\Users\nicjc\my_dbt_project\target\osi_document.json
[0m14:10:43.640344 [debug] [MainThread]: Wrote artifact RunExecutionResult to C:\Users\nicjc\my_dbt_project\target\run_results.json
[0m14:10:43.640575 [info ] [MainThread]: 
[0m14:10:43.641039 [info ] [MainThread]: [31mCompleted with 1 error, 0 partial successes, and 0 warnings:[0m
[0m14:10:43.641481 [info ] [MainThread]: 
[0m14:10:43.641876 [error] [MainThread]: [[31mERROR[0m]: in model dim_geography (models\dimensions\dim_geography.sql)
[0m14:10:43.642246 [error] [MainThread]:   ('42S02', "[42S02] [Microsoft][ODBC Driver 18 for SQL Server][SQL Server]Invalid object name 'dbt_dev.dbo.dim_geography'. (208) (SQLMoreResults)")
[0m14:10:43.642536 [info ] [MainThread]: 
[0m14:10:43.642875 [info ] [MainThread]:   compiled code at target\compiled\my_dbt_project\models\dimensions\dim_geography.sql
[0m14:10:43.643272 [info ] [MainThread]: 
[0m14:10:43.643767 [info ] [MainThread]: Done. PASS=0 WARN=0 ERROR=1 SKIP=0 NO-OP=0 REUSED=0 TOTAL=1
[0m14:10:43.644969 [debug] [MainThread]: Command `dbt run` failed at 14:10:43.644813 after 1.51 seconds
[0m14:10:43.645355 [debug] [MainThread]: Sending event: {'category': 'dbt', 'action': 'invocation', 'label': 'end', 'context': [<snowplow_tracker.self_describing_json.SelfDescribingJson object at 0x000002128C62F960>, <snowplow_tracker.self_describing_json.SelfDescribingJson object at 0x0000021285819450>, <snowplow_tracker.self_describing_json.SelfDescribingJson object at 0x000002128BF72FD0>]}
[0m14:10:43.645625 [debug] [MainThread]: Flushing usage events
[0m14:10:44.746679 [debug] [MainThread]: An error was encountered while trying to flush usage events
[0m14:13:18.611566 [debug] [MainThread]: Sending event: {'category': 'dbt', 'action': 'invocation', 'label': 'start', 'context': [<snowplow_tracker.self_describing_json.SelfDescribingJson object at 0x00000218D9035D30>, <snowplow_tracker.self_describing_json.SelfDescribingJson object at 0x00000218D6BDCB90>, <snowplow_tracker.self_describing_json.SelfDescribingJson object at 0x00000218DB9EB890>]}


============================== 14:13:18.614942 | d47f9e22-974f-4092-8f7a-fe08a242e301 ==============================
[0m14:13:18.614942 [info ] [MainThread]: Running with dbt=1.12.5
[0m14:13:18.615535 [debug] [MainThread]: running dbt with arguments {'version_check': 'True', 'no_print': 'None', 'maximum_seed_size_mib': '1', 'warn_error_options': 'WarnErrorOptionsV2(error=[], warn=[], silence=[])', 'target_path': 'None', 'static_parser': 'True', 'printer_width': '80', 'write_json': 'True', 'introspect': 'True', 'log_cache_events': 'False', 'empty': 'False', 'cache_selected_only': 'False', 'fail_fast': 'False', 'debug': 'False', 'log_format': 'default', 'profiles_dir': 'C:\\Users\\nicjc\\.dbt', 'send_anonymous_usage_stats': 'True', 'quiet': 'False', 'warn_error': 'None', 'partial_parse': 'True', 'indirect_selection': 'eager', 'hints_enabled': 'True', 'use_colors': 'True', 'use_experimental_parser': 'False', 'invocation_command': 'dbt run --select dim_geography --full-refresh', 'log_path': 'C:\\Users\\nicjc\\my_dbt_project\\logs'}
[0m14:13:18.824871 [debug] [MainThread]: Sending event: {'category': 'dbt', 'action': 'project_id', 'label': 'd47f9e22-974f-4092-8f7a-fe08a242e301', 'context': [<snowplow_tracker.self_describing_json.SelfDescribingJson object at 0x00000218DBA8FE10>]}
[0m14:13:18.883115 [debug] [MainThread]: Sending event: {'category': 'dbt', 'action': 'adapter_info', 'label': 'd47f9e22-974f-4092-8f7a-fe08a242e301', 'context': [<snowplow_tracker.self_describing_json.SelfDescribingJson object at 0x00000218DBF83AC0>]}
[0m14:13:18.883913 [info ] [MainThread]: Registered adapter: sqlserver=1.12.0
[0m14:13:19.098659 [debug] [MainThread]: checksum: 84e6854b018826ad904eca26f98d7d902f51ac360469f424a309c73808fc198c, vars: {}, profile: sqlserver_profile, target: dev, version: 1.12.5
[0m14:13:19.197874 [error] [MainThread]: [[31mERROR[0m]: Encountered an error:
Parsing Error
  Error reading my_dbt_project: dimensions\dim_geography.yaml - Runtime Error
    Syntax error near line 4
    ------------------------------
    1  | {{ config(
    2  |     materialized='table'
    3  | ) }}
    4  | version: 2
    5  | 
    6  | models:
    7  |   - name: dim_geography
    
    Raw Error:
    ------------------------------
    did not find expected <document start>
      in "<unicode string>", line 4, column 1
[0m14:13:19.198896 [debug] [MainThread]: Command `dbt run` failed at 14:13:19.198751 after 0.71 seconds
[0m14:13:19.199270 [debug] [MainThread]: Sending event: {'category': 'dbt', 'action': 'invocation', 'label': 'end', 'context': [<snowplow_tracker.self_describing_json.SelfDescribingJson object at 0x00000218DC4ED050>, <snowplow_tracker.self_describing_json.SelfDescribingJson object at 0x00000218DC4ED150>, <snowplow_tracker.self_describing_json.SelfDescribingJson object at 0x00000218DC4146E0>]}
[0m14:13:19.199664 [debug] [MainThread]: Flushing usage events
[0m14:13:20.710029 [debug] [MainThread]: An error was encountered while trying to flush usage events
[0m14:17:19.486367 [debug] [MainThread]: Sending event: {'category': 'dbt', 'action': 'invocation', 'label': 'start', 'context': [<snowplow_tracker.self_describing_json.SelfDescribingJson object at 0x0000023127E11D30>, <snowplow_tracker.self_describing_json.SelfDescribingJson object at 0x00000231259ACB90>, <snowplow_tracker.self_describing_json.SelfDescribingJson object at 0x000002312A7CB890>]}


============================== 14:17:19.489813 | 3244cdad-8db9-435f-a298-78557db7fb5f ==============================
[0m14:17:19.489813 [info ] [MainThread]: Running with dbt=1.12.5
[0m14:17:19.490416 [debug] [MainThread]: running dbt with arguments {'version_check': 'True', 'no_print': 'None', 'maximum_seed_size_mib': '1', 'warn_error_options': 'WarnErrorOptionsV2(error=[], warn=[], silence=[])', 'target_path': 'None', 'static_parser': 'True', 'printer_width': '80', 'write_json': 'True', 'introspect': 'True', 'log_cache_events': 'False', 'empty': 'False', 'cache_selected_only': 'False', 'fail_fast': 'False', 'debug': 'False', 'log_format': 'default', 'profiles_dir': 'C:\\Users\\nicjc\\.dbt', 'send_anonymous_usage_stats': 'True', 'quiet': 'False', 'warn_error': 'None', 'partial_parse': 'True', 'invocation_command': 'dbt run --select dim_geography --full-refresh', 'hints_enabled': 'True', 'indirect_selection': 'eager', 'use_experimental_parser': 'False', 'use_colors': 'True', 'log_path': 'C:\\Users\\nicjc\\my_dbt_project\\logs'}
[0m14:17:19.697591 [debug] [MainThread]: Sending event: {'category': 'dbt', 'action': 'project_id', 'label': '3244cdad-8db9-435f-a298-78557db7fb5f', 'context': [<snowplow_tracker.self_describing_json.SelfDescribingJson object at 0x000002312A86FE10>]}
[0m14:17:19.754968 [debug] [MainThread]: Sending event: {'category': 'dbt', 'action': 'adapter_info', 'label': '3244cdad-8db9-435f-a298-78557db7fb5f', 'context': [<snowplow_tracker.self_describing_json.SelfDescribingJson object at 0x000002312ADD3AC0>]}
[0m14:17:19.755743 [info ] [MainThread]: Registered adapter: sqlserver=1.12.0
[0m14:17:19.973757 [debug] [MainThread]: checksum: 84e6854b018826ad904eca26f98d7d902f51ac360469f424a309c73808fc198c, vars: {}, profile: sqlserver_profile, target: dev, version: 1.12.5
[0m14:17:20.072269 [error] [MainThread]: [[31mERROR[0m]: Encountered an error:
Parsing Error
  Error reading my_dbt_project: dimensions\dim_geography.yaml - Runtime Error
    Syntax error near line 4
    ------------------------------
    1  | {{ config(
    2  |     materialized='table'
    3  | ) }}
    4  | version: 2
    5  | 
    6  | models:
    7  |   - name: dim_geography
    
    Raw Error:
    ------------------------------
    did not find expected <document start>
      in "<unicode string>", line 4, column 1
[0m14:17:20.073527 [debug] [MainThread]: Command `dbt run` failed at 14:17:20.073244 after 0.70 seconds
[0m14:17:20.074162 [debug] [MainThread]: Sending event: {'category': 'dbt', 'action': 'invocation', 'label': 'end', 'context': [<snowplow_tracker.self_describing_json.SelfDescribingJson object at 0x000002312B37D050>, <snowplow_tracker.self_describing_json.SelfDescribingJson object at 0x000002312B37D150>, <snowplow_tracker.self_describing_json.SelfDescribingJson object at 0x000002312B2646E0>]}
[0m14:17:20.074778 [debug] [MainThread]: Flushing usage events
[0m14:17:21.454105 [debug] [MainThread]: An error was encountered while trying to flush usage events
[0m14:23:08.511417 [debug] [MainThread]: Sending event: {'category': 'dbt', 'action': 'invocation', 'label': 'start', 'context': [<snowplow_tracker.self_describing_json.SelfDescribingJson object at 0x000001A39EC81D30>, <snowplow_tracker.self_describing_json.SelfDescribingJson object at 0x000001A39C82CB90>, <snowplow_tracker.self_describing_json.SelfDescribingJson object at 0x000001A3A163B890>]}


============================== 14:23:08.514621 | 40b6016d-824b-4be1-87de-4c9812413509 ==============================
[0m14:23:08.514621 [info ] [MainThread]: Running with dbt=1.12.5
[0m14:23:08.515119 [debug] [MainThread]: running dbt with arguments {'maximum_seed_size_mib': '1', 'no_print': 'None', 'version_check': 'True', 'warn_error_options': 'WarnErrorOptionsV2(error=[], warn=[], silence=[])', 'target_path': 'None', 'static_parser': 'True', 'printer_width': '80', 'write_json': 'True', 'introspect': 'True', 'log_cache_events': 'False', 'empty': 'False', 'cache_selected_only': 'False', 'log_format': 'default', 'debug': 'False', 'fail_fast': 'False', 'partial_parse': 'True', 'send_anonymous_usage_stats': 'True', 'quiet': 'False', 'warn_error': 'None', 'profiles_dir': 'C:\\Users\\nicjc\\.dbt', 'invocation_command': 'dbt run --select dim_geography --full-refresh', 'hints_enabled': 'True', 'use_colors': 'True', 'use_experimental_parser': 'False', 'indirect_selection': 'eager', 'log_path': 'C:\\Users\\nicjc\\my_dbt_project\\logs'}
[0m14:23:08.719706 [debug] [MainThread]: Sending event: {'category': 'dbt', 'action': 'project_id', 'label': '40b6016d-824b-4be1-87de-4c9812413509', 'context': [<snowplow_tracker.self_describing_json.SelfDescribingJson object at 0x000001A3A16DFE10>]}
[0m14:23:08.777100 [debug] [MainThread]: Sending event: {'category': 'dbt', 'action': 'adapter_info', 'label': '40b6016d-824b-4be1-87de-4c9812413509', 'context': [<snowplow_tracker.self_describing_json.SelfDescribingJson object at 0x000001A3A1BB3AC0>]}
[0m14:23:08.777852 [info ] [MainThread]: Registered adapter: sqlserver=1.12.0
[0m14:23:08.992255 [debug] [MainThread]: checksum: 84e6854b018826ad904eca26f98d7d902f51ac360469f424a309c73808fc198c, vars: {}, profile: sqlserver_profile, target: dev, version: 1.12.5
[0m14:23:09.126380 [debug] [MainThread]: Partial parsing enabled: 0 files deleted, 2 files added, 2 files changed.
[0m14:23:09.126876 [debug] [MainThread]: Partial parsing: added file: my_dbt_project://seeds\5000_sales_records.yml
[0m14:23:09.127158 [debug] [MainThread]: Partial parsing: added file: my_dbt_project://models\dimensions\dim_geography.yml
[0m14:23:09.127544 [debug] [MainThread]: Partial parsing: updated file: my_dbt_project://models\dimensions\dim_geography.yaml
[0m14:23:09.127792 [debug] [MainThread]: Partial parsing: updated file: my_dbt_project://models\dimensions\dim_geography.sql
[0m14:23:09.372319 [error] [MainThread]: [[31mERROR[0m]: Encountered an error:
Compilation Error
  dbt found two schema.yml entries for the same resource named 5000_sales_records. Resources and their associated columns may only be described a single time. To fix this, remove the resource entry for 5000_sales_records in one of these files:
   - seeds\5000_sales_records.yml
  seeds\5000_sales_records.yaml
[0m14:23:09.373495 [debug] [MainThread]: Command `dbt run` failed at 14:23:09.373328 after 1.00 seconds
[0m14:23:09.373893 [debug] [MainThread]: Sending event: {'category': 'dbt', 'action': 'invocation', 'label': 'end', 'context': [<snowplow_tracker.self_describing_json.SelfDescribingJson object at 0x000001A3A215A250>, <snowplow_tracker.self_describing_json.SelfDescribingJson object at 0x000001A3A215A350>, <snowplow_tracker.self_describing_json.SelfDescribingJson object at 0x000001A3A228B5C0>]}
[0m14:23:09.374242 [debug] [MainThread]: Flushing usage events
[0m14:23:10.640468 [debug] [MainThread]: An error was encountered while trying to flush usage events
[0m14:24:54.215549 [debug] [MainThread]: Sending event: {'category': 'dbt', 'action': 'invocation', 'label': 'start', 'context': [<snowplow_tracker.self_describing_json.SelfDescribingJson object at 0x0000025B4DD35D30>, <snowplow_tracker.self_describing_json.SelfDescribingJson object at 0x0000025B4B8DCB90>, <snowplow_tracker.self_describing_json.SelfDescribingJson object at 0x0000025B506EB890>]}


============================== 14:24:54.218738 | 7b6935a1-5b8c-4023-84c7-2a928cc8d5fa ==============================
[0m14:24:54.218738 [info ] [MainThread]: Running with dbt=1.12.5
[0m14:24:54.219290 [debug] [MainThread]: running dbt with arguments {'maximum_seed_size_mib': '1', 'no_print': 'None', 'static_parser': 'True', 'warn_error_options': 'WarnErrorOptionsV2(error=[], warn=[], silence=[])', 'target_path': 'None', 'version_check': 'True', 'printer_width': '80', 'write_json': 'True', 'introspect': 'True', 'log_cache_events': 'False', 'empty': 'False', 'cache_selected_only': 'False', 'fail_fast': 'False', 'debug': 'False', 'log_format': 'default', 'partial_parse': 'True', 'send_anonymous_usage_stats': 'True', 'quiet': 'False', 'warn_error': 'None', 'profiles_dir': 'C:\\Users\\nicjc\\.dbt', 'indirect_selection': 'eager', 'hints_enabled': 'True', 'use_colors': 'True', 'use_experimental_parser': 'False', 'invocation_command': 'dbt run --select dim_geography --full-refresh', 'log_path': 'C:\\Users\\nicjc\\my_dbt_project\\logs'}
[0m14:24:54.423324 [debug] [MainThread]: Sending event: {'category': 'dbt', 'action': 'project_id', 'label': '7b6935a1-5b8c-4023-84c7-2a928cc8d5fa', 'context': [<snowplow_tracker.self_describing_json.SelfDescribingJson object at 0x0000025B5078FE10>]}
[0m14:24:54.485139 [debug] [MainThread]: Sending event: {'category': 'dbt', 'action': 'adapter_info', 'label': '7b6935a1-5b8c-4023-84c7-2a928cc8d5fa', 'context': [<snowplow_tracker.self_describing_json.SelfDescribingJson object at 0x0000025B50CD3AC0>]}
[0m14:24:54.485993 [info ] [MainThread]: Registered adapter: sqlserver=1.12.0
[0m14:24:54.712164 [debug] [MainThread]: checksum: 84e6854b018826ad904eca26f98d7d902f51ac360469f424a309c73808fc198c, vars: {}, profile: sqlserver_profile, target: dev, version: 1.12.5
[0m14:24:54.853035 [debug] [MainThread]: Partial parsing enabled: 1 files deleted, 2 files added, 1 files changed.
[0m14:24:54.853581 [debug] [MainThread]: Partial parsing: added file: my_dbt_project://seeds\5000_sales_records.yml
[0m14:24:54.853895 [debug] [MainThread]: Partial parsing: added file: my_dbt_project://models\dimensions\dim_geography.yml
[0m14:24:54.854386 [debug] [MainThread]: Partial parsing: updated file: my_dbt_project://models\dimensions\dim_geography.sql
[0m14:24:55.106515 [error] [MainThread]: [[31mERROR[0m]: Encountered an error:
Compilation Error
  dbt found two schema.yml entries for the same resource named 5000_sales_records. Resources and their associated columns may only be described a single time. To fix this, remove the resource entry for 5000_sales_records in one of these files:
   - seeds\5000_sales_records.yml
  seeds\5000_sales_records.yaml
[0m14:24:55.107570 [debug] [MainThread]: Command `dbt run` failed at 14:24:55.107443 after 1.01 seconds
[0m14:24:55.108072 [debug] [MainThread]: Sending event: {'category': 'dbt', 'action': 'invocation', 'label': 'end', 'context': [<snowplow_tracker.self_describing_json.SelfDescribingJson object at 0x0000025B5127E250>, <snowplow_tracker.self_describing_json.SelfDescribingJson object at 0x0000025B5127E350>, <snowplow_tracker.self_describing_json.SelfDescribingJson object at 0x0000025B513AB5C0>]}
[0m14:24:55.108423 [debug] [MainThread]: Flushing usage events
[0m14:24:56.538388 [debug] [MainThread]: An error was encountered while trying to flush usage events
[0m14:26:10.594413 [debug] [MainThread]: Sending event: {'category': 'dbt', 'action': 'invocation', 'label': 'start', 'context': [<snowplow_tracker.self_describing_json.SelfDescribingJson object at 0x00000197A87B1D30>, <snowplow_tracker.self_describing_json.SelfDescribingJson object at 0x00000197A635CB90>, <snowplow_tracker.self_describing_json.SelfDescribingJson object at 0x00000197AB16B890>]}


============================== 14:26:10.597757 | 4dcfa98a-8e52-4f8d-a437-d2b1d99841a4 ==============================
[0m14:26:10.597757 [info ] [MainThread]: Running with dbt=1.12.5
[0m14:26:10.598408 [debug] [MainThread]: running dbt with arguments {'maximum_seed_size_mib': '1', 'no_print': 'None', 'static_parser': 'True', 'target_path': 'None', 'version_check': 'True', 'warn_error_options': 'WarnErrorOptionsV2(error=[], warn=[], silence=[])', 'printer_width': '80', 'write_json': 'True', 'empty': 'False', 'log_cache_events': 'False', 'introspect': 'True', 'cache_selected_only': 'False', 'fail_fast': 'False', 'debug': 'False', 'log_format': 'default', 'partial_parse': 'True', 'send_anonymous_usage_stats': 'True', 'quiet': 'False', 'warn_error': 'None', 'profiles_dir': 'C:\\Users\\nicjc\\.dbt', 'indirect_selection': 'eager', 'hints_enabled': 'True', 'invocation_command': 'dbt run --select dim_geography --full-refresh', 'use_experimental_parser': 'False', 'use_colors': 'True', 'log_path': 'C:\\Users\\nicjc\\my_dbt_project\\logs'}
[0m14:26:10.820316 [debug] [MainThread]: Sending event: {'category': 'dbt', 'action': 'project_id', 'label': '4dcfa98a-8e52-4f8d-a437-d2b1d99841a4', 'context': [<snowplow_tracker.self_describing_json.SelfDescribingJson object at 0x00000197AB20FE10>]}
[0m14:26:10.879830 [debug] [MainThread]: Sending event: {'category': 'dbt', 'action': 'adapter_info', 'label': '4dcfa98a-8e52-4f8d-a437-d2b1d99841a4', 'context': [<snowplow_tracker.self_describing_json.SelfDescribingJson object at 0x00000197AB6CFAC0>]}
[0m14:26:10.880620 [info ] [MainThread]: Registered adapter: sqlserver=1.12.0
[0m14:26:11.096211 [debug] [MainThread]: checksum: 84e6854b018826ad904eca26f98d7d902f51ac360469f424a309c73808fc198c, vars: {}, profile: sqlserver_profile, target: dev, version: 1.12.5
[0m14:26:11.230510 [debug] [MainThread]: Partial parsing enabled: 2 files deleted, 2 files added, 1 files changed.
[0m14:26:11.231078 [debug] [MainThread]: Partial parsing: added file: my_dbt_project://seeds\5000_sales_records.yml
[0m14:26:11.231394 [debug] [MainThread]: Partial parsing: added file: my_dbt_project://models\dimensions\dim_geography.yml
[0m14:26:11.231862 [debug] [MainThread]: Partial parsing: updated file: my_dbt_project://models\dimensions\dim_geography.sql
[0m14:26:11.898724 [debug] [MainThread]: Sending event: {'category': 'dbt', 'action': 'load_project', 'label': '4dcfa98a-8e52-4f8d-a437-d2b1d99841a4', 'context': [<snowplow_tracker.self_describing_json.SelfDescribingJson object at 0x00000197ABC3B150>]}
[0m14:26:11.985208 [debug] [MainThread]: Wrote artifact WritableManifest to C:\Users\nicjc\my_dbt_project\target\manifest.json
[0m14:26:11.988746 [debug] [MainThread]: Wrote artifact SemanticManifest to C:\Users\nicjc\my_dbt_project\target\semantic_manifest.json
[0m14:26:12.007548 [debug] [MainThread]: Wrote artifact OsiDocument to C:\Users\nicjc\my_dbt_project\target\osi_document.json
[0m14:26:12.021034 [debug] [MainThread]: Sending event: {'category': 'dbt', 'action': 'resource_counts', 'label': '4dcfa98a-8e52-4f8d-a437-d2b1d99841a4', 'context': [<snowplow_tracker.self_describing_json.SelfDescribingJson object at 0x00000197AC11AC60>]}
[0m14:26:12.021529 [info ] [MainThread]: Found 3 models, 6 data tests, 1 seed, 579 macros
[0m14:26:12.021962 [debug] [MainThread]: Sending event: {'category': 'dbt', 'action': 'runnable_timing', 'label': '4dcfa98a-8e52-4f8d-a437-d2b1d99841a4', 'context': [<snowplow_tracker.self_describing_json.SelfDescribingJson object at 0x00000197ABF44BB0>]}
[0m14:26:12.023550 [info ] [MainThread]: 
[0m14:26:12.023954 [info ] [MainThread]: Concurrency: 1 threads (target='dev')
[0m14:26:12.024363 [info ] [MainThread]: 
[0m14:26:12.025046 [debug] [MainThread]: Acquiring new sqlserver connection 'master'
[0m14:26:12.026256 [debug] [ThreadPool]: Acquiring new sqlserver connection 'list_dbt_dev'
[0m14:26:12.044921 [debug] [ThreadPool]: dbt-sqlserver
[0m14:26:12.047365 [debug] [ThreadPool]: Using sqlserver connection "list_dbt_dev"
[0m14:26:12.047703 [debug] [ThreadPool]: On list_dbt_dev: /* {"app": "dbt", "dbt_version": "1.12.5", "profile_name": "sqlserver_profile", "target_name": "dev", "connection_name": "list_dbt_dev"} */
USE "dbt_dev";
    select  name as [schema]
    from sys.schemas with (nolock) 
    OPTION (LABEL = 'dbt-sqlserver');

  
[0m14:26:12.047963 [debug] [ThreadPool]: Opening a new connection, currently in state init
[0m14:26:12.050829 [debug] [ThreadPool]: sqlserver adapter: Using connection string: DRIVER={ODBC Driver 18 for SQL Server};SERVER=localhost,1433;Database=dbt_dev;UID=***;PWD=***;encrypt=No;TrustServerCertificate=Yes;APP=dbt-sqlserver/1.12.0;Pooling=true;SQL_ATTR_TRACE=SQL_OPT_TRACE_OFF;ConnectRetryCount=3;ConnectRetryInterval=10
[0m14:26:12.220046 [debug] [ThreadPool]: sqlserver adapter: Connected to db: dbt_dev
[0m14:26:12.222545 [debug] [ThreadPool]: SQL status: OK in 0.000 seconds
[0m14:26:12.224335 [debug] [ThreadPool]: On list_dbt_dev: Close
[0m14:26:12.229609 [debug] [ThreadPool]: Acquiring new sqlserver connection 'list_dbt_dev_dbo_dbo'
[0m14:26:12.234688 [debug] [ThreadPool]: dbt-sqlserver
[0m14:26:12.235102 [debug] [ThreadPool]: Using sqlserver connection "list_dbt_dev_dbo_dbo"
[0m14:26:12.235326 [debug] [ThreadPool]: On list_dbt_dev_dbo_dbo: BEGIN TRANSACTION
[0m14:26:12.235530 [debug] [ThreadPool]: Opening a new connection, currently in state init
[0m14:26:12.235847 [debug] [ThreadPool]: sqlserver adapter: Using connection string: DRIVER={ODBC Driver 18 for SQL Server};SERVER=localhost,1433;Database=dbt_dev;UID=***;PWD=***;encrypt=No;TrustServerCertificate=Yes;APP=dbt-sqlserver/1.12.0;Pooling=true;SQL_ATTR_TRACE=SQL_OPT_TRACE_OFF;ConnectRetryCount=3;ConnectRetryInterval=10
[0m14:26:12.236129 [debug] [ThreadPool]: sqlserver adapter: Connected to db: dbt_dev
[0m14:26:12.237515 [debug] [ThreadPool]: SQL status: OK in 0.000 seconds
[0m14:26:12.238165 [debug] [ThreadPool]: Using sqlserver connection "list_dbt_dev_dbo_dbo"
[0m14:26:12.238402 [debug] [ThreadPool]: On list_dbt_dev_dbo_dbo: /* {"app": "dbt", "dbt_version": "1.12.5", "profile_name": "sqlserver_profile", "target_name": "dev", "connection_name": "list_dbt_dev_dbo_dbo"} */
USE "dbt_dev";
    declare @schema_id int = schema_id('dbo_dbo');
    select
      DB_NAME() as [database],
      t.name as [name],
      'dbo_dbo' as [schema],
      'table' as table_type
    from sys.tables as t with (nolock)
    where t.schema_id = @schema_id
    union all
    select
      DB_NAME() as [database],
      v.name as [name],
      'dbo_dbo' as [schema],
      'view' as table_type
    from sys.views as v with (nolock)
    where v.schema_id = @schema_id
    
    OPTION (LABEL = 'dbt-sqlserver');

  
[0m14:26:12.268275 [debug] [ThreadPool]: SQL status: OK in 0.000 seconds
[0m14:26:12.269556 [debug] [ThreadPool]: On list_dbt_dev_dbo_dbo: ROLLBACK
[0m14:26:12.270213 [debug] [ThreadPool]: On list_dbt_dev_dbo_dbo: Close
[0m14:26:12.270673 [debug] [ThreadPool]: Re-using an available connection from the pool (formerly list_dbt_dev_dbo_dbo, now list_dbt_dev_dbo)
[0m14:26:12.272100 [debug] [ThreadPool]: dbt-sqlserver
[0m14:26:12.272493 [debug] [ThreadPool]: Using sqlserver connection "list_dbt_dev_dbo"
[0m14:26:12.272740 [debug] [ThreadPool]: On list_dbt_dev_dbo: BEGIN TRANSACTION
[0m14:26:12.272974 [debug] [ThreadPool]: Opening a new connection, currently in state closed
[0m14:26:12.273268 [debug] [ThreadPool]: sqlserver adapter: Using connection string: DRIVER={ODBC Driver 18 for SQL Server};SERVER=localhost,1433;Database=dbt_dev;UID=***;PWD=***;encrypt=No;TrustServerCertificate=Yes;APP=dbt-sqlserver/1.12.0;Pooling=true;SQL_ATTR_TRACE=SQL_OPT_TRACE_OFF;ConnectRetryCount=3;ConnectRetryInterval=10
[0m14:26:12.273555 [debug] [ThreadPool]: sqlserver adapter: Connected to db: dbt_dev
[0m14:26:12.274142 [debug] [ThreadPool]: SQL status: OK in 0.000 seconds
[0m14:26:12.274385 [debug] [ThreadPool]: Using sqlserver connection "list_dbt_dev_dbo"
[0m14:26:12.274611 [debug] [ThreadPool]: On list_dbt_dev_dbo: /* {"app": "dbt", "dbt_version": "1.12.5", "profile_name": "sqlserver_profile", "target_name": "dev", "connection_name": "list_dbt_dev_dbo"} */
USE "dbt_dev";
    declare @schema_id int = schema_id('dbo');
    select
      DB_NAME() as [database],
      t.name as [name],
      'dbo' as [schema],
      'table' as table_type
    from sys.tables as t with (nolock)
    where t.schema_id = @schema_id
    union all
    select
      DB_NAME() as [database],
      v.name as [name],
      'dbo' as [schema],
      'view' as table_type
    from sys.views as v with (nolock)
    where v.schema_id = @schema_id
    
    OPTION (LABEL = 'dbt-sqlserver');

  
[0m14:26:12.300850 [debug] [ThreadPool]: SQL status: OK in 0.000 seconds
[0m14:26:12.302806 [debug] [ThreadPool]: On list_dbt_dev_dbo: ROLLBACK
[0m14:26:12.303267 [debug] [ThreadPool]: On list_dbt_dev_dbo: Close
[0m14:26:12.304328 [debug] [MainThread]: Sending event: {'category': 'dbt', 'action': 'runnable_timing', 'label': '4dcfa98a-8e52-4f8d-a437-d2b1d99841a4', 'context': [<snowplow_tracker.self_describing_json.SelfDescribingJson object at 0x00000197AC2AD160>]}
[0m14:26:12.304700 [debug] [MainThread]: Using sqlserver connection "master"
[0m14:26:12.304971 [debug] [MainThread]: On master: BEGIN TRANSACTION
[0m14:26:12.305171 [debug] [MainThread]: Opening a new connection, currently in state init
[0m14:26:12.305479 [debug] [MainThread]: sqlserver adapter: Using connection string: DRIVER={ODBC Driver 18 for SQL Server};SERVER=localhost,1433;Database=dbt_dev;UID=***;PWD=***;encrypt=No;TrustServerCertificate=Yes;APP=dbt-sqlserver/1.12.0;Pooling=true;SQL_ATTR_TRACE=SQL_OPT_TRACE_OFF;ConnectRetryCount=3;ConnectRetryInterval=10
[0m14:26:12.305759 [debug] [MainThread]: sqlserver adapter: Connected to db: dbt_dev
[0m14:26:12.306365 [debug] [MainThread]: SQL status: OK in 0.000 seconds
[0m14:26:12.306612 [debug] [MainThread]: On master: COMMIT
[0m14:26:12.306823 [debug] [MainThread]: Using sqlserver connection "master"
[0m14:26:12.307019 [debug] [MainThread]: On master: IF @@TRANCOUNT > 0 COMMIT TRANSACTION
[0m14:26:12.307485 [debug] [MainThread]: SQL status: OK in 0.000 seconds
[0m14:26:12.307731 [debug] [MainThread]: On master: Close
[0m14:26:12.310498 [debug] [Thread-1 (]: Began running node model.my_dbt_project.dim_geography
[0m14:26:12.310980 [info ] [Thread-1 (]: 1 of 1 START sql table model dbo.dim_geography ................................. [RUN]
[0m14:26:12.311611 [debug] [Thread-1 (]: Acquiring new sqlserver connection 'model.my_dbt_project.dim_geography'
[0m14:26:12.311971 [debug] [Thread-1 (]: Began compiling node model.my_dbt_project.dim_geography
[0m14:26:12.318132 [debug] [Thread-1 (]: Writing injected SQL for node "model.my_dbt_project.dim_geography"
[0m14:26:12.318977 [debug] [Thread-1 (]: Began executing node model.my_dbt_project.dim_geography
[0m14:26:12.367063 [debug] [Thread-1 (]: Applying DROP to: "dbt_dev"."dbo"."dim_geography__dbt_tmp__dbt_tmp_vw"
[0m14:26:12.372581 [debug] [Thread-1 (]: dbt-sqlserver
[0m14:26:12.373033 [debug] [Thread-1 (]: Using sqlserver connection "model.my_dbt_project.dim_geography"
[0m14:26:12.373355 [debug] [Thread-1 (]: On model.my_dbt_project.dim_geography: /* {"app": "dbt", "dbt_version": "1.12.5", "profile_name": "sqlserver_profile", "target_name": "dev", "node_id": "model.my_dbt_project.dim_geography"} */

        USE "dbt_dev";
        select
            sch.name as schema_name,
            obj.name as view_name
        from sys.sql_expression_dependencies refs with (nolock)
        inner join sys.objects obj with (nolock)
        on refs.referencing_id = obj.object_id
        inner join sys.schemas sch with (nolock)
        on obj.schema_id = sch.schema_id
        where refs.referenced_database_name = 'dbt_dev'
        and refs.referenced_schema_name = 'dbo'
        and refs.referenced_entity_name = 'dim_geography__dbt_tmp__dbt_tmp_vw'
        and obj.type = 'V'
        
    OPTION (LABEL = 'dbt-sqlserver');

      
[0m14:26:12.373635 [debug] [Thread-1 (]: Opening a new connection, currently in state init
[0m14:26:12.373989 [debug] [Thread-1 (]: sqlserver adapter: Using connection string: DRIVER={ODBC Driver 18 for SQL Server};SERVER=localhost,1433;Database=dbt_dev;UID=***;PWD=***;encrypt=No;TrustServerCertificate=Yes;APP=dbt-sqlserver/1.12.0;Pooling=true;SQL_ATTR_TRACE=SQL_OPT_TRACE_OFF;ConnectRetryCount=3;ConnectRetryInterval=10
[0m14:26:12.472139 [debug] [Thread-1 (]: sqlserver adapter: Connected to db: dbt_dev
[0m14:26:12.488161 [debug] [Thread-1 (]: SQL status: OK in 0.000 seconds
[0m14:26:12.489600 [debug] [Thread-1 (]: Using sqlserver connection "model.my_dbt_project.dim_geography"
[0m14:26:12.489888 [debug] [Thread-1 (]: On model.my_dbt_project.dim_geography: /* {"app": "dbt", "dbt_version": "1.12.5", "profile_name": "sqlserver_profile", "target_name": "dev", "node_id": "model.my_dbt_project.dim_geography"} */

      
      
    
    USE "dbt_dev";
    EXEC('DROP view IF EXISTS "dbo"."dim_geography__dbt_tmp__dbt_tmp_vw";');

[0m14:26:12.490578 [debug] [Thread-1 (]: SQL status: OK in 0.000 seconds
[0m14:26:12.498670 [debug] [Thread-1 (]: Using sqlserver connection "model.my_dbt_project.dim_geography"
[0m14:26:12.498969 [debug] [Thread-1 (]: On model.my_dbt_project.dim_geography: /* {"app": "dbt", "dbt_version": "1.12.5", "profile_name": "sqlserver_profile", "target_name": "dev", "node_id": "model.my_dbt_project.dim_geography"} */
USE "dbt_dev";
    USE "dbt_dev";
    
    

    

    USE "dbt_dev";
    EXEC('
        CREATE OR ALTER VIEW "dbo"."dim_geography__dbt_tmp__dbt_tmp_vw" AS 

with source_data as (

    select
        country,
        region,
        
    -- SQL Server surrogate key using SHA2_256
    convert(varchar(64),
        hashbytes(
            ''SHA2_256'',
            concat(country,''|'',region)
        ),
    2)
 as geography_key,
        current_timestamp as valid_from,
        cast(''9999-12-31'' as datetime) as valid_to,
        1 as is_current
    from "dbt_dev"."dbo_dbo"."5000_sales_records"
    group by country, region

),

existing as (
    select *
    from "dbt_dev"."dbo"."dim_geography"
)

select
    sd.geography_key,
    sd.country,
    sd.region,
    sd.valid_from,
    sd.valid_to,
    sd.is_current
from source_data sd

;
    ')

EXEC('IF OBJECT_ID(''"dbo"."dim_geography__dbt_tmp"'', ''U'') IS NOT NULL
            EXEC(''DROP TABLE "dbt_dev"."dbo"."dim_geography__dbt_tmp"'');SELECT TOP 0 * INTO "dbt_dev"."dbo"."dim_geography__dbt_tmp" FROM "dbt_dev"."dbo"."dim_geography__dbt_tmp__dbt_tmp_vw"')
[0m14:26:12.500382 [debug] [Thread-1 (]: SQL status: OK in 0.000 seconds
[0m14:26:12.501156 [debug] [Thread-1 (]: On model.my_dbt_project.dim_geography: Close
[0m14:26:12.501595 [error] [Thread-1 (]: [[31mERROR[0m]: Unhandled error while executing 
('42S02', "[42S02] [Microsoft][ODBC Driver 18 for SQL Server][SQL Server]Invalid object name 'dbt_dev.dbo.dim_geography'. (208) (SQLMoreResults)")
[0m14:26:12.505907 [debug] [Thread-1 (]: Traceback (most recent call last):
  File "C:\envs\dbt_sqlserver\Lib\site-packages\dbt\task\base.py", line 388, in safe_run
    result = self.compile_and_execute(manifest, ctx)
  File "C:\envs\dbt_sqlserver\Lib\site-packages\dbt\task\base.py", line 335, in compile_and_execute
    result = self.run(ctx.node, manifest)
  File "C:\envs\dbt_sqlserver\Lib\site-packages\dbt\task\base.py", line 440, in run
    return self.execute(compiled_node, manifest)  # type: ignore[arg-type]
           ~~~~~~~~~~~~^^^^^^^^^^^^^^^^^^^^^^^^^
  File "C:\envs\dbt_sqlserver\Lib\site-packages\dbt\task\run.py", line 484, in execute
    return self._execute_model(
           ~~~~~~~~~~~~~~~~~~~^
        hook_ctx, context["config"], model, context, materialization_macro, manifest
        ^^^^^^^^^^^^^^^^^^^^^^^^^^^^^^^^^^^^^^^^^^^^^^^^^^^^^^^^^^^^^^^^^^^^^^^^^^^^
    )
    ^
  File "C:\envs\dbt_sqlserver\Lib\site-packages\dbt\task\run.py", line 440, in _execute_model
    result = MacroGenerator(
        materialization_macro, context, stack=context["context_macro_stack"]
    )()
  File "C:\envs\dbt_sqlserver\Lib\site-packages\dbt\clients\jinja.py", line 151, in __call__
    return self.call_macro(*args, **kwargs)
           ~~~~~~~~~~~~~~~^^^^^^^^^^^^^^^^^
  File "C:\envs\dbt_sqlserver\Lib\site-packages\dbt_common\clients\jinja.py", line 395, in call_macro
    return macro(*args, **kwargs)
  File "C:\envs\dbt_sqlserver\Lib\site-packages\jinja2\runtime.py", line 770, in __call__
    return self._invoke(arguments, autoescape)
           ~~~~~~~~~~~~^^^^^^^^^^^^^^^^^^^^^^^
  File "C:\envs\dbt_sqlserver\Lib\site-packages\jinja2\runtime.py", line 784, in _invoke
    rv = self._func(*arguments)
  File "<template>", line 125, in macro
  File "C:\envs\dbt_sqlserver\Lib\site-packages\jinja2\sandbox.py", line 401, in call
    return __context.call(__obj, *args, **kwargs)
           ~~~~~~~~~~~~~~^^^^^^^^^^^^^^^^^^^^^^^^
  File "C:\envs\dbt_sqlserver\Lib\site-packages\jinja2\runtime.py", line 303, in call
    return __obj(*args, **kwargs)
  File "C:\envs\dbt_sqlserver\Lib\site-packages\dbt\clients\jinja.py", line 151, in __call__
    return self.call_macro(*args, **kwargs)
           ~~~~~~~~~~~~~~~^^^^^^^^^^^^^^^^^
  File "C:\envs\dbt_sqlserver\Lib\site-packages\dbt_common\clients\jinja.py", line 395, in call_macro
    return macro(*args, **kwargs)
  File "C:\envs\dbt_sqlserver\Lib\site-packages\jinja2\runtime.py", line 770, in __call__
    return self._invoke(arguments, autoescape)
           ~~~~~~~~~~~~^^^^^^^^^^^^^^^^^^^^^^^
  File "C:\envs\dbt_sqlserver\Lib\site-packages\jinja2\runtime.py", line 784, in _invoke
    rv = self._func(*arguments)
  File "<template>", line 52, in macro
  File "C:\envs\dbt_sqlserver\Lib\site-packages\jinja2\sandbox.py", line 401, in call
    return __context.call(__obj, *args, **kwargs)
           ~~~~~~~~~~~~~~^^^^^^^^^^^^^^^^^^^^^^^^
  File "C:\envs\dbt_sqlserver\Lib\site-packages\jinja2\runtime.py", line 303, in call
    return __obj(*args, **kwargs)
  File "C:\envs\dbt_sqlserver\Lib\site-packages\dbt_common\record.py", line 538, in record_replay_wrapper
    return func_to_record(*call_args, **kwargs)
  File "C:\envs\dbt_sqlserver\Lib\site-packages\dbt\adapters\base\impl.py", line 523, in execute
    return self.connections.execute(sql=sql, auto_begin=auto_begin, fetch=fetch, limit=limit)
           ~~~~~~~~~~~~~~~~~~~~~~~~^^^^^^^^^^^^^^^^^^^^^^^^^^^^^^^^^^^^^^^^^^^^^^^^^^^^^^^^^^
  File "C:\envs\dbt_sqlserver\Lib\site-packages\dbt\adapters\sqlserver\sqlserver_connections.py", line 865, in execute
    while _try_drain_nextset(cursor):
          ~~~~~~~~~~~~~~~~~~^^^^^^^^
  File "C:\envs\dbt_sqlserver\Lib\site-packages\dbt\adapters\sqlserver\sqlserver_connections.py", line 222, in _try_drain_nextset
    return bool(cursor.nextset())
                ~~~~~~~~~~~~~~^^
pyodbc.ProgrammingError: ('42S02', "[42S02] [Microsoft][ODBC Driver 18 for SQL Server][SQL Server]Invalid object name 'dbt_dev.dbo.dim_geography'. (208) (SQLMoreResults)")

[0m14:26:12.507577 [debug] [Thread-1 (]: Sending event: {'category': 'dbt', 'action': 'run_model', 'label': '4dcfa98a-8e52-4f8d-a437-d2b1d99841a4', 'context': [<snowplow_tracker.self_describing_json.SelfDescribingJson object at 0x00000197ABB03B90>]}
[0m14:26:12.508101 [error] [Thread-1 (]: 1 of 1 ERROR creating sql table model dbo.dim_geography ........................ [[31mERROR[0m in 0.20s]
[0m14:26:12.508686 [debug] [Thread-1 (]: Finished running node model.my_dbt_project.dim_geography
[0m14:26:12.509120 [debug] [Thread-4 (]: Marking all children of 'model.my_dbt_project.dim_geography' to be skipped because of status 'error'.  Reason: ('42S02', "[42S02] [Microsoft][ODBC Driver 18 for SQL Server][SQL Server]Invalid object name 'dbt_dev.dbo.dim_geography'. (208) (SQLMoreResults)").
[0m14:26:12.510737 [debug] [MainThread]: Using sqlserver connection "master"
[0m14:26:12.511046 [debug] [MainThread]: On master: BEGIN TRANSACTION
[0m14:26:12.511300 [debug] [MainThread]: Opening a new connection, currently in state closed
[0m14:26:12.511626 [debug] [MainThread]: sqlserver adapter: Using connection string: DRIVER={ODBC Driver 18 for SQL Server};SERVER=localhost,1433;Database=dbt_dev;UID=***;PWD=***;encrypt=No;TrustServerCertificate=Yes;APP=dbt-sqlserver/1.12.0;Pooling=true;SQL_ATTR_TRACE=SQL_OPT_TRACE_OFF;ConnectRetryCount=3;ConnectRetryInterval=10
[0m14:26:12.511911 [debug] [MainThread]: sqlserver adapter: Connected to db: dbt_dev
[0m14:26:12.512579 [debug] [MainThread]: SQL status: OK in 0.000 seconds
[0m14:26:12.512809 [debug] [MainThread]: On master: COMMIT
[0m14:26:12.513009 [debug] [MainThread]: Using sqlserver connection "master"
[0m14:26:12.513201 [debug] [MainThread]: On master: IF @@TRANCOUNT > 0 COMMIT TRANSACTION
[0m14:26:12.513523 [debug] [MainThread]: SQL status: OK in 0.000 seconds
[0m14:26:12.513749 [debug] [MainThread]: On master: Close
[0m14:26:12.514025 [debug] [MainThread]: Connection 'master' was properly closed.
[0m14:26:12.514219 [debug] [MainThread]: Connection 'list_dbt_dev' was properly closed.
[0m14:26:12.514398 [debug] [MainThread]: Connection 'list_dbt_dev_dbo' was properly closed.
[0m14:26:12.514572 [debug] [MainThread]: Connection 'model.my_dbt_project.dim_geography' was properly closed.
[0m14:26:12.514779 [info ] [MainThread]: 
[0m14:26:12.515097 [info ] [MainThread]: Finished running 1 table model in 0 hours 0 minutes and 0.49 seconds (0.49s).
[0m14:26:12.515662 [debug] [MainThread]: Command end result
[0m14:26:12.546046 [debug] [MainThread]: Wrote artifact WritableManifest to C:\Users\nicjc\my_dbt_project\target\manifest.json
[0m14:26:12.549206 [debug] [MainThread]: Wrote artifact SemanticManifest to C:\Users\nicjc\my_dbt_project\target\semantic_manifest.json
[0m14:26:12.551992 [debug] [MainThread]: Wrote artifact OsiDocument to C:\Users\nicjc\my_dbt_project\target\osi_document.json
[0m14:26:12.557775 [debug] [MainThread]: Wrote artifact RunExecutionResult to C:\Users\nicjc\my_dbt_project\target\run_results.json
[0m14:26:12.558033 [info ] [MainThread]: 
[0m14:26:12.558460 [info ] [MainThread]: [31mCompleted with 1 error, 0 partial successes, and 0 warnings:[0m
[0m14:26:12.558877 [info ] [MainThread]: 
[0m14:26:12.559322 [error] [MainThread]: [[31mERROR[0m]: in model dim_geography (models\dimensions\dim_geography.sql)
[0m14:26:12.559696 [error] [MainThread]:   ('42S02', "[42S02] [Microsoft][ODBC Driver 18 for SQL Server][SQL Server]Invalid object name 'dbt_dev.dbo.dim_geography'. (208) (SQLMoreResults)")
[0m14:26:12.560054 [info ] [MainThread]: 
[0m14:26:12.560532 [info ] [MainThread]:   compiled code at target\compiled\my_dbt_project\models\dimensions\dim_geography.sql
[0m14:26:12.561281 [info ] [MainThread]: 
[0m14:26:12.561817 [info ] [MainThread]: Done. PASS=0 WARN=0 ERROR=1 SKIP=0 NO-OP=0 REUSED=0 TOTAL=1
[0m14:26:12.562603 [debug] [MainThread]: Command `dbt run` failed at 14:26:12.562517 after 2.09 seconds
[0m14:26:12.562915 [debug] [MainThread]: Sending event: {'category': 'dbt', 'action': 'invocation', 'label': 'end', 'context': [<snowplow_tracker.self_describing_json.SelfDescribingJson object at 0x00000197ABF73750>, <snowplow_tracker.self_describing_json.SelfDescribingJson object at 0x00000197ABF54370>, <snowplow_tracker.self_describing_json.SelfDescribingJson object at 0x00000197AC2AB750>]}
[0m14:26:12.563187 [debug] [MainThread]: Flushing usage events
[0m14:26:14.263426 [debug] [MainThread]: An error was encountered while trying to flush usage events
[0m14:28:52.649802 [debug] [MainThread]: Sending event: {'category': 'dbt', 'action': 'invocation', 'label': 'start', 'context': [<snowplow_tracker.self_describing_json.SelfDescribingJson object at 0x000002656BCD1D30>, <snowplow_tracker.self_describing_json.SelfDescribingJson object at 0x000002656986CB90>, <snowplow_tracker.self_describing_json.SelfDescribingJson object at 0x000002656E68B890>]}


============================== 14:28:52.652994 | e271f094-352f-4bdf-8290-a7aae1b38167 ==============================
[0m14:28:52.652994 [info ] [MainThread]: Running with dbt=1.12.5
[0m14:28:52.653477 [debug] [MainThread]: running dbt with arguments {'static_parser': 'True', 'no_print': 'None', 'maximum_seed_size_mib': '1', 'warn_error_options': 'WarnErrorOptionsV2(error=[], warn=[], silence=[])', 'target_path': 'None', 'version_check': 'True', 'printer_width': '80', 'write_json': 'True', 'empty': 'False', 'log_cache_events': 'False', 'introspect': 'True', 'cache_selected_only': 'False', 'fail_fast': 'False', 'debug': 'False', 'log_format': 'default', 'profiles_dir': 'C:\\Users\\nicjc\\.dbt', 'send_anonymous_usage_stats': 'True', 'quiet': 'False', 'warn_error': 'None', 'partial_parse': 'True', 'use_colors': 'True', 'hints_enabled': 'True', 'indirect_selection': 'eager', 'use_experimental_parser': 'False', 'invocation_command': 'dbt run --select dim_geography --full-refresh', 'log_path': 'C:\\Users\\nicjc\\my_dbt_project\\logs'}
[0m14:28:52.855711 [debug] [MainThread]: Sending event: {'category': 'dbt', 'action': 'project_id', 'label': 'e271f094-352f-4bdf-8290-a7aae1b38167', 'context': [<snowplow_tracker.self_describing_json.SelfDescribingJson object at 0x000002656E72FE10>]}
[0m14:28:52.912998 [debug] [MainThread]: Sending event: {'category': 'dbt', 'action': 'adapter_info', 'label': 'e271f094-352f-4bdf-8290-a7aae1b38167', 'context': [<snowplow_tracker.self_describing_json.SelfDescribingJson object at 0x000002656EBC3AC0>]}
[0m14:28:52.913753 [info ] [MainThread]: Registered adapter: sqlserver=1.12.0
[0m14:28:53.127066 [debug] [MainThread]: checksum: 84e6854b018826ad904eca26f98d7d902f51ac360469f424a309c73808fc198c, vars: {}, profile: sqlserver_profile, target: dev, version: 1.12.5
[0m14:28:53.259406 [debug] [MainThread]: Partial parsing enabled: 0 files deleted, 0 files added, 1 files changed.
[0m14:28:53.259989 [debug] [MainThread]: Partial parsing: updated file: my_dbt_project://models\dimensions\dim_geography.sql
[0m14:28:53.753336 [debug] [MainThread]: Sending event: {'category': 'dbt', 'action': 'load_project', 'label': 'e271f094-352f-4bdf-8290-a7aae1b38167', 'context': [<snowplow_tracker.self_describing_json.SelfDescribingJson object at 0x000002656F16A150>]}
[0m14:28:53.834286 [debug] [MainThread]: Wrote artifact WritableManifest to C:\Users\nicjc\my_dbt_project\target\manifest.json
[0m14:28:53.837637 [debug] [MainThread]: Wrote artifact SemanticManifest to C:\Users\nicjc\my_dbt_project\target\semantic_manifest.json
[0m14:28:53.853486 [debug] [MainThread]: Wrote artifact OsiDocument to C:\Users\nicjc\my_dbt_project\target\osi_document.json
[0m14:28:53.862407 [debug] [MainThread]: Sending event: {'category': 'dbt', 'action': 'resource_counts', 'label': 'e271f094-352f-4bdf-8290-a7aae1b38167', 'context': [<snowplow_tracker.self_describing_json.SelfDescribingJson object at 0x000002656F508F50>]}
[0m14:28:53.862798 [info ] [MainThread]: Found 3 models, 6 data tests, 1 seed, 579 macros
[0m14:28:53.863195 [debug] [MainThread]: Sending event: {'category': 'dbt', 'action': 'runnable_timing', 'label': 'e271f094-352f-4bdf-8290-a7aae1b38167', 'context': [<snowplow_tracker.self_describing_json.SelfDescribingJson object at 0x000002656F4EEC10>]}
[0m14:28:53.864659 [info ] [MainThread]: 
[0m14:28:53.865087 [info ] [MainThread]: Concurrency: 1 threads (target='dev')
[0m14:28:53.865531 [info ] [MainThread]: 
[0m14:28:53.866013 [debug] [MainThread]: Acquiring new sqlserver connection 'master'
[0m14:28:53.866926 [debug] [ThreadPool]: Acquiring new sqlserver connection 'list_dbt_dev'
[0m14:28:53.884575 [debug] [ThreadPool]: dbt-sqlserver
[0m14:28:53.886686 [debug] [ThreadPool]: Using sqlserver connection "list_dbt_dev"
[0m14:28:53.886960 [debug] [ThreadPool]: On list_dbt_dev: /* {"app": "dbt", "dbt_version": "1.12.5", "profile_name": "sqlserver_profile", "target_name": "dev", "connection_name": "list_dbt_dev"} */
USE "dbt_dev";
    select  name as [schema]
    from sys.schemas with (nolock) 
    OPTION (LABEL = 'dbt-sqlserver');

  
[0m14:28:53.887184 [debug] [ThreadPool]: Opening a new connection, currently in state init
[0m14:28:53.890357 [debug] [ThreadPool]: sqlserver adapter: Using connection string: DRIVER={ODBC Driver 18 for SQL Server};SERVER=localhost,1433;Database=dbt_dev;UID=***;PWD=***;encrypt=No;TrustServerCertificate=Yes;APP=dbt-sqlserver/1.12.0;Pooling=true;SQL_ATTR_TRACE=SQL_OPT_TRACE_OFF;ConnectRetryCount=3;ConnectRetryInterval=10
[0m14:28:54.029207 [debug] [ThreadPool]: sqlserver adapter: Connected to db: dbt_dev
[0m14:28:54.031716 [debug] [ThreadPool]: SQL status: OK in 0.000 seconds
[0m14:28:54.032897 [debug] [ThreadPool]: On list_dbt_dev: Close
[0m14:28:54.038187 [debug] [ThreadPool]: Acquiring new sqlserver connection 'list_dbt_dev_dbo'
[0m14:28:54.042790 [debug] [ThreadPool]: dbt-sqlserver
[0m14:28:54.043215 [debug] [ThreadPool]: Using sqlserver connection "list_dbt_dev_dbo"
[0m14:28:54.043449 [debug] [ThreadPool]: On list_dbt_dev_dbo: BEGIN TRANSACTION
[0m14:28:54.043657 [debug] [ThreadPool]: Opening a new connection, currently in state init
[0m14:28:54.043971 [debug] [ThreadPool]: sqlserver adapter: Using connection string: DRIVER={ODBC Driver 18 for SQL Server};SERVER=localhost,1433;Database=dbt_dev;UID=***;PWD=***;encrypt=No;TrustServerCertificate=Yes;APP=dbt-sqlserver/1.12.0;Pooling=true;SQL_ATTR_TRACE=SQL_OPT_TRACE_OFF;ConnectRetryCount=3;ConnectRetryInterval=10
[0m14:28:54.044282 [debug] [ThreadPool]: sqlserver adapter: Connected to db: dbt_dev
[0m14:28:54.045051 [debug] [ThreadPool]: SQL status: OK in 0.000 seconds
[0m14:28:54.045293 [debug] [ThreadPool]: Using sqlserver connection "list_dbt_dev_dbo"
[0m14:28:54.045515 [debug] [ThreadPool]: On list_dbt_dev_dbo: /* {"app": "dbt", "dbt_version": "1.12.5", "profile_name": "sqlserver_profile", "target_name": "dev", "connection_name": "list_dbt_dev_dbo"} */
USE "dbt_dev";
    declare @schema_id int = schema_id('dbo');
    select
      DB_NAME() as [database],
      t.name as [name],
      'dbo' as [schema],
      'table' as table_type
    from sys.tables as t with (nolock)
    where t.schema_id = @schema_id
    union all
    select
      DB_NAME() as [database],
      v.name as [name],
      'dbo' as [schema],
      'view' as table_type
    from sys.views as v with (nolock)
    where v.schema_id = @schema_id
    
    OPTION (LABEL = 'dbt-sqlserver');

  
[0m14:28:54.073484 [debug] [ThreadPool]: SQL status: OK in 0.000 seconds
[0m14:28:54.075290 [debug] [ThreadPool]: On list_dbt_dev_dbo: ROLLBACK
[0m14:28:54.075946 [debug] [ThreadPool]: On list_dbt_dev_dbo: Close
[0m14:28:54.076517 [debug] [ThreadPool]: Re-using an available connection from the pool (formerly list_dbt_dev_dbo, now list_dbt_dev_dbo_dbo)
[0m14:28:54.078018 [debug] [ThreadPool]: dbt-sqlserver
[0m14:28:54.078400 [debug] [ThreadPool]: Using sqlserver connection "list_dbt_dev_dbo_dbo"
[0m14:28:54.078614 [debug] [ThreadPool]: On list_dbt_dev_dbo_dbo: BEGIN TRANSACTION
[0m14:28:54.078807 [debug] [ThreadPool]: Opening a new connection, currently in state closed
[0m14:28:54.079147 [debug] [ThreadPool]: sqlserver adapter: Using connection string: DRIVER={ODBC Driver 18 for SQL Server};SERVER=localhost,1433;Database=dbt_dev;UID=***;PWD=***;encrypt=No;TrustServerCertificate=Yes;APP=dbt-sqlserver/1.12.0;Pooling=true;SQL_ATTR_TRACE=SQL_OPT_TRACE_OFF;ConnectRetryCount=3;ConnectRetryInterval=10
[0m14:28:54.079440 [debug] [ThreadPool]: sqlserver adapter: Connected to db: dbt_dev
[0m14:28:54.080000 [debug] [ThreadPool]: SQL status: OK in 0.000 seconds
[0m14:28:54.080233 [debug] [ThreadPool]: Using sqlserver connection "list_dbt_dev_dbo_dbo"
[0m14:28:54.080450 [debug] [ThreadPool]: On list_dbt_dev_dbo_dbo: /* {"app": "dbt", "dbt_version": "1.12.5", "profile_name": "sqlserver_profile", "target_name": "dev", "connection_name": "list_dbt_dev_dbo_dbo"} */
USE "dbt_dev";
    declare @schema_id int = schema_id('dbo_dbo');
    select
      DB_NAME() as [database],
      t.name as [name],
      'dbo_dbo' as [schema],
      'table' as table_type
    from sys.tables as t with (nolock)
    where t.schema_id = @schema_id
    union all
    select
      DB_NAME() as [database],
      v.name as [name],
      'dbo_dbo' as [schema],
      'view' as table_type
    from sys.views as v with (nolock)
    where v.schema_id = @schema_id
    
    OPTION (LABEL = 'dbt-sqlserver');

  
[0m14:28:54.103873 [debug] [ThreadPool]: SQL status: OK in 0.000 seconds
[0m14:28:54.105052 [debug] [ThreadPool]: On list_dbt_dev_dbo_dbo: ROLLBACK
[0m14:28:54.105504 [debug] [ThreadPool]: On list_dbt_dev_dbo_dbo: Close
[0m14:28:54.106334 [debug] [MainThread]: Sending event: {'category': 'dbt', 'action': 'runnable_timing', 'label': 'e271f094-352f-4bdf-8290-a7aae1b38167', 'context': [<snowplow_tracker.self_describing_json.SelfDescribingJson object at 0x000002656F599CC0>]}
[0m14:28:54.106761 [debug] [MainThread]: Using sqlserver connection "master"
[0m14:28:54.107024 [debug] [MainThread]: On master: BEGIN TRANSACTION
[0m14:28:54.107272 [debug] [MainThread]: Opening a new connection, currently in state init
[0m14:28:54.107628 [debug] [MainThread]: sqlserver adapter: Using connection string: DRIVER={ODBC Driver 18 for SQL Server};SERVER=localhost,1433;Database=dbt_dev;UID=***;PWD=***;encrypt=No;TrustServerCertificate=Yes;APP=dbt-sqlserver/1.12.0;Pooling=true;SQL_ATTR_TRACE=SQL_OPT_TRACE_OFF;ConnectRetryCount=3;ConnectRetryInterval=10
[0m14:28:54.107937 [debug] [MainThread]: sqlserver adapter: Connected to db: dbt_dev
[0m14:28:54.108566 [debug] [MainThread]: SQL status: OK in 0.000 seconds
[0m14:28:54.109036 [debug] [MainThread]: On master: COMMIT
[0m14:28:54.109532 [debug] [MainThread]: Using sqlserver connection "master"
[0m14:28:54.109994 [debug] [MainThread]: On master: IF @@TRANCOUNT > 0 COMMIT TRANSACTION
[0m14:28:54.110560 [debug] [MainThread]: SQL status: OK in 0.000 seconds
[0m14:28:54.110810 [debug] [MainThread]: On master: Close
[0m14:28:54.113975 [debug] [Thread-1 (]: Began running node model.my_dbt_project.dim_geography
[0m14:28:54.114390 [info ] [Thread-1 (]: 1 of 1 START sql table model dbo.dim_geography ................................. [RUN]
[0m14:28:54.114910 [debug] [Thread-1 (]: Acquiring new sqlserver connection 'model.my_dbt_project.dim_geography'
[0m14:28:54.115244 [debug] [Thread-1 (]: Began compiling node model.my_dbt_project.dim_geography
[0m14:28:54.120641 [debug] [Thread-1 (]: Writing injected SQL for node "model.my_dbt_project.dim_geography"
[0m14:28:54.121388 [debug] [Thread-1 (]: Began executing node model.my_dbt_project.dim_geography
[0m14:28:54.168886 [debug] [Thread-1 (]: Applying DROP to: "dbt_dev"."dbo"."dim_geography__dbt_tmp__dbt_tmp_vw"
[0m14:28:54.174450 [debug] [Thread-1 (]: dbt-sqlserver
[0m14:28:54.174884 [debug] [Thread-1 (]: Using sqlserver connection "model.my_dbt_project.dim_geography"
[0m14:28:54.175182 [debug] [Thread-1 (]: On model.my_dbt_project.dim_geography: /* {"app": "dbt", "dbt_version": "1.12.5", "profile_name": "sqlserver_profile", "target_name": "dev", "node_id": "model.my_dbt_project.dim_geography"} */

        USE "dbt_dev";
        select
            sch.name as schema_name,
            obj.name as view_name
        from sys.sql_expression_dependencies refs with (nolock)
        inner join sys.objects obj with (nolock)
        on refs.referencing_id = obj.object_id
        inner join sys.schemas sch with (nolock)
        on obj.schema_id = sch.schema_id
        where refs.referenced_database_name = 'dbt_dev'
        and refs.referenced_schema_name = 'dbo'
        and refs.referenced_entity_name = 'dim_geography__dbt_tmp__dbt_tmp_vw'
        and obj.type = 'V'
        
    OPTION (LABEL = 'dbt-sqlserver');

      
[0m14:28:54.175481 [debug] [Thread-1 (]: Opening a new connection, currently in state init
[0m14:28:54.175843 [debug] [Thread-1 (]: sqlserver adapter: Using connection string: DRIVER={ODBC Driver 18 for SQL Server};SERVER=localhost,1433;Database=dbt_dev;UID=***;PWD=***;encrypt=No;TrustServerCertificate=Yes;APP=dbt-sqlserver/1.12.0;Pooling=true;SQL_ATTR_TRACE=SQL_OPT_TRACE_OFF;ConnectRetryCount=3;ConnectRetryInterval=10
[0m14:28:54.176211 [debug] [Thread-1 (]: sqlserver adapter: Connected to db: dbt_dev
[0m14:28:54.191537 [debug] [Thread-1 (]: SQL status: OK in 0.000 seconds
[0m14:28:54.193512 [debug] [Thread-1 (]: Using sqlserver connection "model.my_dbt_project.dim_geography"
[0m14:28:54.193785 [debug] [Thread-1 (]: On model.my_dbt_project.dim_geography: /* {"app": "dbt", "dbt_version": "1.12.5", "profile_name": "sqlserver_profile", "target_name": "dev", "node_id": "model.my_dbt_project.dim_geography"} */

      
      
    
    USE "dbt_dev";
    EXEC('DROP view IF EXISTS "dbo"."dim_geography__dbt_tmp__dbt_tmp_vw";');

[0m14:28:54.194880 [debug] [Thread-1 (]: SQL status: OK in 0.000 seconds
[0m14:28:54.203559 [debug] [Thread-1 (]: Using sqlserver connection "model.my_dbt_project.dim_geography"
[0m14:28:54.203859 [debug] [Thread-1 (]: On model.my_dbt_project.dim_geography: /* {"app": "dbt", "dbt_version": "1.12.5", "profile_name": "sqlserver_profile", "target_name": "dev", "node_id": "model.my_dbt_project.dim_geography"} */
USE "dbt_dev";
    USE "dbt_dev";
    
    

    

    USE "dbt_dev";
    EXEC('
        CREATE OR ALTER VIEW "dbo"."dim_geography__dbt_tmp__dbt_tmp_vw" AS 

with source_data as (

    select
        country,
        region,
        
    -- SQL Server surrogate key using SHA2_256
    convert(varchar(64),
        hashbytes(
            ''SHA2_256'',
            concat(country,''|'',region)
        ),
    2)
 as geography_key,
        current_timestamp as valid_from,
        cast(''9999-12-31'' as datetime) as valid_to,
        1 as is_current
    from "dbt_dev"."dbo_dbo"."5000_sales_records"
    group by country, region

)

select
    sd.geography_key,
    sd.country,
    sd.region,
    sd.valid_from,
    sd.valid_to,
    sd.is_current
from source_data sd;
    ')

EXEC('IF OBJECT_ID(''"dbo"."dim_geography__dbt_tmp"'', ''U'') IS NOT NULL
            EXEC(''DROP TABLE "dbt_dev"."dbo"."dim_geography__dbt_tmp"'');SELECT TOP 0 * INTO "dbt_dev"."dbo"."dim_geography__dbt_tmp" FROM "dbt_dev"."dbo"."dim_geography__dbt_tmp__dbt_tmp_vw"')
[0m14:28:54.223729 [debug] [Thread-1 (]: SQL status: OK in 0.000 seconds
[0m14:28:54.228382 [debug] [Thread-1 (]: dbt-sqlserver
[0m14:28:54.234357 [debug] [Thread-1 (]: Writing runtime sql for node "model.my_dbt_project.dim_geography"
[0m14:28:54.235622 [debug] [Thread-1 (]: Using sqlserver connection "model.my_dbt_project.dim_geography"
[0m14:28:54.235980 [debug] [Thread-1 (]: On model.my_dbt_project.dim_geography: /* {"app": "dbt", "dbt_version": "1.12.5", "profile_name": "sqlserver_profile", "target_name": "dev", "node_id": "model.my_dbt_project.dim_geography"} */
EXEC('INSERT INTO "dbt_dev"."dbo"."dim_geography__dbt_tmp" WITH (TABLOCK)
        SELECT * FROM "dbt_dev"."dbo"."dim_geography__dbt_tmp__dbt_tmp_vw" 
    OPTION (LABEL = ''dbt-sqlserver'');
')

    

    
    USE "dbt_dev";
    if EXISTS (
        SELECT *
        FROM sys.indexes with (nolock)
        WHERE name = 'dbo_dim_geography_cci'
        AND object_id=object_id('"dbo"."dim_geography__dbt_tmp"')
    )
    DROP index "dbo"."dim_geography__dbt_tmp"."dbo_dim_geography_cci"
    CREATE CLUSTERED COLUMNSTORE INDEX "dbo_dim_geography_cci"
    ON "dbo"."dim_geography__dbt_tmp"

   
[0m14:28:54.324158 [debug] [Thread-1 (]: SQL status: OK in 0.000 seconds
[0m14:28:54.325834 [debug] [Thread-1 (]: Using sqlserver connection "model.my_dbt_project.dim_geography"
[0m14:28:54.326141 [debug] [Thread-1 (]: On model.my_dbt_project.dim_geography: BEGIN TRANSACTION
[0m14:28:54.326638 [debug] [Thread-1 (]: SQL status: OK in 0.000 seconds
[0m14:28:54.330834 [debug] [Thread-1 (]: Using sqlserver connection "model.my_dbt_project.dim_geography"
[0m14:28:54.331113 [debug] [Thread-1 (]: On model.my_dbt_project.dim_geography: /* {"app": "dbt", "dbt_version": "1.12.5", "profile_name": "sqlserver_profile", "target_name": "dev", "node_id": "model.my_dbt_project.dim_geography"} */
USE "dbt_dev";EXEC sp_rename '"dbo"."dim_geography__dbt_tmp"', 'dim_geography'
[0m14:28:54.630497 [debug] [Thread-1 (]: SQL status: OK in 0.000 seconds
[0m14:28:54.646026 [debug] [Thread-1 (]: On model.my_dbt_project.dim_geography: COMMIT
[0m14:28:54.646383 [debug] [Thread-1 (]: Using sqlserver connection "model.my_dbt_project.dim_geography"
[0m14:28:54.646627 [debug] [Thread-1 (]: On model.my_dbt_project.dim_geography: IF @@TRANCOUNT > 0 COMMIT TRANSACTION
[0m14:28:54.647408 [debug] [Thread-1 (]: SQL status: OK in 0.000 seconds
[0m14:28:54.647962 [debug] [Thread-1 (]: Using sqlserver connection "model.my_dbt_project.dim_geography"
[0m14:28:54.648229 [debug] [Thread-1 (]: On model.my_dbt_project.dim_geography: /* {"app": "dbt", "dbt_version": "1.12.5", "profile_name": "sqlserver_profile", "target_name": "dev", "node_id": "model.my_dbt_project.dim_geography"} */
USE "dbt_dev";
      DROP VIEW IF EXISTS "dbo"."dim_geography__dbt_tmp__dbt_tmp_vw";
[0m14:28:54.650522 [debug] [Thread-1 (]: SQL status: OK in 0.000 seconds
[0m14:28:54.676648 [debug] [Thread-1 (]: Using sqlserver connection "model.my_dbt_project.dim_geography"
[0m14:28:54.676974 [debug] [Thread-1 (]: On model.my_dbt_project.dim_geography: BEGIN TRANSACTION
[0m14:28:54.677488 [debug] [Thread-1 (]: SQL status: OK in 0.000 seconds
[0m14:28:54.677783 [debug] [Thread-1 (]: On model.my_dbt_project.dim_geography: COMMIT
[0m14:28:54.678039 [debug] [Thread-1 (]: Using sqlserver connection "model.my_dbt_project.dim_geography"
[0m14:28:54.678280 [debug] [Thread-1 (]: On model.my_dbt_project.dim_geography: IF @@TRANCOUNT > 0 COMMIT TRANSACTION
[0m14:28:54.678664 [debug] [Thread-1 (]: SQL status: OK in 0.000 seconds
[0m14:28:54.680444 [debug] [Thread-1 (]: Applying DROP to: "dbt_dev"."dbo"."dim_geography__dbt_backup"
[0m14:28:54.680941 [debug] [Thread-1 (]: Using sqlserver connection "model.my_dbt_project.dim_geography"
[0m14:28:54.681192 [debug] [Thread-1 (]: On model.my_dbt_project.dim_geography: /* {"app": "dbt", "dbt_version": "1.12.5", "profile_name": "sqlserver_profile", "target_name": "dev", "node_id": "model.my_dbt_project.dim_geography"} */

      
    USE "dbt_dev";
    EXEC('DROP table IF EXISTS "dbo"."dim_geography__dbt_backup";');

[0m14:28:54.682009 [debug] [Thread-1 (]: SQL status: OK in 0.000 seconds
[0m14:28:54.688488 [debug] [Thread-1 (]: On model.my_dbt_project.dim_geography: Close
[0m14:28:54.689867 [debug] [Thread-1 (]: Sending event: {'category': 'dbt', 'action': 'run_model', 'label': 'e271f094-352f-4bdf-8290-a7aae1b38167', 'context': [<snowplow_tracker.self_describing_json.SelfDescribingJson object at 0x000002656EF9EE10>]}
[0m14:28:54.690348 [info ] [Thread-1 (]: 1 of 1 OK created sql table model dbo.dim_geography ............................ [[32mOK[0m in 0.57s]
[0m14:28:54.691363 [debug] [Thread-1 (]: Finished running node model.my_dbt_project.dim_geography
[0m14:28:54.693275 [debug] [MainThread]: Using sqlserver connection "master"
[0m14:28:54.693531 [debug] [MainThread]: On master: BEGIN TRANSACTION
[0m14:28:54.693808 [debug] [MainThread]: Opening a new connection, currently in state closed
[0m14:28:54.694174 [debug] [MainThread]: sqlserver adapter: Using connection string: DRIVER={ODBC Driver 18 for SQL Server};SERVER=localhost,1433;Database=dbt_dev;UID=***;PWD=***;encrypt=No;TrustServerCertificate=Yes;APP=dbt-sqlserver/1.12.0;Pooling=true;SQL_ATTR_TRACE=SQL_OPT_TRACE_OFF;ConnectRetryCount=3;ConnectRetryInterval=10
[0m14:28:54.694461 [debug] [MainThread]: sqlserver adapter: Connected to db: dbt_dev
[0m14:28:54.695347 [debug] [MainThread]: SQL status: OK in 0.000 seconds
[0m14:28:54.695597 [debug] [MainThread]: On master: COMMIT
[0m14:28:54.695816 [debug] [MainThread]: Using sqlserver connection "master"
[0m14:28:54.696016 [debug] [MainThread]: On master: IF @@TRANCOUNT > 0 COMMIT TRANSACTION
[0m14:28:54.696467 [debug] [MainThread]: SQL status: OK in 0.000 seconds
[0m14:28:54.696732 [debug] [MainThread]: On master: Close
[0m14:28:54.697126 [debug] [MainThread]: Connection 'master' was properly closed.
[0m14:28:54.697472 [debug] [MainThread]: Connection 'list_dbt_dev' was properly closed.
[0m14:28:54.697810 [debug] [MainThread]: Connection 'list_dbt_dev_dbo_dbo' was properly closed.
[0m14:28:54.698059 [debug] [MainThread]: Connection 'model.my_dbt_project.dim_geography' was properly closed.
[0m14:28:54.698275 [info ] [MainThread]: 
[0m14:28:54.698595 [info ] [MainThread]: Finished running 1 table model in 0 hours 0 minutes and 0.83 seconds (0.83s).
[0m14:28:54.699191 [debug] [MainThread]: Command end result
[0m14:28:54.729909 [debug] [MainThread]: Wrote artifact WritableManifest to C:\Users\nicjc\my_dbt_project\target\manifest.json
[0m14:28:54.732978 [debug] [MainThread]: Wrote artifact SemanticManifest to C:\Users\nicjc\my_dbt_project\target\semantic_manifest.json
[0m14:28:54.735923 [debug] [MainThread]: Wrote artifact OsiDocument to C:\Users\nicjc\my_dbt_project\target\osi_document.json
[0m14:28:54.741749 [debug] [MainThread]: Wrote artifact RunExecutionResult to C:\Users\nicjc\my_dbt_project\target\run_results.json
[0m14:28:54.741983 [info ] [MainThread]: 
[0m14:28:54.742447 [info ] [MainThread]: [32mCompleted successfully[0m
[0m14:28:54.742835 [info ] [MainThread]: 
[0m14:28:54.743220 [info ] [MainThread]: Done. PASS=1 WARN=0 ERROR=0 SKIP=0 NO-OP=0 REUSED=0 TOTAL=1
[0m14:28:54.744237 [debug] [MainThread]: Command `dbt run` succeeded at 14:28:54.744111 after 2.21 seconds
[0m14:28:54.744697 [debug] [MainThread]: Sending event: {'category': 'dbt', 'action': 'invocation', 'label': 'end', 'context': [<snowplow_tracker.self_describing_json.SelfDescribingJson object at 0x000002656F5171D0>, <snowplow_tracker.self_describing_json.SelfDescribingJson object at 0x000002656F587A70>, <snowplow_tracker.self_describing_json.SelfDescribingJson object at 0x000002656F586FD0>]}
[0m14:28:54.745142 [debug] [MainThread]: Flushing usage events
[0m14:28:55.812780 [debug] [MainThread]: An error was encountered while trying to flush usage events
[0m14:30:17.673753 [debug] [MainThread]: Sending event: {'category': 'dbt', 'action': 'invocation', 'label': 'start', 'context': [<snowplow_tracker.self_describing_json.SelfDescribingJson object at 0x000002A565F21D30>, <snowplow_tracker.self_describing_json.SelfDescribingJson object at 0x000002A563ACCB90>, <snowplow_tracker.self_describing_json.SelfDescribingJson object at 0x000002A5688DB890>]}


============================== 14:30:17.677188 | cec56d85-0b86-4ce5-a7d2-67c2de52e2e9 ==============================
[0m14:30:17.677188 [info ] [MainThread]: Running with dbt=1.12.5
[0m14:30:17.677751 [debug] [MainThread]: running dbt with arguments {'maximum_seed_size_mib': '1', 'no_print': 'None', 'version_check': 'True', 'warn_error_options': 'WarnErrorOptionsV2(error=[], warn=[], silence=[])', 'target_path': 'None', 'static_parser': 'True', 'printer_width': '80', 'write_json': 'True', 'empty': 'False', 'log_cache_events': 'False', 'introspect': 'True', 'cache_selected_only': 'False', 'log_format': 'default', 'debug': 'False', 'fail_fast': 'False', 'profiles_dir': 'C:\\Users\\nicjc\\.dbt', 'send_anonymous_usage_stats': 'True', 'quiet': 'False', 'warn_error': 'None', 'partial_parse': 'True', 'use_colors': 'True', 'hints_enabled': 'True', 'indirect_selection': 'eager', 'use_experimental_parser': 'False', 'invocation_command': 'dbt run --select dim_geography --full-refresh', 'log_path': 'C:\\Users\\nicjc\\my_dbt_project\\logs'}
[0m14:30:17.884812 [debug] [MainThread]: Sending event: {'category': 'dbt', 'action': 'project_id', 'label': 'cec56d85-0b86-4ce5-a7d2-67c2de52e2e9', 'context': [<snowplow_tracker.self_describing_json.SelfDescribingJson object at 0x000002A56897FE10>]}
[0m14:30:17.943717 [debug] [MainThread]: Sending event: {'category': 'dbt', 'action': 'adapter_info', 'label': 'cec56d85-0b86-4ce5-a7d2-67c2de52e2e9', 'context': [<snowplow_tracker.self_describing_json.SelfDescribingJson object at 0x000002A568E73AC0>]}
[0m14:30:17.944528 [info ] [MainThread]: Registered adapter: sqlserver=1.12.0
[0m14:30:18.172733 [debug] [MainThread]: checksum: 84e6854b018826ad904eca26f98d7d902f51ac360469f424a309c73808fc198c, vars: {}, profile: sqlserver_profile, target: dev, version: 1.12.5
[0m14:30:18.309693 [debug] [MainThread]: Partial parsing enabled: 0 files deleted, 0 files added, 1 files changed.
[0m14:30:18.310283 [debug] [MainThread]: Partial parsing: updated file: my_dbt_project://models\dimensions\dim_geography.sql
[0m14:30:18.836026 [debug] [MainThread]: Sending event: {'category': 'dbt', 'action': 'load_project', 'label': 'cec56d85-0b86-4ce5-a7d2-67c2de52e2e9', 'context': [<snowplow_tracker.self_describing_json.SelfDescribingJson object at 0x000002A56941D650>]}
[0m14:30:18.933974 [debug] [MainThread]: Wrote artifact WritableManifest to C:\Users\nicjc\my_dbt_project\target\manifest.json
[0m14:30:18.937448 [debug] [MainThread]: Wrote artifact SemanticManifest to C:\Users\nicjc\my_dbt_project\target\semantic_manifest.json
[0m14:30:18.956383 [debug] [MainThread]: Wrote artifact OsiDocument to C:\Users\nicjc\my_dbt_project\target\osi_document.json
[0m14:30:18.967675 [debug] [MainThread]: Sending event: {'category': 'dbt', 'action': 'resource_counts', 'label': 'cec56d85-0b86-4ce5-a7d2-67c2de52e2e9', 'context': [<snowplow_tracker.self_describing_json.SelfDescribingJson object at 0x000002A569801130>]}
[0m14:30:18.968119 [info ] [MainThread]: Found 3 models, 6 data tests, 1 seed, 579 macros
[0m14:30:18.968474 [debug] [MainThread]: Sending event: {'category': 'dbt', 'action': 'runnable_timing', 'label': 'cec56d85-0b86-4ce5-a7d2-67c2de52e2e9', 'context': [<snowplow_tracker.self_describing_json.SelfDescribingJson object at 0x000002A5697A2C10>]}
[0m14:30:18.970016 [info ] [MainThread]: 
[0m14:30:18.970446 [info ] [MainThread]: Concurrency: 1 threads (target='dev')
[0m14:30:18.970811 [info ] [MainThread]: 
[0m14:30:18.971467 [debug] [MainThread]: Acquiring new sqlserver connection 'master'
[0m14:30:18.972435 [debug] [ThreadPool]: Acquiring new sqlserver connection 'list_dbt_dev'
[0m14:30:18.992094 [debug] [ThreadPool]: dbt-sqlserver
[0m14:30:18.994462 [debug] [ThreadPool]: Using sqlserver connection "list_dbt_dev"
[0m14:30:18.994762 [debug] [ThreadPool]: On list_dbt_dev: /* {"app": "dbt", "dbt_version": "1.12.5", "profile_name": "sqlserver_profile", "target_name": "dev", "connection_name": "list_dbt_dev"} */
USE "dbt_dev";
    select  name as [schema]
    from sys.schemas with (nolock) 
    OPTION (LABEL = 'dbt-sqlserver');

  
[0m14:30:18.994995 [debug] [ThreadPool]: Opening a new connection, currently in state init
[0m14:30:18.998404 [debug] [ThreadPool]: sqlserver adapter: Using connection string: DRIVER={ODBC Driver 18 for SQL Server};SERVER=localhost,1433;Database=dbt_dev;UID=***;PWD=***;encrypt=No;TrustServerCertificate=Yes;APP=dbt-sqlserver/1.12.0;Pooling=true;SQL_ATTR_TRACE=SQL_OPT_TRACE_OFF;ConnectRetryCount=3;ConnectRetryInterval=10
[0m14:30:19.142572 [debug] [ThreadPool]: sqlserver adapter: Connected to db: dbt_dev
[0m14:30:19.147025 [debug] [ThreadPool]: SQL status: OK in 0.000 seconds
[0m14:30:19.148275 [debug] [ThreadPool]: On list_dbt_dev: Close
[0m14:30:19.153460 [debug] [ThreadPool]: Acquiring new sqlserver connection 'list_dbt_dev_dbo'
[0m14:30:19.157814 [debug] [ThreadPool]: dbt-sqlserver
[0m14:30:19.158232 [debug] [ThreadPool]: Using sqlserver connection "list_dbt_dev_dbo"
[0m14:30:19.158465 [debug] [ThreadPool]: On list_dbt_dev_dbo: BEGIN TRANSACTION
[0m14:30:19.158679 [debug] [ThreadPool]: Opening a new connection, currently in state init
[0m14:30:19.158991 [debug] [ThreadPool]: sqlserver adapter: Using connection string: DRIVER={ODBC Driver 18 for SQL Server};SERVER=localhost,1433;Database=dbt_dev;UID=***;PWD=***;encrypt=No;TrustServerCertificate=Yes;APP=dbt-sqlserver/1.12.0;Pooling=true;SQL_ATTR_TRACE=SQL_OPT_TRACE_OFF;ConnectRetryCount=3;ConnectRetryInterval=10
[0m14:30:19.159281 [debug] [ThreadPool]: sqlserver adapter: Connected to db: dbt_dev
[0m14:30:19.160034 [debug] [ThreadPool]: SQL status: OK in 0.000 seconds
[0m14:30:19.160383 [debug] [ThreadPool]: Using sqlserver connection "list_dbt_dev_dbo"
[0m14:30:19.160683 [debug] [ThreadPool]: On list_dbt_dev_dbo: /* {"app": "dbt", "dbt_version": "1.12.5", "profile_name": "sqlserver_profile", "target_name": "dev", "connection_name": "list_dbt_dev_dbo"} */
USE "dbt_dev";
    declare @schema_id int = schema_id('dbo');
    select
      DB_NAME() as [database],
      t.name as [name],
      'dbo' as [schema],
      'table' as table_type
    from sys.tables as t with (nolock)
    where t.schema_id = @schema_id
    union all
    select
      DB_NAME() as [database],
      v.name as [name],
      'dbo' as [schema],
      'view' as table_type
    from sys.views as v with (nolock)
    where v.schema_id = @schema_id
    
    OPTION (LABEL = 'dbt-sqlserver');

  
[0m14:30:19.190853 [debug] [ThreadPool]: SQL status: OK in 0.000 seconds
[0m14:30:19.192131 [debug] [ThreadPool]: On list_dbt_dev_dbo: ROLLBACK
[0m14:30:19.192705 [debug] [ThreadPool]: On list_dbt_dev_dbo: Close
[0m14:30:19.193463 [debug] [ThreadPool]: Re-using an available connection from the pool (formerly list_dbt_dev_dbo, now list_dbt_dev_dbo_dbo)
[0m14:30:19.195335 [debug] [ThreadPool]: dbt-sqlserver
[0m14:30:19.195725 [debug] [ThreadPool]: Using sqlserver connection "list_dbt_dev_dbo_dbo"
[0m14:30:19.195939 [debug] [ThreadPool]: On list_dbt_dev_dbo_dbo: BEGIN TRANSACTION
[0m14:30:19.196132 [debug] [ThreadPool]: Opening a new connection, currently in state closed
[0m14:30:19.196453 [debug] [ThreadPool]: sqlserver adapter: Using connection string: DRIVER={ODBC Driver 18 for SQL Server};SERVER=localhost,1433;Database=dbt_dev;UID=***;PWD=***;encrypt=No;TrustServerCertificate=Yes;APP=dbt-sqlserver/1.12.0;Pooling=true;SQL_ATTR_TRACE=SQL_OPT_TRACE_OFF;ConnectRetryCount=3;ConnectRetryInterval=10
[0m14:30:19.196762 [debug] [ThreadPool]: sqlserver adapter: Connected to db: dbt_dev
[0m14:30:19.197299 [debug] [ThreadPool]: SQL status: OK in 0.000 seconds
[0m14:30:19.197521 [debug] [ThreadPool]: Using sqlserver connection "list_dbt_dev_dbo_dbo"
[0m14:30:19.197746 [debug] [ThreadPool]: On list_dbt_dev_dbo_dbo: /* {"app": "dbt", "dbt_version": "1.12.5", "profile_name": "sqlserver_profile", "target_name": "dev", "connection_name": "list_dbt_dev_dbo_dbo"} */
USE "dbt_dev";
    declare @schema_id int = schema_id('dbo_dbo');
    select
      DB_NAME() as [database],
      t.name as [name],
      'dbo_dbo' as [schema],
      'table' as table_type
    from sys.tables as t with (nolock)
    where t.schema_id = @schema_id
    union all
    select
      DB_NAME() as [database],
      v.name as [name],
      'dbo_dbo' as [schema],
      'view' as table_type
    from sys.views as v with (nolock)
    where v.schema_id = @schema_id
    
    OPTION (LABEL = 'dbt-sqlserver');

  
[0m14:30:19.222593 [debug] [ThreadPool]: SQL status: OK in 0.000 seconds
[0m14:30:19.223881 [debug] [ThreadPool]: On list_dbt_dev_dbo_dbo: ROLLBACK
[0m14:30:19.224354 [debug] [ThreadPool]: On list_dbt_dev_dbo_dbo: Close
[0m14:30:19.225268 [debug] [MainThread]: Sending event: {'category': 'dbt', 'action': 'runnable_timing', 'label': 'cec56d85-0b86-4ce5-a7d2-67c2de52e2e9', 'context': [<snowplow_tracker.self_describing_json.SelfDescribingJson object at 0x000002A56988A0D0>]}
[0m14:30:19.225697 [debug] [MainThread]: Using sqlserver connection "master"
[0m14:30:19.225962 [debug] [MainThread]: On master: BEGIN TRANSACTION
[0m14:30:19.226162 [debug] [MainThread]: Opening a new connection, currently in state init
[0m14:30:19.226463 [debug] [MainThread]: sqlserver adapter: Using connection string: DRIVER={ODBC Driver 18 for SQL Server};SERVER=localhost,1433;Database=dbt_dev;UID=***;PWD=***;encrypt=No;TrustServerCertificate=Yes;APP=dbt-sqlserver/1.12.0;Pooling=true;SQL_ATTR_TRACE=SQL_OPT_TRACE_OFF;ConnectRetryCount=3;ConnectRetryInterval=10
[0m14:30:19.226740 [debug] [MainThread]: sqlserver adapter: Connected to db: dbt_dev
[0m14:30:19.227293 [debug] [MainThread]: SQL status: OK in 0.000 seconds
[0m14:30:19.227588 [debug] [MainThread]: On master: COMMIT
[0m14:30:19.227850 [debug] [MainThread]: Using sqlserver connection "master"
[0m14:30:19.228056 [debug] [MainThread]: On master: IF @@TRANCOUNT > 0 COMMIT TRANSACTION
[0m14:30:19.228502 [debug] [MainThread]: SQL status: OK in 0.000 seconds
[0m14:30:19.228730 [debug] [MainThread]: On master: Close
[0m14:30:19.231209 [debug] [Thread-1 (]: Began running node model.my_dbt_project.dim_geography
[0m14:30:19.231633 [info ] [Thread-1 (]: 1 of 1 START sql incremental model dbo.dim_geography ........................... [RUN]
[0m14:30:19.232126 [debug] [Thread-1 (]: Acquiring new sqlserver connection 'model.my_dbt_project.dim_geography'
[0m14:30:19.232406 [debug] [Thread-1 (]: Began compiling node model.my_dbt_project.dim_geography
[0m14:30:19.239696 [debug] [Thread-1 (]: Writing injected SQL for node "model.my_dbt_project.dim_geography"
[0m14:30:19.240679 [debug] [Thread-1 (]: Began executing node model.my_dbt_project.dim_geography
[0m14:30:19.298455 [debug] [Thread-1 (]: Applying DROP to: "dbt_dev"."dbo"."dim_geography__dbt_tmp__dbt_tmp_vw"
[0m14:30:19.304471 [debug] [Thread-1 (]: dbt-sqlserver
[0m14:30:19.305014 [debug] [Thread-1 (]: Using sqlserver connection "model.my_dbt_project.dim_geography"
[0m14:30:19.305300 [debug] [Thread-1 (]: On model.my_dbt_project.dim_geography: /* {"app": "dbt", "dbt_version": "1.12.5", "profile_name": "sqlserver_profile", "target_name": "dev", "node_id": "model.my_dbt_project.dim_geography"} */

        USE "dbt_dev";
        select
            sch.name as schema_name,
            obj.name as view_name
        from sys.sql_expression_dependencies refs with (nolock)
        inner join sys.objects obj with (nolock)
        on refs.referencing_id = obj.object_id
        inner join sys.schemas sch with (nolock)
        on obj.schema_id = sch.schema_id
        where refs.referenced_database_name = 'dbt_dev'
        and refs.referenced_schema_name = 'dbo'
        and refs.referenced_entity_name = 'dim_geography__dbt_tmp__dbt_tmp_vw'
        and obj.type = 'V'
        
    OPTION (LABEL = 'dbt-sqlserver');

      
[0m14:30:19.305568 [debug] [Thread-1 (]: Opening a new connection, currently in state init
[0m14:30:19.305929 [debug] [Thread-1 (]: sqlserver adapter: Using connection string: DRIVER={ODBC Driver 18 for SQL Server};SERVER=localhost,1433;Database=dbt_dev;UID=***;PWD=***;encrypt=No;TrustServerCertificate=Yes;APP=dbt-sqlserver/1.12.0;Pooling=true;SQL_ATTR_TRACE=SQL_OPT_TRACE_OFF;ConnectRetryCount=3;ConnectRetryInterval=10
[0m14:30:19.404500 [debug] [Thread-1 (]: sqlserver adapter: Connected to db: dbt_dev
[0m14:30:19.420429 [debug] [Thread-1 (]: SQL status: OK in 0.000 seconds
[0m14:30:19.422054 [debug] [Thread-1 (]: Using sqlserver connection "model.my_dbt_project.dim_geography"
[0m14:30:19.422444 [debug] [Thread-1 (]: On model.my_dbt_project.dim_geography: /* {"app": "dbt", "dbt_version": "1.12.5", "profile_name": "sqlserver_profile", "target_name": "dev", "node_id": "model.my_dbt_project.dim_geography"} */

      
      
    
    USE "dbt_dev";
    EXEC('DROP view IF EXISTS "dbo"."dim_geography__dbt_tmp__dbt_tmp_vw";');

[0m14:30:19.423427 [debug] [Thread-1 (]: SQL status: OK in 0.000 seconds
[0m14:30:19.431850 [debug] [Thread-1 (]: Using sqlserver connection "model.my_dbt_project.dim_geography"
[0m14:30:19.432230 [debug] [Thread-1 (]: On model.my_dbt_project.dim_geography: /* {"app": "dbt", "dbt_version": "1.12.5", "profile_name": "sqlserver_profile", "target_name": "dev", "node_id": "model.my_dbt_project.dim_geography"} */

        USE "dbt_dev";
    USE "dbt_dev";
    
    

    

    USE "dbt_dev";
    EXEC('
        CREATE OR ALTER VIEW "dbo"."dim_geography__dbt_tmp__dbt_tmp_vw" AS 

with source_data as (

    select
        country,
        region,
        
    -- SQL Server surrogate key using SHA2_256
    convert(varchar(64),
        hashbytes(
            ''SHA2_256'',
            concat(country,''|'',region)
        ),
    2)
 as geography_key,
        current_timestamp as valid_from,
        cast(''9999-12-31'' as datetime) as valid_to,
        1 as is_current
    from "dbt_dev"."dbo_dbo"."5000_sales_records"
    group by country, region

)

select
    sd.geography_key,
    sd.country,
    sd.region,
    sd.valid_from,
    sd.valid_to,
    sd.is_current
from source_data sd

;
    ')

EXEC('IF OBJECT_ID(''"dbo"."dim_geography__dbt_tmp"'', ''U'') IS NOT NULL
            EXEC(''DROP TABLE "dbt_dev"."dbo"."dim_geography__dbt_tmp"'');SELECT TOP 0 * INTO "dbt_dev"."dbo"."dim_geography__dbt_tmp" FROM "dbt_dev"."dbo"."dim_geography__dbt_tmp__dbt_tmp_vw"')
    
[0m14:30:19.442331 [debug] [Thread-1 (]: SQL status: OK in 0.000 seconds
[0m14:30:19.447981 [debug] [Thread-1 (]: Using sqlserver connection "model.my_dbt_project.dim_geography"
[0m14:30:19.448316 [debug] [Thread-1 (]: On model.my_dbt_project.dim_geography: /* {"app": "dbt", "dbt_version": "1.12.5", "profile_name": "sqlserver_profile", "target_name": "dev", "node_id": "model.my_dbt_project.dim_geography"} */

    USE "dbt_dev"; if not exists (select 1 from sys.extended_properties where class = 1 and minor_id = 0 and name = 'dbt_full_refresh_incomplete' and major_id = OBJECT_ID('"dbo"."dim_geography"')) EXEC sp_addextendedproperty @name = N'dbt_full_refresh_incomplete', @value = '1', @level0type = N'SCHEMA', @level0name = N'dbo', @level1type = N'TABLE', @level1name = N'dim_geography'
  
[0m14:30:19.455025 [debug] [Thread-1 (]: SQL status: OK in 0.000 seconds
[0m14:30:19.459704 [debug] [Thread-1 (]: dbt-sqlserver
[0m14:30:19.466150 [debug] [Thread-1 (]: Writing runtime sql for node "model.my_dbt_project.dim_geography"
[0m14:30:19.467144 [debug] [Thread-1 (]: Using sqlserver connection "model.my_dbt_project.dim_geography"
[0m14:30:19.467449 [debug] [Thread-1 (]: On model.my_dbt_project.dim_geography: /* {"app": "dbt", "dbt_version": "1.12.5", "profile_name": "sqlserver_profile", "target_name": "dev", "node_id": "model.my_dbt_project.dim_geography"} */

          EXEC('INSERT INTO "dbt_dev"."dbo"."dim_geography__dbt_tmp" WITH (TABLOCK)
        SELECT * FROM "dbt_dev"."dbo"."dim_geography__dbt_tmp__dbt_tmp_vw" 
    OPTION (LABEL = ''dbt-sqlserver'');
')

    

    
    USE "dbt_dev";
    if EXISTS (
        SELECT *
        FROM sys.indexes with (nolock)
        WHERE name = 'dbo_dim_geography_cci'
        AND object_id=object_id('"dbo"."dim_geography__dbt_tmp"')
    )
    DROP index "dbo"."dim_geography__dbt_tmp"."dbo_dim_geography_cci"
    CREATE CLUSTERED COLUMNSTORE INDEX "dbo_dim_geography_cci"
    ON "dbo"."dim_geography__dbt_tmp"

   
      
[0m14:30:19.490877 [debug] [Thread-1 (]: SQL status: OK in 0.000 seconds
[0m14:30:19.492442 [debug] [Thread-1 (]: Using sqlserver connection "model.my_dbt_project.dim_geography"
[0m14:30:19.492738 [debug] [Thread-1 (]: On model.my_dbt_project.dim_geography: BEGIN TRANSACTION
[0m14:30:19.493196 [debug] [Thread-1 (]: SQL status: OK in 0.000 seconds
[0m14:30:19.497772 [debug] [Thread-1 (]: Using sqlserver connection "model.my_dbt_project.dim_geography"
[0m14:30:19.498128 [debug] [Thread-1 (]: On model.my_dbt_project.dim_geography: /* {"app": "dbt", "dbt_version": "1.12.5", "profile_name": "sqlserver_profile", "target_name": "dev", "node_id": "model.my_dbt_project.dim_geography"} */
USE "dbt_dev";EXEC sp_rename '"dbo"."dim_geography"', 'dim_geography__dbt_backup'
[0m14:30:19.928537 [debug] [Thread-1 (]: SQL status: OK in 0.000 seconds
[0m14:30:19.930816 [debug] [Thread-1 (]: Using sqlserver connection "model.my_dbt_project.dim_geography"
[0m14:30:19.931111 [debug] [Thread-1 (]: On model.my_dbt_project.dim_geography: /* {"app": "dbt", "dbt_version": "1.12.5", "profile_name": "sqlserver_profile", "target_name": "dev", "node_id": "model.my_dbt_project.dim_geography"} */
USE "dbt_dev";EXEC sp_rename '"dbo"."dim_geography__dbt_tmp"', 'dim_geography'
[0m14:30:19.935027 [debug] [Thread-1 (]: SQL status: OK in 0.000 seconds
[0m14:30:19.949057 [debug] [Thread-1 (]: On model.my_dbt_project.dim_geography: COMMIT
[0m14:30:19.949425 [debug] [Thread-1 (]: Using sqlserver connection "model.my_dbt_project.dim_geography"
[0m14:30:19.949684 [debug] [Thread-1 (]: On model.my_dbt_project.dim_geography: IF @@TRANCOUNT > 0 COMMIT TRANSACTION
[0m14:30:19.957666 [debug] [Thread-1 (]: SQL status: OK in 0.000 seconds
[0m14:30:19.958711 [debug] [Thread-1 (]: Using sqlserver connection "model.my_dbt_project.dim_geography"
[0m14:30:19.958976 [debug] [Thread-1 (]: On model.my_dbt_project.dim_geography: /* {"app": "dbt", "dbt_version": "1.12.5", "profile_name": "sqlserver_profile", "target_name": "dev", "node_id": "model.my_dbt_project.dim_geography"} */
USE "dbt_dev";
      DROP VIEW IF EXISTS "dbo"."dim_geography__dbt_tmp__dbt_tmp_vw";
[0m14:30:19.960732 [debug] [Thread-1 (]: SQL status: OK in 0.000 seconds
[0m14:30:19.989395 [debug] [Thread-1 (]: Using sqlserver connection "model.my_dbt_project.dim_geography"
[0m14:30:19.989728 [debug] [Thread-1 (]: On model.my_dbt_project.dim_geography: BEGIN TRANSACTION
[0m14:30:19.990454 [debug] [Thread-1 (]: SQL status: OK in 0.000 seconds
[0m14:30:19.991085 [debug] [Thread-1 (]: On model.my_dbt_project.dim_geography: COMMIT
[0m14:30:19.991527 [debug] [Thread-1 (]: Using sqlserver connection "model.my_dbt_project.dim_geography"
[0m14:30:19.991760 [debug] [Thread-1 (]: On model.my_dbt_project.dim_geography: IF @@TRANCOUNT > 0 COMMIT TRANSACTION
[0m14:30:19.992138 [debug] [Thread-1 (]: SQL status: OK in 0.000 seconds
[0m14:30:19.994100 [debug] [Thread-1 (]: Applying DROP to: "dbt_dev"."dbo"."dim_geography__dbt_backup"
[0m14:30:19.994614 [debug] [Thread-1 (]: Using sqlserver connection "model.my_dbt_project.dim_geography"
[0m14:30:19.994868 [debug] [Thread-1 (]: On model.my_dbt_project.dim_geography: /* {"app": "dbt", "dbt_version": "1.12.5", "profile_name": "sqlserver_profile", "target_name": "dev", "node_id": "model.my_dbt_project.dim_geography"} */

      
    USE "dbt_dev";
    EXEC('DROP table IF EXISTS "dbo"."dim_geography__dbt_backup";');

[0m14:30:20.000213 [debug] [Thread-1 (]: SQL status: OK in 0.000 seconds
[0m14:30:20.008846 [debug] [Thread-1 (]: On model.my_dbt_project.dim_geography: Close
[0m14:30:20.010498 [debug] [Thread-1 (]: Sending event: {'category': 'dbt', 'action': 'run_model', 'label': 'cec56d85-0b86-4ce5-a7d2-67c2de52e2e9', 'context': [<snowplow_tracker.self_describing_json.SelfDescribingJson object at 0x000002A56924E2D0>]}
[0m14:30:20.011063 [info ] [Thread-1 (]: 1 of 1 OK created sql incremental model dbo.dim_geography ...................... [[32mOK[0m in 0.78s]
[0m14:30:20.011695 [debug] [Thread-1 (]: Finished running node model.my_dbt_project.dim_geography
[0m14:30:20.013039 [debug] [MainThread]: Using sqlserver connection "master"
[0m14:30:20.013326 [debug] [MainThread]: On master: BEGIN TRANSACTION
[0m14:30:20.013566 [debug] [MainThread]: Opening a new connection, currently in state closed
[0m14:30:20.013913 [debug] [MainThread]: sqlserver adapter: Using connection string: DRIVER={ODBC Driver 18 for SQL Server};SERVER=localhost,1433;Database=dbt_dev;UID=***;PWD=***;encrypt=No;TrustServerCertificate=Yes;APP=dbt-sqlserver/1.12.0;Pooling=true;SQL_ATTR_TRACE=SQL_OPT_TRACE_OFF;ConnectRetryCount=3;ConnectRetryInterval=10
[0m14:30:20.014213 [debug] [MainThread]: sqlserver adapter: Connected to db: dbt_dev
[0m14:30:20.016183 [debug] [MainThread]: SQL status: OK in 0.000 seconds
[0m14:30:20.016570 [debug] [MainThread]: On master: COMMIT
[0m14:30:20.016844 [debug] [MainThread]: Using sqlserver connection "master"
[0m14:30:20.017117 [debug] [MainThread]: On master: IF @@TRANCOUNT > 0 COMMIT TRANSACTION
[0m14:30:20.017690 [debug] [MainThread]: SQL status: OK in 0.000 seconds
[0m14:30:20.017925 [debug] [MainThread]: On master: Close
[0m14:30:20.018237 [debug] [MainThread]: Connection 'master' was properly closed.
[0m14:30:20.018436 [debug] [MainThread]: Connection 'list_dbt_dev' was properly closed.
[0m14:30:20.018618 [debug] [MainThread]: Connection 'list_dbt_dev_dbo_dbo' was properly closed.
[0m14:30:20.018837 [debug] [MainThread]: Connection 'model.my_dbt_project.dim_geography' was properly closed.
[0m14:30:20.019065 [info ] [MainThread]: 
[0m14:30:20.019391 [info ] [MainThread]: Finished running 1 incremental model in 0 hours 0 minutes and 1.05 seconds (1.05s).
[0m14:30:20.020020 [debug] [MainThread]: Command end result
[0m14:30:20.054327 [debug] [MainThread]: Wrote artifact WritableManifest to C:\Users\nicjc\my_dbt_project\target\manifest.json
[0m14:30:20.057425 [debug] [MainThread]: Wrote artifact SemanticManifest to C:\Users\nicjc\my_dbt_project\target\semantic_manifest.json
[0m14:30:20.060349 [debug] [MainThread]: Wrote artifact OsiDocument to C:\Users\nicjc\my_dbt_project\target\osi_document.json
[0m14:30:20.067151 [debug] [MainThread]: Wrote artifact RunExecutionResult to C:\Users\nicjc\my_dbt_project\target\run_results.json
[0m14:30:20.067498 [info ] [MainThread]: 
[0m14:30:20.067971 [info ] [MainThread]: [32mCompleted successfully[0m
[0m14:30:20.068396 [info ] [MainThread]: 
[0m14:30:20.068813 [info ] [MainThread]: Done. PASS=1 WARN=0 ERROR=0 SKIP=0 NO-OP=0 REUSED=0 TOTAL=1
[0m14:30:20.069863 [debug] [MainThread]: Command `dbt run` succeeded at 14:30:20.069747 after 2.52 seconds
[0m14:30:20.070222 [debug] [MainThread]: Sending event: {'category': 'dbt', 'action': 'invocation', 'label': 'end', 'context': [<snowplow_tracker.self_describing_json.SelfDescribingJson object at 0x000002A56985B120>, <snowplow_tracker.self_describing_json.SelfDescribingJson object at 0x000002A5698394F0>, <snowplow_tracker.self_describing_json.SelfDescribingJson object at 0x000002A569839C70>]}
[0m14:30:20.070573 [debug] [MainThread]: Flushing usage events
[0m14:30:21.165799 [debug] [MainThread]: An error was encountered while trying to flush usage events
